[INFO] Scanning for projects...
[INFO]
[INFO] -----------------< com.pharmacy:inventory-management >------------------
[INFO] Building inventory-management 0.0.1-SNAPSHOT
[INFO]   from pom.xml
[INFO] --------------------------------[ jar ]---------------------------------
[INFO]
[INFO] >>> spring-boot:3.2.0:run (default-cli) > test-compile @ inventory-management >>>
[INFO]
[INFO] --- resources:3.3.1:resources (default-resources) @ inventory-management ---
[INFO] Copying 2 resources from src/main/resources to target/classes
[INFO] Copying 4 resources from src/main/resources to target/classes
[INFO]
[INFO] --- compiler:3.11.0:compile (default-compile) @ inventory-management ---
[INFO] Nothing to compile - all classes are up to date
[INFO]
[INFO] --- resources:3.3.1:testResources (default-testResources) @ inventory-management ---
[INFO] skip non existing resourceDirectory /app/src/test/resources
[INFO]
[INFO] --- compiler:3.11.0:testCompile (default-testCompile) @ inventory-management ---
[INFO] Nothing to compile - all classes are up to date
[INFO]
[INFO] <<< spring-boot:3.2.0:run (default-cli) < test-compile @ inventory-management <<<
[INFO]
[INFO]
[INFO] --- spring-boot:3.2.0:run (default-cli) @ inventory-management ---
[INFO] Attaching agents: []

  .   ____          _            __ _ _
 /\\ / ___'_ __ _ _(_)_ __  __ _ \ \ \ \
( ( )\___ | '_ | '_| | '_ \/ _` | \ \ \ \
 \\/  ___)| |_)| | | | | || (_| |  ) ) ) )
  '  |____| .__|_| |_|_| |_\__, | / / / /
 =========|_|==============|___/=/_/_/_/
 :: Spring Boot ::                (v3.2.0)

2026-08-15T18:24:57.826Z  INFO 260944 --- [pharmacy-inventory-management] [  restartedMain] c.p.i.InventoryManagementApplication     : Starting InventoryManagementApplication using Java 21.0.10 with PID 260944 (/app/target/classes started by jules in /app)
2026-08-15T18:24:57.828Z DEBUG 260944 --- [pharmacy-inventory-management] [  restartedMain] c.p.i.InventoryManagementApplication     : Running with Spring Boot v3.2.0, Spring v6.1.1
2026-08-15T18:24:57.829Z  INFO 260944 --- [pharmacy-inventory-management] [  restartedMain] c.p.i.InventoryManagementApplication     : No active profile set, falling back to 1 default profile: "default"
2026-08-15T18:24:57.885Z  INFO 260944 --- [pharmacy-inventory-management] [  restartedMain] .e.DevToolsPropertyDefaultsPostProcessor : Devtools property defaults active! Set 'spring.devtools.add-properties' to 'false' to disable
2026-08-15T18:24:57.885Z  INFO 260944 --- [pharmacy-inventory-management] [  restartedMain] .e.DevToolsPropertyDefaultsPostProcessor : For additional web related logging consider setting the 'logging.level.web' property to 'DEBUG'
2026-08-15T18:24:58.989Z  INFO 260944 --- [pharmacy-inventory-management] [  restartedMain] .s.d.r.c.RepositoryConfigurationDelegate : Bootstrapping Spring Data JPA repositories in DEFAULT mode.
2026-08-15T18:24:59.088Z  INFO 260944 --- [pharmacy-inventory-management] [  restartedMain] .s.d.r.c.RepositoryConfigurationDelegate : Finished Spring Data repository scanning in 90 ms. Found 6 JPA repository interfaces.
2026-08-15T18:24:59.800Z  INFO 260944 --- [pharmacy-inventory-management] [  restartedMain] o.s.b.w.embedded.tomcat.TomcatWebServer  : Tomcat initialized with port 8088 (http)
2026-08-15T18:24:59.812Z  INFO 260944 --- [pharmacy-inventory-management] [  restartedMain] o.apache.catalina.core.StandardService   : Starting service [Tomcat]
2026-08-15T18:24:59.813Z  INFO 260944 --- [pharmacy-inventory-management] [  restartedMain] o.apache.catalina.core.StandardEngine    : Starting Servlet engine: [Apache Tomcat/10.1.16]
2026-08-15T18:24:59.861Z  INFO 260944 --- [pharmacy-inventory-management] [  restartedMain] o.a.c.c.C.[Tomcat].[localhost].[/]       : Initializing Spring embedded WebApplicationContext
2026-08-15T18:24:59.862Z  INFO 260944 --- [pharmacy-inventory-management] [  restartedMain] w.s.c.ServletWebServerApplicationContext : Root WebApplicationContext: initialization completed in 1976 ms
2026-08-15T18:24:59.901Z  INFO 260944 --- [pharmacy-inventory-management] [  restartedMain] com.zaxxer.hikari.HikariDataSource       : HikariPool-1 - Starting...
2026-08-15T18:25:00.122Z  INFO 260944 --- [pharmacy-inventory-management] [  restartedMain] com.zaxxer.hikari.pool.HikariPool        : HikariPool-1 - Added connection conn0: url=jdbc:h2:mem:pharmacydb user=SA
2026-08-15T18:25:00.123Z  INFO 260944 --- [pharmacy-inventory-management] [  restartedMain] com.zaxxer.hikari.HikariDataSource       : HikariPool-1 - Start completed.
2026-08-15T18:25:00.137Z  INFO 260944 --- [pharmacy-inventory-management] [  restartedMain] o.s.b.a.h2.H2ConsoleAutoConfiguration    : H2 console available at '/h2-console'. Database available at 'jdbc:h2:mem:pharmacydb'
2026-08-15T18:25:00.265Z  INFO 260944 --- [pharmacy-inventory-management] [  restartedMain] o.hibernate.jpa.internal.util.LogHelper  : HHH000204: Processing PersistenceUnitInfo [name: default]
2026-08-15T18:25:00.317Z  INFO 260944 --- [pharmacy-inventory-management] [  restartedMain] org.hibernate.Version                    : HHH000412: Hibernate ORM core version 6.3.1.Final
2026-08-15T18:25:00.360Z  INFO 260944 --- [pharmacy-inventory-management] [  restartedMain] o.h.c.internal.RegionFactoryInitiator    : HHH000026: Second-level cache disabled
2026-08-15T18:25:00.619Z  INFO 260944 --- [pharmacy-inventory-management] [  restartedMain] o.s.o.j.p.SpringPersistenceUnitInfo      : No LoadTimeWeaver setup: ignoring JPA class transformer
2026-08-15T18:25:00.665Z  WARN 260944 --- [pharmacy-inventory-management] [  restartedMain] org.hibernate.orm.deprecation            : HHH90000025: H2Dialect does not need to be specified explicitly using 'hibernate.dialect' (remove the property setting and it will be selected by default)
2026-08-15T18:25:01.695Z  INFO 260944 --- [pharmacy-inventory-management] [  restartedMain] o.h.e.t.j.p.i.JtaPlatformInitiator       : HHH000489: No JTA platform available (set 'hibernate.transaction.jta.platform' to enable JTA platform integration)
Hibernate:
    drop table if exists categories cascade
Hibernate:
    drop table if exists medications cascade
Hibernate:
    drop table if exists sales cascade
Hibernate:
    drop table if exists suppliers cascade
Hibernate:
    drop table if exists users cascade
Hibernate:
    create table categories (
        created_at timestamp(6),
        id bigint generated by default as identity,
        updated_at timestamp(6),
        description varchar(500),
        name varchar(255) not null unique,
        primary key (id)
    )
Hibernate:
    create table medications (
        expiration_date date,
        is_deleted boolean,
        low_stock_threshold integer,
        price numeric(10,2) not null,
        quantity integer not null,
        category_id bigint,
        created_at timestamp(6),
        id bigint generated by default as identity,
        supplier_id bigint,
        updated_at timestamp(6),
        description varchar(1000),
        batch_number varchar(255),
        manufacturer varchar(255),
        name varchar(255) not null,
        type varchar(255),
        primary key (id)
    )
Hibernate:
    create table sales (
        cost_price numeric(10,2),
        quantity integer not null,
        sale_date date not null,
        total_price numeric(10,2) not null,
        unit_price numeric(10,2) not null,
        created_at timestamp(6),
        id bigint generated by default as identity,
        medication_id bigint not null,
        primary key (id)
    )
Hibernate:
    create table suppliers (
        active boolean default true not null,
        created_at timestamp(6),
        id bigint generated by default as identity,
        updated_at timestamp(6),
        address varchar(500),
        contact_person varchar(255),
        email varchar(255) not null unique,
        name varchar(255) not null,
        phone varchar(255) not null,
        primary key (id)
    )
Hibernate:
    create table users (
        created_at timestamp(6),
        id bigint generated by default as identity,
        email varchar(255) not null unique,
        full_name varchar(255) not null,
        password varchar(255) not null,
        role varchar(255) not null,
        primary key (id)
    )
Hibernate:
    alter table if exists medications
       add constraint FKmf1t7pw4h0df5jr8gld0uf05k
       foreign key (category_id)
       references categories
Hibernate:
    alter table if exists medications
       add constraint FK94rldjohkfmifdk13m2i03g70
       foreign key (supplier_id)
       references suppliers
Hibernate:
    alter table if exists sales
       add constraint FKaawj0sejy9oq9li56m5hum7tp
       foreign key (medication_id)
       references medications
2026-08-15T18:25:01.766Z  INFO 260944 --- [pharmacy-inventory-management] [  restartedMain] j.LocalContainerEntityManagerFactoryBean : Initialized JPA EntityManagerFactory for persistence unit 'default'
2026-08-15T18:25:02.237Z  INFO 260944 --- [pharmacy-inventory-management] [  restartedMain] o.s.d.j.r.query.QueryEnhancerFactory     : Hibernate is in classpath; If applicable, HQL parser will be used.
2026-08-15T18:25:03.022Z DEBUG 260944 --- [pharmacy-inventory-management] [  restartedMain] o.s.jdbc.datasource.init.ScriptUtils     : Executing SQL script from file [/app/target/classes/schema.sql]
2026-08-15T18:25:03.027Z DEBUG 260944 --- [pharmacy-inventory-management] [  restartedMain] o.s.jdbc.datasource.init.ScriptUtils     : 0 returned as update count for SQL: CREATE TABLE IF NOT EXISTS categories ( id BIGINT AUTO_INCREMENT PRIMARY KEY, name VARCHAR(255) NOT NULL UNIQUE, description VARCHAR(1000), created_at TIMESTAMP, updated_at TIMESTAMP )
2026-08-15T18:25:03.028Z DEBUG 260944 --- [pharmacy-inventory-management] [  restartedMain] o.s.jdbc.datasource.init.ScriptUtils     : 0 returned as update count for SQL: CREATE TABLE IF NOT EXISTS suppliers ( id BIGINT AUTO_INCREMENT PRIMARY KEY, name VARCHAR(255) NOT NULL, contact_person VARCHAR(255) NOT NULL, phone VARCHAR(50) NOT NULL, email VARCHAR(255), address VARCHAR(500), active BOOLEAN DEFAULT TRUE NOT NULL, created_at TIMESTAMP, updated_at TIMESTAMP )
2026-08-15T18:25:03.029Z DEBUG 260944 --- [pharmacy-inventory-management] [  restartedMain] o.s.jdbc.datasource.init.ScriptUtils     : 0 returned as update count for SQL: CREATE TABLE IF NOT EXISTS medications ( id BIGINT AUTO_INCREMENT PRIMARY KEY, name VARCHAR(255) NOT NULL UNIQUE, description VARCHAR(1000), quantity INTEGER NOT NULL, price DOUBLE PRECISION NOT NULL, expiration_date DATE, low_stock_threshold INTEGER DEFAULT 10, manufacturer VARCHAR(255), batch_number VARCHAR(100), type VARCHAR(50), is_deleted BOOLEAN DEFAULT FALSE, category_id BIGINT, supplier_id BIGINT, created_at TIMESTAMP, updated_at TIMESTAMP, FOREIGN KEY (category_id) REFERENCES categories(id), FOREIGN KEY (supplier_id) REFERENCES suppliers(id) )
2026-08-15T18:25:03.030Z DEBUG 260944 --- [pharmacy-inventory-management] [  restartedMain] o.s.jdbc.datasource.init.ScriptUtils     : 0 returned as update count for SQL: CREATE TABLE IF NOT EXISTS users ( id BIGINT AUTO_INCREMENT PRIMARY KEY, full_name VARCHAR(255) NOT NULL, email VARCHAR(255) NOT NULL UNIQUE, password VARCHAR(255) NOT NULL, role VARCHAR(50) NOT NULL, created_at TIMESTAMP )
2026-08-15T18:25:03.031Z DEBUG 260944 --- [pharmacy-inventory-management] [  restartedMain] o.s.jdbc.datasource.init.ScriptUtils     : 0 returned as update count for SQL: CREATE TABLE IF NOT EXISTS sales ( id BIGINT AUTO_INCREMENT PRIMARY KEY, sale_date DATE NOT NULL, quantity INTEGER NOT NULL, unit_price NUMERIC(10,2) NOT NULL, cost_price NUMERIC(10,2), total_price NUMERIC(10,2) NOT NULL, medication_id BIGINT NOT NULL, created_at TIMESTAMP, FOREIGN KEY (medication_id) REFERENCES medications(id) )
2026-08-15T18:25:03.032Z DEBUG 260944 --- [pharmacy-inventory-management] [  restartedMain] o.s.jdbc.datasource.init.ScriptUtils     : 0 returned as update count for SQL: CREATE INDEX IF NOT EXISTS idx_users_email ON users(email)
2026-08-15T18:25:03.033Z DEBUG 260944 --- [pharmacy-inventory-management] [  restartedMain] o.s.jdbc.datasource.init.ScriptUtils     : 0 returned as update count for SQL: CREATE INDEX IF NOT EXISTS idx_sales_date ON sales(sale_date)
2026-08-15T18:25:03.034Z DEBUG 260944 --- [pharmacy-inventory-management] [  restartedMain] o.s.jdbc.datasource.init.ScriptUtils     : 0 returned as update count for SQL: CREATE INDEX IF NOT EXISTS idx_sales_medication ON sales(medication_id)
2026-08-15T18:25:03.035Z DEBUG 260944 --- [pharmacy-inventory-management] [  restartedMain] o.s.jdbc.datasource.init.ScriptUtils     : 0 returned as update count for SQL: CREATE INDEX IF NOT EXISTS idx_medication_name ON medications(name)
2026-08-15T18:25:03.037Z DEBUG 260944 --- [pharmacy-inventory-management] [  restartedMain] o.s.jdbc.datasource.init.ScriptUtils     : 0 returned as update count for SQL: CREATE INDEX IF NOT EXISTS idx_medication_type ON medications(type)
2026-08-15T18:25:03.038Z DEBUG 260944 --- [pharmacy-inventory-management] [  restartedMain] o.s.jdbc.datasource.init.ScriptUtils     : 0 returned as update count for SQL: CREATE INDEX IF NOT EXISTS idx_medication_category ON medications(category_id)
2026-08-15T18:25:03.039Z DEBUG 260944 --- [pharmacy-inventory-management] [  restartedMain] o.s.jdbc.datasource.init.ScriptUtils     : 0 returned as update count for SQL: CREATE INDEX IF NOT EXISTS idx_medication_supplier ON medications(supplier_id)
2026-08-15T18:25:03.040Z DEBUG 260944 --- [pharmacy-inventory-management] [  restartedMain] o.s.jdbc.datasource.init.ScriptUtils     : 0 returned as update count for SQL: CREATE INDEX IF NOT EXISTS idx_category_name ON categories(name)
2026-08-15T18:25:03.041Z DEBUG 260944 --- [pharmacy-inventory-management] [  restartedMain] o.s.jdbc.datasource.init.ScriptUtils     : 0 returned as update count for SQL: CREATE INDEX IF NOT EXISTS idx_supplier_name ON suppliers(name)
2026-08-15T18:25:03.043Z DEBUG 260944 --- [pharmacy-inventory-management] [  restartedMain] o.s.jdbc.datasource.init.ScriptUtils     : Executed SQL script from file [/app/target/classes/schema.sql] in 19 ms.
2026-08-15T18:25:03.044Z DEBUG 260944 --- [pharmacy-inventory-management] [  restartedMain] o.s.jdbc.datasource.init.ScriptUtils     : Executing SQL script from file [/app/target/classes/data.sql]
2026-08-15T18:25:03.049Z DEBUG 260944 --- [pharmacy-inventory-management] [  restartedMain] o.s.jdbc.datasource.init.ScriptUtils     : 0 returned as update count for SQL: DELETE FROM sales
2026-08-15T18:25:03.049Z DEBUG 260944 --- [pharmacy-inventory-management] [  restartedMain] o.s.jdbc.datasource.init.ScriptUtils     : 0 returned as update count for SQL: DELETE FROM medications
2026-08-15T18:25:03.050Z DEBUG 260944 --- [pharmacy-inventory-management] [  restartedMain] o.s.jdbc.datasource.init.ScriptUtils     : 0 returned as update count for SQL: DELETE FROM categories
2026-08-15T18:25:03.050Z DEBUG 260944 --- [pharmacy-inventory-management] [  restartedMain] o.s.jdbc.datasource.init.ScriptUtils     : 0 returned as update count for SQL: DELETE FROM suppliers
2026-08-15T18:25:03.050Z DEBUG 260944 --- [pharmacy-inventory-management] [  restartedMain] o.s.jdbc.datasource.init.ScriptUtils     : 0 returned as update count for SQL: DELETE FROM users
2026-08-15T18:25:03.060Z DEBUG 260944 --- [pharmacy-inventory-management] [  restartedMain] o.s.jdbc.datasource.init.ScriptUtils     : 15 returned as update count for SQL: INSERT INTO categories (id, name, description, created_at, updated_at) VALUES (1, 'Analgesics & Pain Relief', 'Pain relief and anti-inflammatory medications', CURRENT_TIMESTAMP, CURRENT_TIMESTAMP), (2, 'Fever & Cold', 'Antipyretics, cold, cough, and decongestants', CURRENT_TIMESTAMP, CURRENT_TIMESTAMP), (3, 'Antibiotics & Antifungals', 'Anti-bacterial and anti-fungal treatments', CURRENT_TIMESTAMP, CURRENT_TIMESTAMP), (4, 'Antacids & Gastrointestinal', 'Medications for acidity, GERD, and digestion', CURRENT_TIMESTAMP, CURRENT_TIMESTAMP), (5, 'Antihistamines & Allergy', 'Allergy relief and anti-histamine drugs', CURRENT_TIMESTAMP, CURRENT_TIMESTAMP), (6, 'Vitamins & Supplements', 'Nutritional supplements and mineral formulas', CURRENT_TIMESTAMP, CURRENT_TIMESTAMP), (7, 'Antidiabetics', 'Blood sugar control and diabetes management', CURRENT_TIMESTAMP, CURRENT_TIMESTAMP), (8, 'Cardiovascular & BP', 'Hypertension, heart, and cholesterol medications', CURRENT_TIMESTAMP, CURRENT_TIMESTAMP), (9, 'Skin Care & Topical', 'Creams, ointments, and dermatological remedies', CURRENT_TIMESTAMP, CURRENT_TIMESTAMP), (10, 'Eye & Ear Care', 'Ophthalmic and otic drops', CURRENT_TIMESTAMP, CURRENT_TIMESTAMP), (11, 'First Aid & Antiseptics', 'Disinfectants, bandages, and wound care', CURRENT_TIMESTAMP, CURRENT_TIMESTAMP), (12, 'Respiratory & Asthma', 'Inhalers, bronchodilators, and lung care', CURRENT_TIMESTAMP, CURRENT_TIMESTAMP), (13, 'Hormones & Steroids', 'Endocrine treatments and anti-inflammatory steroids', CURRENT_TIMESTAMP, CURRENT_TIMESTAMP), (14, 'CNS & Psychiatric', 'Neurological, anti-anxiety, and sleep aids', CURRENT_TIMESTAMP, CURRENT_TIMESTAMP), (15, 'Muscle Relaxants', 'Treatments for muscle spasms and stiffness', CURRENT_TIMESTAMP, CURRENT_TIMESTAMP)
2026-08-15T18:25:03.063Z DEBUG 260944 --- [pharmacy-inventory-management] [  restartedMain] o.s.jdbc.datasource.init.ScriptUtils     : 10 returned as update count for SQL: INSERT INTO suppliers (id, name, contact_person, phone, email, address, active, created_at, updated_at) VALUES (1, 'Apollo Pharmacy Distributors', 'Rajesh Sharma', '+91 98765 43210', 'rajesh@apollodist.in', '12, Link Road, Andheri West, Mumbai, Maharashtra 400053', true, CURRENT_TIMESTAMP, CURRENT_TIMESTAMP), (2, 'MedPlus Logistics', 'Sunil Verma', '+91 91234 56789', 'sunil@medplus.co.in', '45, MG Road, Indiranagar, Bengaluru, Karnataka 560038', true, CURRENT_TIMESTAMP, CURRENT_TIMESTAMP), (3, 'Cipla Supply Chain Ltd', 'Priya Patel', '+91 99887 66554', 'priya.patel@cipla-supply.in', '78, CG Road, Navrangpura, Ahmedabad, Gujarat 380009', true, CURRENT_TIMESTAMP, CURRENT_TIMESTAMP), (4, 'Sun Pharma Wholesalers', 'Amitabh Roy', '+91 98112 23344', 'amitabh@sunwholesalers.in', '102, Connaught Place, New Delhi, Delhi 110001', true, CURRENT_TIMESTAMP, CURRENT_TIMESTAMP), (5, 'Dr Reddys Pharma Depot', 'Kavita Reddy', '+91 97001 12233', 'kavita@drreddysdepot.in', '33, Banjara Hills, Road No 12, Hyderabad, Telangana 500034', true, CURRENT_TIMESTAMP, CURRENT_TIMESTAMP), (6, 'Mankind Pharma Supply', 'Vikram Singh', '+91 98450 98450', 'vikram@mankindsupply.in', '56, Park Street, Kolkata, West Bengal 700016', true, CURRENT_TIMESTAMP, CURRENT_TIMESTAMP), (7, 'Lupin Medical Agencies', 'Sanjay Kulkarni', '+91 98220 12345', 'sanjay@lupinagencies.in', '88, FC Road, Shivajinagar, Pune, Maharashtra 411005', true, CURRENT_TIMESTAMP, CURRENT_TIMESTAMP), (8, 'Zydus Health Distributors', 'Anil Mehta', '+91 99000 55443', 'anil@zydusdist.in', '21, SG Highway, Thaltej, Ahmedabad, Gujarat 380054', true, CURRENT_TIMESTAMP, CURRENT_TIMESTAMP), (9, 'Torrent Pharma Depot', 'Meena Iyer', '+91 94440 11223', 'meena@torrentdepot.in', '14, Anna Salai, T Nagar, Chennai, Tamil Nadu 600017', true, CURRENT_TIMESTAMP, CURRENT_TIMESTAMP), (10, 'Alkem Pharma Services', 'Rohan Gupta', '+91 98300 77889', 'rohan@alkemservices.in', '67, Boring Road, Patna, Bihar 800001', true, CURRENT_TIMESTAMP, CURRENT_TIMESTAMP)
2026-08-15T18:25:03.093Z DEBUG 260944 --- [pharmacy-inventory-management] [  restartedMain] o.s.jdbc.datasource.init.ScriptUtils     : 52 returned as update count for SQL: INSERT INTO medications (id, name, manufacturer, price, quantity, low_stock_threshold, expiration_date, type, description, batch_number, category_id, supplier_id, is_deleted, created_at, updated_at) VALUES (1, 'Dolo 650mg Tablet', 'Micro Labs Ltd', 30.50, 150, 20, DATEADD('DAY', -5, CURRENT_DATE), 'TABLET', 'Paracetamol 650mg used for fever and mild to moderate pain relief.', 'BATCH-IN-001', 2, 1, false, CURRENT_TIMESTAMP, CURRENT_TIMESTAMP), (2, 'Crocin 500mg Tablet', 'GlaxoSmithKline', 24.00, 120, 15, DATEADD('DAY', -2, CURRENT_DATE), 'TABLET', 'Fast acting analgesic and antipyretic for fever and headache.', 'BATCH-IN-002', 2, 1, false, CURRENT_TIMESTAMP, CURRENT_TIMESTAMP), (3, 'Combiflam Tablet', 'Sanofi India', 45.00, 5, 15, DATEADD('DAY', 3, CURRENT_DATE), 'TABLET', 'Ibuprofen 400mg + Paracetamol 325mg combination for joint and muscle pain.', 'BATCH-IN-003', 1, 2, false, CURRENT_TIMESTAMP, CURRENT_TIMESTAMP), (4, 'Zerodol-SP Tablet', 'Ipca Laboratories', 115.00, 80, 15, DATEADD('DAY', 5, CURRENT_DATE), 'TABLET', 'Aceclofenac 100mg + Paracetamol 325mg + Serratiopeptidase 15mg for swelling and pain.', 'BATCH-IN-004', 1, 3, false, CURRENT_TIMESTAMP, CURRENT_TIMESTAMP), (5, 'Sumo 100mg/325mg Tablet', 'Alkem Laboratories', 88.00, 4, 10, DATEADD('DAY', 12, CURRENT_DATE), 'TABLET', 'Nimesulide + Paracetamol combination for acute pain and inflammatory fever.', 'BATCH-IN-005', 1, 10, false, CURRENT_TIMESTAMP, CURRENT_TIMESTAMP), (6, 'Pan 40mg Tablet', 'Alkem Laboratories', 155.00, 90, 15, DATEADD('DAY', 18, CURRENT_DATE), 'TABLET', 'Pantoprazole gastro-resistant tablet for hyperacidity, GERD, and stomach ulcers.', 'BATCH-IN-006', 4, 10, false, CURRENT_TIMESTAMP, CURRENT_TIMESTAMP), (7, 'Pantocid D SR Capsule', 'Sun Pharma', 198.50, 60, 10, DATEADD('DAY', 25, CURRENT_DATE), 'CAPSULE', 'Pantoprazole 40mg + Domperidone 30mg SR for acidity with nausea.', 'BATCH-IN-007', 4, 4, false, CURRENT_TIMESTAMP, CURRENT_TIMESTAMP), (8, 'Omez 20mg Capsule', 'Dr Reddys Laboratories', 62.00, 110, 20, DATEADD('DAY', 28, CURRENT_DATE), 'CAPSULE', 'Omeprazole 20mg for peptic ulcer disease and heartburn relief.', 'BATCH-IN-008', 4, 5, false, CURRENT_TIMESTAMP, CURRENT_TIMESTAMP), (9, 'Digene Gel Syrup 200ml', 'Abbott India', 142.00, 35, 8, DATEADD('DAY', 45, CURRENT_DATE), 'SYRUP', 'Antacid liquid providing quick relief from acidity, gas, and bloat.', 'BATCH-IN-009', 4, 2, false, CURRENT_TIMESTAMP, CURRENT_TIMESTAMP), (10, 'Gelusil MPS Syrup 200ml', 'Pfizer India', 130.00, 40, 10, DATEADD('DAY', 60, CURRENT_DATE), 'SYRUP', 'Antacid and anti-flatulent liquid syrup for stomach acidity.', 'BATCH-IN-010', 4, 2, false, CURRENT_TIMESTAMP, CURRENT_TIMESTAMP), (11, 'Azithral 500mg Tablet', 'Alembic Pharmaceuticals', 121.50, 45, 10, DATEADD('DAY', 90, CURRENT_DATE), 'TABLET', 'Azithromycin 500mg antibiotic for throat, chest, and skin infections.', 'BATCH-IN-011', 3, 1, false, CURRENT_TIMESTAMP, CURRENT_TIMESTAMP), (12, 'Moxikind-CV 625 Tablet', 'Mankind Pharma', 204.00, 70, 15, DATEADD('DAY', 120, CURRENT_DATE), 'TABLET', 'Amoxicillin 500mg + Clavulanic Acid 125mg broad spectrum antibiotic.', 'BATCH-IN-012', 3, 6, false, CURRENT_TIMESTAMP, CURRENT_TIMESTAMP), (13, 'Augmentin 625 Duo Tablet', 'GlaxoSmithKline', 223.00, 65, 12, DATEADD('DAY', 150, CURRENT_DATE), 'TABLET', 'Potent antibacterial for severe respiratory, urinary, and dental infections.', 'BATCH-IN-013', 3, 1, false, CURRENT_TIMESTAMP, CURRENT_TIMESTAMP), (14, 'Ciplox 500mg Tablet', 'Cipla Ltd', 42.00, 85, 20, DATEADD('DAY', 180, CURRENT_DATE), 'TABLET', 'Ciprofloxacin 500mg fluoroquinolone antibiotic.', 'BATCH-IN-014', 3, 3, false, CURRENT_TIMESTAMP, CURRENT_TIMESTAMP), (15, 'Taxim-O 200mg Tablet', 'Alkem Laboratories', 112.00, 50, 10, DATEADD('DAY', 200, CURRENT_DATE), 'TABLET', 'Cefixime 200mg oral cephalosporin antibiotic.', 'BATCH-IN-015', 3, 10, false, CURRENT_TIMESTAMP, CURRENT_TIMESTAMP), (16, 'Azee 500mg Tablet', 'Cipla Ltd', 118.00, 55, 12, DATEADD('DAY', 210, CURRENT_DATE), 'TABLET', 'Azithromycin tablet for bacterial respiratory tract infections.', 'BATCH-IN-016', 3, 3, false, CURRENT_TIMESTAMP, CURRENT_TIMESTAMP), (17, 'Allegra 120mg Tablet', 'Sanofi India', 210.00, 40, 10, DATEADD('DAY', 240, CURRENT_DATE), 'TABLET', 'Fexofenadine 120mg non-drowsy anti-allergy medication.', 'BATCH-IN-017', 5, 2, false, CURRENT_TIMESTAMP, CURRENT_TIMESTAMP), (18, 'Cetzine 10mg Tablet', 'Dr Reddys Laboratories', 22.00, 140, 25, DATEADD('DAY', 270, CURRENT_DATE), 'TABLET', 'Cetirizine 10mg for allergic rhinitis, sneezing, and hives.', 'BATCH-IN-018', 5, 5, false, CURRENT_TIMESTAMP, CURRENT_TIMESTAMP), (19, 'Levocet 5mg Tablet', 'Cipla Ltd', 48.00, 100, 20, DATEADD('DAY', 300, CURRENT_DATE), 'TABLET', 'Levocetirizine 5mg for allergic cold and skin allergies.', 'BATCH-IN-019', 5, 3, false, CURRENT_TIMESTAMP, CURRENT_TIMESTAMP), (20, 'Avil 25mg Tablet', 'Sanofi India', 12.50, 200, 30, DATEADD('DAY', 330, CURRENT_DATE), 'TABLET', 'Pheniramine maleate anti-allergy tablet for itching and motion sickness.', 'BATCH-IN-020', 5, 2, false, CURRENT_TIMESTAMP, CURRENT_TIMESTAMP), (21, 'Ascoril LS Syrup 100ml', 'Glenmark Pharmaceuticals', 118.00, 50, 12, DATEADD('DAY', 360, CURRENT_DATE), 'SYRUP', 'Levosalbutamol + Ambroxol + Guaiphenesin mucolytic cough syrup for wet cough.', 'BATCH-IN-021', 2, 7, false, CURRENT_TIMESTAMP, CURRENT_TIMESTAMP), (22, 'Benadryl Cough Syrup 150ml', 'Johnson & Johnson', 135.00, 60, 15, DATEADD('DAY', 380, CURRENT_DATE), 'SYRUP', 'Soothes dry cough and throat irritation.', 'BATCH-IN-022', 2, 1, false, CURRENT_TIMESTAMP, CURRENT_TIMESTAMP), (23, 'Alex Cough Syrup 100ml', 'Glenmark Pharmaceuticals', 125.00, 45, 10, DATEADD('DAY', 400, CURRENT_DATE), 'SYRUP', 'Dextromethorphan + Chlorpheniramine dry cough formula.', 'BATCH-IN-023', 2, 7, false, CURRENT_TIMESTAMP, CURRENT_TIMESTAMP), (24, 'Glycomet 500mg Tablet', 'USV Private Ltd', 32.00, 180, 30, DATEADD('DAY', 420, CURRENT_DATE), 'TABLET', 'Metformin 500mg for type-2 diabetes blood sugar management.', 'BATCH-IN-024', 7, 2, false, CURRENT_TIMESTAMP, CURRENT_TIMESTAMP), (25, 'Glycomet GP 2 Tablet', 'USV Private Ltd', 145.00, 90, 15, DATEADD('DAY', 450, CURRENT_DATE), 'TABLET', 'Metformin 500mg + Glimepiride 2mg dual diabetes control.', 'BATCH-IN-025', 7, 2, false, CURRENT_TIMESTAMP, CURRENT_TIMESTAMP), (26, 'Janumet 50mg/500mg Tablet', 'MSD India', 580.00, 30, 8, DATEADD('DAY', 480, CURRENT_DATE), 'TABLET', 'Sitagliptin + Metformin advanced oral antidiabetic.', 'BATCH-IN-026', 7, 4, false, CURRENT_TIMESTAMP, CURRENT_TIMESTAMP), (27, 'Amlokind 5mg Tablet', 'Mankind Pharma', 18.50, 220, 30, DATEADD('DAY', 500, CURRENT_DATE), 'TABLET', 'Amlodipine 5mg calcium channel blocker for hypertension.', 'BATCH-IN-027', 8, 6, false, CURRENT_TIMESTAMP, CURRENT_TIMESTAMP), (28, 'Telmikind 40mg Tablet', 'Mankind Pharma', 52.00, 130, 20, DATEADD('DAY', 520, CURRENT_DATE), 'TABLET', 'Telmisartan 40mg angiotensin receptor blocker for BP control.', 'BATCH-IN-028', 8, 6, false, CURRENT_TIMESTAMP, CURRENT_TIMESTAMP), (29, 'Losar 50mg Tablet', 'Torrent Pharmaceuticals', 86.00, 95, 15, DATEADD('DAY', 540, CURRENT_DATE), 'TABLET', 'Losartan potassium 50mg for high blood pressure.', 'BATCH-IN-029', 8, 9, false, CURRENT_TIMESTAMP, CURRENT_TIMESTAMP), (30, 'Ciplar 10mg Tablet', 'Cipla Ltd', 24.50, 110, 20, DATEADD('DAY', 560, CURRENT_DATE), 'TABLET', 'Propranolol 10mg beta-blocker for BP and anxiety tremors.', 'BATCH-IN-030', 8, 3, false, CURRENT_TIMESTAMP, CURRENT_TIMESTAMP), (31, 'Atorva 10mg Tablet', 'Zydus Cadila', 98.00, 85, 15, DATEADD('DAY', 580, CURRENT_DATE), 'TABLET', 'Atorvastatin 10mg for cholesterol management.', 'BATCH-IN-031', 8, 8, false, CURRENT_TIMESTAMP, CURRENT_TIMESTAMP), (32, 'Ecosprin 75mg Tablet', 'USV Private Ltd', 9.50, 300, 50, DATEADD('DAY', 600, CURRENT_DATE), 'TABLET', 'Low-dose Aspirin 75mg blood thinner for heart health.', 'BATCH-IN-032', 8, 2, false, CURRENT_TIMESTAMP, CURRENT_TIMESTAMP), (33, 'Becosules Capsules (20s)', 'Pfizer India', 50.00, 160, 25, DATEADD('DAY', 620, CURRENT_DATE), 'CAPSULE', 'B-Complex with Vitamin C for immunity, mouth ulcers, and energy.', 'BATCH-IN-033', 6, 2, false, CURRENT_TIMESTAMP, CURRENT_TIMESTAMP), (34, 'Limcee 500mg Chewable Tablet', 'Abbott India', 25.50, 250, 40, DATEADD('DAY', 640, CURRENT_DATE), 'TABLET', 'Vitamin C 500mg chewable tablets for immunity.', 'BATCH-IN-034', 6, 2, false, CURRENT_TIMESTAMP, CURRENT_TIMESTAMP), (35, 'Shelcal 500mg Tablet', 'Torrent Pharmaceuticals', 132.00, 110, 20, DATEADD('DAY', 660, CURRENT_DATE), 'TABLET', 'Calcium 500mg + Vitamin D3 250IU for bone density.', 'BATCH-IN-035', 6, 9, false, CURRENT_TIMESTAMP, CURRENT_TIMESTAMP), (36, 'Urisept 100mg Capsule', 'Lupin Ltd', 165.00, 40, 10, DATEADD('DAY', 680, CURRENT_DATE), 'CAPSULE', 'Nitrofurantoin for urinary tract infections.', 'BATCH-IN-036', 3, 7, false, CURRENT_TIMESTAMP, CURRENT_TIMESTAMP), (37, 'Electral ORS Sachet 21.8g', 'FDC Ltd', 22.00, 400, 50, DATEADD('DAY', 700, CURRENT_DATE), 'POWDER', 'WHO formula Oral Rehydration Salts for dehydration and diarrhea.', 'BATCH-IN-037', 6, 1, false, CURRENT_TIMESTAMP, CURRENT_TIMESTAMP), (38, 'Betadine 10% Ointment 15g', 'Win-Medicare', 72.00, 80, 15, DATEADD('DAY', 720, CURRENT_DATE), 'CREAM', 'Povidone-Iodine antiseptic ointment for wounds and cuts.', 'BATCH-IN-038', 11, 4, false, CURRENT_TIMESTAMP, CURRENT_TIMESTAMP), (39, 'Volini Pain Relief Gel 30g', 'Sun Pharma', 145.00, 65, 12, DATEADD('DAY', 740, CURRENT_DATE), 'GEL', 'Diclofenac gel for quick joint, neck, and back pain relief.', 'BATCH-IN-039', 1, 4, false, CURRENT_TIMESTAMP, CURRENT_TIMESTAMP), (40, 'Omnigel 30g Tube', 'Cipla Ltd', 110.00, 75, 15, DATEADD('DAY', 760, CURRENT_DATE), 'GEL', 'Topical pain relief gel for sprains and strains.', 'BATCH-IN-040', 1, 3, false, CURRENT_TIMESTAMP, CURRENT_TIMESTAMP), (41, 'Candid B Cream 20g', 'Glenmark Pharmaceuticals', 185.00, 50, 10, DATEADD('DAY', 780, CURRENT_DATE), 'CREAM', 'Clotrimazole + Beclomethasone for fungal skin infections.', 'BATCH-IN-041', 9, 7, false, CURRENT_TIMESTAMP, CURRENT_TIMESTAMP), (42, 'Boroline Antiseptic Cream 20g', 'G D Pharmaceuticals', 42.00, 120, 20, DATEADD('DAY', 800, CURRENT_DATE), 'CREAM', 'Ayurvedic antiseptic cream for dry skin and minor cuts.', 'BATCH-IN-042', 9, 6, false, CURRENT_TIMESTAMP, CURRENT_TIMESTAMP), (43, 'Otrivin Adult Nasal Drops 10ml', 'GlaxoSmithKline', 108.00, 70, 15, DATEADD('DAY', 820, CURRENT_DATE), 'DROPS', 'Xylometazoline nasal decongestant for blocked nose.', 'BATCH-IN-043', 2, 1, false, CURRENT_TIMESTAMP, CURRENT_TIMESTAMP), (44, 'Ciplox Eye/Ear Drops 10ml', 'Cipla Ltd', 21.00, 150, 25, DATEADD('DAY', 840, CURRENT_DATE), 'DROPS', 'Ciprofloxacin eye and ear antibacterial drops.', 'BATCH-IN-044', 10, 3, false, CURRENT_TIMESTAMP, CURRENT_TIMESTAMP), (45, 'Asthalin Inhaler 100mcg', 'Cipla Ltd', 162.00, 45, 10, DATEADD('DAY', 860, CURRENT_DATE), 'INHALER', 'Salbutamol inhaler for asthma and bronchospasm relief.', 'BATCH-IN-045', 12, 3, false, CURRENT_TIMESTAMP, CURRENT_TIMESTAMP), (46, 'Foracort 200 Synchrobreathe', 'Cipla Ltd', 525.00, 25, 5, DATEADD('DAY', 880, CURRENT_DATE), 'INHALER', 'Formoterol + Budesonide breath-actuated inhaler for asthma.', 'BATCH-IN-046', 12, 3, false, CURRENT_TIMESTAMP, CURRENT_TIMESTAMP), (47, 'Deriphyllin Retard 150mg', 'Zydus Healthcare', 34.00, 110, 20, DATEADD('DAY', 900, CURRENT_DATE), 'TABLET', 'Etofylline + Theophylline for asthma and chronic bronchitis.', 'BATCH-IN-047', 12, 8, false, CURRENT_TIMESTAMP, CURRENT_TIMESTAMP), (48, 'Thyronorm 50mcg Tablet', 'Abbott India', 185.00, 100, 15, DATEADD('DAY', 920, CURRENT_DATE), 'TABLET', 'Levothyroxine sodium for hypothyroidism management.', 'BATCH-IN-048', 13, 2, false, CURRENT_TIMESTAMP, CURRENT_TIMESTAMP), (49, 'Dexamethasone 0.5mg Tablet', 'Zydus Cadila', 8.50, 300, 50, DATEADD('DAY', 940, CURRENT_DATE), 'TABLET', 'Corticosteroid for severe allergic and inflammatory conditions.', 'BATCH-IN-049', 13, 8, false, CURRENT_TIMESTAMP, CURRENT_TIMESTAMP), (50, 'Myospaz Tablet', 'Win-Medicare', 168.00, 60, 10, DATEADD('DAY', 960, CURRENT_DATE), 'TABLET', 'Paracetamol + Chlorzoxazone muscle relaxant for back pain.', 'BATCH-IN-050', 15, 4, false, CURRENT_TIMESTAMP, CURRENT_TIMESTAMP), (51, 'Alprax 0.25mg Tablet', 'Torrent Pharmaceuticals', 29.00, 90, 15, DATEADD('DAY', 980, CURRENT_DATE), 'TABLET', 'Alprazolam 0.25mg for anxiety and panic disorders.', 'BATCH-IN-051', 14, 9, false, CURRENT_TIMESTAMP, CURRENT_TIMESTAMP), (52, 'Evion 400mg Capsule', 'Procter & Gamble Health', 38.50, 180, 25, DATEADD('DAY', 1000, CURRENT_DATE), 'CAPSULE', 'Vitamin E 400mg capsule for skin, hair, and antioxidant protection.', 'BATCH-IN-052', 6, 2, false, CURRENT_TIMESTAMP, CURRENT_TIMESTAMP)
2026-08-15T18:25:03.099Z DEBUG 260944 --- [pharmacy-inventory-management] [  restartedMain] o.s.jdbc.datasource.init.ScriptUtils     : 10 returned as update count for SQL: INSERT INTO sales (sale_date, quantity, unit_price, cost_price, total_price, medication_id, created_at) VALUES (CURRENT_DATE, 5, 30.50, 21.35, 152.50, 1, CURRENT_TIMESTAMP), (CURRENT_DATE, 3, 155.00, 108.50, 465.00, 6, CURRENT_TIMESTAMP), (DATEADD('DAY', -1, CURRENT_DATE), 2, 204.00, 142.80, 408.00, 12, CURRENT_TIMESTAMP), (DATEADD('DAY', -2, CURRENT_DATE), 4, 132.00, 92.40, 528.00, 35, CURRENT_TIMESTAMP), (DATEADD('DAY', -3, CURRENT_DATE), 10, 24.00, 16.80, 240.00, 2, CURRENT_TIMESTAMP), (DATEADD('DAY', -4, CURRENT_DATE), 1, 525.00, 367.50, 525.00, 46, CURRENT_TIMESTAMP), (DATEADD('DAY', -5, CURRENT_DATE), 6, 25.50, 17.85, 153.00, 34, CURRENT_TIMESTAMP), (DATEADD('DAY', -6, CURRENT_DATE), 2, 198.50, 138.95, 397.00, 7, CURRENT_TIMESTAMP), (DATEADD('MONTH', -1, CURRENT_DATE), 15, 30.50, 21.35, 457.50, 1, CURRENT_TIMESTAMP), (DATEADD('MONTH', -2, CURRENT_DATE), 20, 45.00, 31.50, 900.00, 3, CURRENT_TIMESTAMP)
2026-08-15T18:25:03.099Z DEBUG 260944 --- [pharmacy-inventory-management] [  restartedMain] o.s.jdbc.datasource.init.ScriptUtils     : Executed SQL script from file [/app/target/classes/data.sql] in 55 ms.
2026-08-15T18:25:03.792Z  WARN 260944 --- [pharmacy-inventory-management] [  restartedMain] JpaBaseConfiguration$JpaWebConfiguration : spring.jpa.open-in-view is enabled by default. Therefore, database queries may be performed during view rendering. Explicitly configure spring.jpa.open-in-view to disable this warning
2026-08-15T18:25:03.818Z  INFO 260944 --- [pharmacy-inventory-management] [  restartedMain] o.s.b.a.w.s.WelcomePageHandlerMapping    : Adding welcome page: class path resource [static/index.html]
2026-08-15T18:25:04.180Z  WARN 260944 --- [pharmacy-inventory-management] [  restartedMain] o.s.b.d.a.OptionalLiveReloadServer       : Unable to start LiveReload server
2026-08-15T18:25:04.216Z  INFO 260944 --- [pharmacy-inventory-management] [  restartedMain] o.s.b.w.embedded.tomcat.TomcatWebServer  : Tomcat started on port 8088 (http) with context path ''
2026-08-15T18:25:04.225Z  INFO 260944 --- [pharmacy-inventory-management] [  restartedMain] c.p.i.InventoryManagementApplication     : Started InventoryManagementApplication in 6.934 seconds (process running for 7.509)
2026-08-15T18:25:24.371Z  INFO 260944 --- [pharmacy-inventory-management] [nio-8088-exec-1] o.a.c.c.C.[Tomcat].[localhost].[/]       : Initializing Spring DispatcherServlet 'dispatcherServlet'
2026-08-15T18:25:24.372Z  INFO 260944 --- [pharmacy-inventory-management] [nio-8088-exec-1] o.s.web.servlet.DispatcherServlet        : Initializing Servlet 'dispatcherServlet'
2026-08-15T18:25:24.374Z  INFO 260944 --- [pharmacy-inventory-management] [nio-8088-exec-1] o.s.web.servlet.DispatcherServlet        : Completed initialization in 2 ms
Hibernate:
    select
        m1_0.id,
        m1_0.batch_number,
        m1_0.category_id,
        m1_0.created_at,
        m1_0.is_deleted,
        m1_0.description,
        m1_0.expiration_date,
        m1_0.low_stock_threshold,
        m1_0.manufacturer,
        m1_0.name,
        m1_0.price,
        m1_0.quantity,
        m1_0.supplier_id,
        m1_0.type,
        m1_0.updated_at
    from
        medications m1_0
    where
        not(m1_0.is_deleted)
Hibernate:
    select
        c1_0.id,
        c1_0.created_at,
        c1_0.description,
        c1_0.name,
        c1_0.updated_at
    from
        categories c1_0
    where
        c1_0.id=?
Hibernate:
    select
        s1_0.id,
        s1_0.active,
        s1_0.address,
        s1_0.contact_person,
        s1_0.created_at,
        s1_0.email,
        s1_0.name,
        s1_0.phone,
        s1_0.updated_at
    from
        suppliers s1_0
    where
        s1_0.id=?
Hibernate:
    select
        c1_0.id,
        c1_0.created_at,
        c1_0.description,
        c1_0.name,
        c1_0.updated_at
    from
        categories c1_0
    where
        c1_0.id=?
Hibernate:
    select
        s1_0.id,
        s1_0.active,
        s1_0.address,
        s1_0.contact_person,
        s1_0.created_at,
        s1_0.email,
        s1_0.name,
        s1_0.phone,
        s1_0.updated_at
    from
        suppliers s1_0
    where
        s1_0.id=?
Hibernate:
    select
        s1_0.id,
        s1_0.active,
        s1_0.address,
        s1_0.contact_person,
        s1_0.created_at,
        s1_0.email,
        s1_0.name,
        s1_0.phone,
        s1_0.updated_at
    from
        suppliers s1_0
    where
        s1_0.id=?
Hibernate:
    select
        s1_0.id,
        s1_0.active,
        s1_0.address,
        s1_0.contact_person,
        s1_0.created_at,
        s1_0.email,
        s1_0.name,
        s1_0.phone,
        s1_0.updated_at
    from
        suppliers s1_0
    where
        s1_0.id=?
Hibernate:
    select
        c1_0.id,
        c1_0.created_at,
        c1_0.description,
        c1_0.name,
        c1_0.updated_at
    from
        categories c1_0
    where
        c1_0.id=?
Hibernate:
    select
        s1_0.id,
        s1_0.active,
        s1_0.address,
        s1_0.contact_person,
        s1_0.created_at,
        s1_0.email,
        s1_0.name,
        s1_0.phone,
        s1_0.updated_at
    from
        suppliers s1_0
    where
        s1_0.id=?
Hibernate:
    select
        s1_0.id,
        s1_0.active,
        s1_0.address,
        s1_0.contact_person,
        s1_0.created_at,
        s1_0.email,
        s1_0.name,
        s1_0.phone,
        s1_0.updated_at
    from
        suppliers s1_0
    where
        s1_0.id=?
Hibernate:
    select
        c1_0.id,
        c1_0.created_at,
        c1_0.description,
        c1_0.name,
        c1_0.updated_at
    from
        categories c1_0
    where
        c1_0.id=?
Hibernate:
    select
        s1_0.id,
        s1_0.active,
        s1_0.address,
        s1_0.contact_person,
        s1_0.created_at,
        s1_0.email,
        s1_0.name,
        s1_0.phone,
        s1_0.updated_at
    from
        suppliers s1_0
    where
        s1_0.id=?
Hibernate:
    select
        c1_0.id,
        c1_0.created_at,
        c1_0.description,
        c1_0.name,
        c1_0.updated_at
    from
        categories c1_0
    where
        c1_0.id=?
Hibernate:
    select
        s1_0.id,
        s1_0.active,
        s1_0.address,
        s1_0.contact_person,
        s1_0.created_at,
        s1_0.email,
        s1_0.name,
        s1_0.phone,
        s1_0.updated_at
    from
        suppliers s1_0
    where
        s1_0.id=?
Hibernate:
    select
        c1_0.id,
        c1_0.created_at,
        c1_0.description,
        c1_0.name,
        c1_0.updated_at
    from
        categories c1_0
    where
        c1_0.id=?
Hibernate:
    select
        c1_0.id,
        c1_0.created_at,
        c1_0.description,
        c1_0.name,
        c1_0.updated_at
    from
        categories c1_0
    where
        c1_0.id=?
Hibernate:
    select
        s1_0.id,
        s1_0.active,
        s1_0.address,
        s1_0.contact_person,
        s1_0.created_at,
        s1_0.email,
        s1_0.name,
        s1_0.phone,
        s1_0.updated_at
    from
        suppliers s1_0
    where
        s1_0.id=?
Hibernate:
    select
        s1_0.id,
        s1_0.active,
        s1_0.address,
        s1_0.contact_person,
        s1_0.created_at,
        s1_0.email,
        s1_0.name,
        s1_0.phone,
        s1_0.updated_at
    from
        suppliers s1_0
    where
        s1_0.id=?
Hibernate:
    select
        c1_0.id,
        c1_0.created_at,
        c1_0.description,
        c1_0.name,
        c1_0.updated_at
    from
        categories c1_0
    where
        c1_0.id=?
Hibernate:
    select
        c1_0.id,
        c1_0.created_at,
        c1_0.description,
        c1_0.name,
        c1_0.updated_at
    from
        categories c1_0
    where
        c1_0.id=?
Hibernate:
    select
        c1_0.id,
        c1_0.created_at,
        c1_0.description,
        c1_0.name,
        c1_0.updated_at
    from
        categories c1_0
    where
        c1_0.id=?
Hibernate:
    select
        c1_0.id,
        c1_0.created_at,
        c1_0.description,
        c1_0.name,
        c1_0.updated_at
    from
        categories c1_0
    where
        c1_0.id=?
Hibernate:
    select
        c1_0.id,
        c1_0.created_at,
        c1_0.description,
        c1_0.name,
        c1_0.updated_at
    from
        categories c1_0
    where
        c1_0.id=?
Hibernate:
    select
        c1_0.id,
        c1_0.created_at,
        c1_0.description,
        c1_0.name,
        c1_0.updated_at
    from
        categories c1_0
    where
        c1_0.id=?
Hibernate:
    select
        c1_0.id,
        c1_0.created_at,
        c1_0.description,
        c1_0.name,
        c1_0.updated_at
    from
        categories c1_0
    where
        c1_0.id=?
Hibernate:
    select
        c1_0.id,
        c1_0.created_at,
        c1_0.description,
        c1_0.name,
        c1_0.updated_at
    from
        categories c1_0
    where
        c1_0.id=?
Hibernate:
    select
        m1_0.id,
        m1_0.batch_number,
        m1_0.category_id,
        m1_0.created_at,
        m1_0.is_deleted,
        m1_0.description,
        m1_0.expiration_date,
        m1_0.low_stock_threshold,
        m1_0.manufacturer,
        m1_0.name,
        m1_0.price,
        m1_0.quantity,
        m1_0.supplier_id,
        m1_0.type,
        m1_0.updated_at
    from
        medications m1_0
    where
        not(m1_0.is_deleted)
Hibernate:
    select
        c1_0.id,
        c1_0.created_at,
        c1_0.description,
        c1_0.name,
        c1_0.updated_at
    from
        categories c1_0
    where
        c1_0.id=?
Hibernate:
    select
        s1_0.id,
        s1_0.active,
        s1_0.address,
        s1_0.contact_person,
        s1_0.created_at,
        s1_0.email,
        s1_0.name,
        s1_0.phone,
        s1_0.updated_at
    from
        suppliers s1_0
    where
        s1_0.id=?
Hibernate:
    select
        c1_0.id,
        c1_0.created_at,
        c1_0.description,
        c1_0.name,
        c1_0.updated_at
    from
        categories c1_0
    where
        c1_0.id=?
Hibernate:
    select
        s1_0.id,
        s1_0.active,
        s1_0.address,
        s1_0.contact_person,
        s1_0.created_at,
        s1_0.email,
        s1_0.name,
        s1_0.phone,
        s1_0.updated_at
    from
        suppliers s1_0
    where
        s1_0.id=?
Hibernate:
    select
        s1_0.id,
        s1_0.active,
        s1_0.address,
        s1_0.contact_person,
        s1_0.created_at,
        s1_0.email,
        s1_0.name,
        s1_0.phone,
        s1_0.updated_at
    from
        suppliers s1_0
    where
        s1_0.id=?
Hibernate:
    select
        s1_0.id,
        s1_0.active,
        s1_0.address,
        s1_0.contact_person,
        s1_0.created_at,
        s1_0.email,
        s1_0.name,
        s1_0.phone,
        s1_0.updated_at
    from
        suppliers s1_0
    where
        s1_0.id=?
Hibernate:
    select
        c1_0.id,
        c1_0.created_at,
        c1_0.description,
        c1_0.name,
        c1_0.updated_at
    from
        categories c1_0
    where
        c1_0.id=?
Hibernate:
    select
        s1_0.id,
        s1_0.active,
        s1_0.address,
        s1_0.contact_person,
        s1_0.created_at,
        s1_0.email,
        s1_0.name,
        s1_0.phone,
        s1_0.updated_at
    from
        suppliers s1_0
    where
        s1_0.id=?
Hibernate:
    select
        s1_0.id,
        s1_0.active,
        s1_0.address,
        s1_0.contact_person,
        s1_0.created_at,
        s1_0.email,
        s1_0.name,
        s1_0.phone,
        s1_0.updated_at
    from
        suppliers s1_0
    where
        s1_0.id=?
Hibernate:
    select
        c1_0.id,
        c1_0.created_at,
        c1_0.description,
        c1_0.name,
        c1_0.updated_at
    from
        categories c1_0
    where
        c1_0.id=?
Hibernate:
    select
        s1_0.id,
        s1_0.active,
        s1_0.address,
        s1_0.contact_person,
        s1_0.created_at,
        s1_0.email,
        s1_0.name,
        s1_0.phone,
        s1_0.updated_at
    from
        suppliers s1_0
    where
        s1_0.id=?
Hibernate:
    select
        c1_0.id,
        c1_0.created_at,
        c1_0.description,
        c1_0.name,
        c1_0.updated_at
    from
        categories c1_0
    where
        c1_0.id=?
Hibernate:
    select
        s1_0.id,
        s1_0.active,
        s1_0.address,
        s1_0.contact_person,
        s1_0.created_at,
        s1_0.email,
        s1_0.name,
        s1_0.phone,
        s1_0.updated_at
    from
        suppliers s1_0
    where
        s1_0.id=?
Hibernate:
    select
        c1_0.id,
        c1_0.created_at,
        c1_0.description,
        c1_0.name,
        c1_0.updated_at
    from
        categories c1_0
    where
        c1_0.id=?
Hibernate:
    select
        c1_0.id,
        c1_0.created_at,
        c1_0.description,
        c1_0.name,
        c1_0.updated_at
    from
        categories c1_0
    where
        c1_0.id=?
Hibernate:
    select
        s1_0.id,
        s1_0.active,
        s1_0.address,
        s1_0.contact_person,
        s1_0.created_at,
        s1_0.email,
        s1_0.name,
        s1_0.phone,
        s1_0.updated_at
    from
        suppliers s1_0
    where
        s1_0.id=?
Hibernate:
    select
        s1_0.id,
        s1_0.active,
        s1_0.address,
        s1_0.contact_person,
        s1_0.created_at,
        s1_0.email,
        s1_0.name,
        s1_0.phone,
        s1_0.updated_at
    from
        suppliers s1_0
    where
        s1_0.id=?
Hibernate:
    select
        c1_0.id,
        c1_0.created_at,
        c1_0.description,
        c1_0.name,
        c1_0.updated_at
    from
        categories c1_0
    where
        c1_0.id=?
Hibernate:
    select
        c1_0.id,
        c1_0.created_at,
        c1_0.description,
        c1_0.name,
        c1_0.updated_at
    from
        categories c1_0
    where
        c1_0.id=?
Hibernate:
    select
        c1_0.id,
        c1_0.created_at,
        c1_0.description,
        c1_0.name,
        c1_0.updated_at
    from
        categories c1_0
    where
        c1_0.id=?
Hibernate:
    select
        c1_0.id,
        c1_0.created_at,
        c1_0.description,
        c1_0.name,
        c1_0.updated_at
    from
        categories c1_0
    where
        c1_0.id=?
Hibernate:
    select
        c1_0.id,
        c1_0.created_at,
        c1_0.description,
        c1_0.name,
        c1_0.updated_at
    from
        categories c1_0
    where
        c1_0.id=?
Hibernate:
    select
        c1_0.id,
        c1_0.created_at,
        c1_0.description,
        c1_0.name,
        c1_0.updated_at
    from
        categories c1_0
    where
        c1_0.id=?
Hibernate:
    select
        c1_0.id,
        c1_0.created_at,
        c1_0.description,
        c1_0.name,
        c1_0.updated_at
    from
        categories c1_0
    where
        c1_0.id=?
Hibernate:
    select
        c1_0.id,
        c1_0.created_at,
        c1_0.description,
        c1_0.name,
        c1_0.updated_at
    from
        categories c1_0
    where
        c1_0.id=?
2026-08-15T18:29:28.551Z  INFO 260944 --- [pharmacy-inventory-management] [   File Watcher] rtingClassPathChangeChangedEventListener : Restarting due to 62 class path changes (0 additions, 56 deletions, 6 modifications)
2026-08-15T18:29:28.611Z  INFO 260944 --- [pharmacy-inventory-management] [       Thread-1] j.LocalContainerEntityManagerFactoryBean : Closing JPA EntityManagerFactory for persistence unit 'default'
Hibernate:
    drop table if exists categories cascade
Hibernate:
    drop table if exists medications cascade
Hibernate:
    drop table if exists sales cascade
Hibernate:
    drop table if exists suppliers cascade
Hibernate:
    drop table if exists users cascade
2026-08-15T18:29:28.646Z  WARN 260944 --- [pharmacy-inventory-management] [       Thread-1] o.s.b.f.support.DisposableBeanAdapter    : Invocation of destroy method failed on bean with name 'inMemoryDatabaseShutdownExecutor': org.h2.jdbc.JdbcSQLNonTransientConnectionException: Database is already closed (to disable automatic closing at VM shutdown, add ";DB_CLOSE_ON_EXIT=FALSE" to the db URL) [90121-224]
2026-08-15T18:29:28.647Z  INFO 260944 --- [pharmacy-inventory-management] [       Thread-1] com.zaxxer.hikari.HikariDataSource       : HikariPool-1 - Shutdown initiated...
2026-08-15T18:29:28.650Z  INFO 260944 --- [pharmacy-inventory-management] [       Thread-1] com.zaxxer.hikari.HikariDataSource       : HikariPool-1 - Shutdown completed.

  .   ____          _            __ _ _
 /\\ / ___'_ __ _ _(_)_ __  __ _ \ \ \ \
( ( )\___ | '_ | '_| | '_ \/ _` | \ \ \ \
 \\/  ___)| |_)| | | | | || (_| |  ) ) ) )
  '  |____| .__|_| |_|_| |_\__, | / / / /
 =========|_|==============|___/=/_/_/_/
 :: Spring Boot ::                (v3.2.0)

2026-08-15T18:29:28.979Z  INFO 260944 --- [pharmacy-inventory-management] [  restartedMain] c.p.i.InventoryManagementApplication     : Starting InventoryManagementApplication using Java 21.0.10 with PID 260944 (/app/target/classes started by jules in /app)
2026-08-15T18:29:28.980Z DEBUG 260944 --- [pharmacy-inventory-management] [  restartedMain] c.p.i.InventoryManagementApplication     : Running with Spring Boot v3.2.0, Spring v6.1.1
2026-08-15T18:29:28.980Z  INFO 260944 --- [pharmacy-inventory-management] [  restartedMain] c.p.i.InventoryManagementApplication     : No active profile set, falling back to 1 default profile: "default"
2026-08-15T18:29:29.238Z  INFO 260944 --- [pharmacy-inventory-management] [  restartedMain] .s.d.r.c.RepositoryConfigurationDelegate : Bootstrapping Spring Data JPA repositories in DEFAULT mode.
2026-08-15T18:29:29.251Z  INFO 260944 --- [pharmacy-inventory-management] [  restartedMain] .s.d.r.c.RepositoryConfigurationDelegate : Finished Spring Data repository scanning in 12 ms. Found 1 JPA repository interface.
2026-08-15T18:29:29.395Z  INFO 260944 --- [pharmacy-inventory-management] [  restartedMain] o.s.b.w.embedded.tomcat.TomcatWebServer  : Tomcat initialized with port 8088 (http)
2026-08-15T18:29:29.396Z  INFO 260944 --- [pharmacy-inventory-management] [  restartedMain] o.apache.catalina.core.StandardService   : Starting service [Tomcat]
2026-08-15T18:29:29.396Z  INFO 260944 --- [pharmacy-inventory-management] [  restartedMain] o.apache.catalina.core.StandardEngine    : Starting Servlet engine: [Apache Tomcat/10.1.16]
2026-08-15T18:29:29.420Z  INFO 260944 --- [pharmacy-inventory-management] [  restartedMain] o.a.c.c.C.[Tomcat].[localhost].[/]       : Initializing Spring embedded WebApplicationContext
2026-08-15T18:29:29.420Z  INFO 260944 --- [pharmacy-inventory-management] [  restartedMain] w.s.c.ServletWebServerApplicationContext : Root WebApplicationContext: initialization completed in 436 ms
2026-08-15T18:29:29.452Z  INFO 260944 --- [pharmacy-inventory-management] [  restartedMain] com.zaxxer.hikari.HikariDataSource       : HikariPool-2 - Starting...
2026-08-15T18:29:29.462Z  INFO 260944 --- [pharmacy-inventory-management] [  restartedMain] com.zaxxer.hikari.pool.HikariPool        : HikariPool-2 - Added connection conn10: url=jdbc:h2:mem:pharmacydb user=SA
2026-08-15T18:29:29.463Z  INFO 260944 --- [pharmacy-inventory-management] [  restartedMain] com.zaxxer.hikari.HikariDataSource       : HikariPool-2 - Start completed.
2026-08-15T18:29:29.463Z  INFO 260944 --- [pharmacy-inventory-management] [  restartedMain] o.s.b.a.h2.H2ConsoleAutoConfiguration    : H2 console available at '/h2-console'. Database available at 'jdbc:h2:mem:pharmacydb'
2026-08-15T18:29:29.497Z  INFO 260944 --- [pharmacy-inventory-management] [  restartedMain] o.hibernate.jpa.internal.util.LogHelper  : HHH000204: Processing PersistenceUnitInfo [name: default]
2026-08-15T18:29:29.499Z  INFO 260944 --- [pharmacy-inventory-management] [  restartedMain] o.h.c.internal.RegionFactoryInitiator    : HHH000026: Second-level cache disabled
2026-08-15T18:29:29.503Z  INFO 260944 --- [pharmacy-inventory-management] [  restartedMain] o.s.o.j.p.SpringPersistenceUnitInfo      : No LoadTimeWeaver setup: ignoring JPA class transformer
2026-08-15T18:29:29.504Z  WARN 260944 --- [pharmacy-inventory-management] [  restartedMain] org.hibernate.orm.deprecation            : HHH90000025: H2Dialect does not need to be specified explicitly using 'hibernate.dialect' (remove the property setting and it will be selected by default)
2026-08-15T18:29:29.724Z  INFO 260944 --- [pharmacy-inventory-management] [  restartedMain] o.h.e.t.j.p.i.JtaPlatformInitiator       : HHH000489: No JTA platform available (set 'hibernate.transaction.jta.platform' to enable JTA platform integration)
Hibernate:
    drop table if exists categories cascade
Hibernate:
    drop table if exists medications cascade
Hibernate:
    drop table if exists sales cascade
Hibernate:
    drop table if exists suppliers cascade
Hibernate:
    create table categories (
        created_at timestamp(6),
        id bigint generated by default as identity,
        updated_at timestamp(6),
        description varchar(500),
        name varchar(255) not null unique,
        primary key (id)
    )
Hibernate:
    create table medications (
        expiration_date date,
        is_deleted boolean,
        low_stock_threshold integer,
        price numeric(10,2) not null,
        quantity integer not null,
        category_id bigint,
        created_at timestamp(6),
        id bigint generated by default as identity,
        supplier_id bigint,
        updated_at timestamp(6),
        description varchar(1000),
        batch_number varchar(255),
        manufacturer varchar(255),
        name varchar(255) not null,
        type varchar(255),
        primary key (id)
    )
Hibernate:
    create table sales (
        cost_price numeric(10,2),
        quantity integer not null,
        sale_date date not null,
        total_price numeric(10,2) not null,
        unit_price numeric(10,2) not null,
        created_at timestamp(6),
        id bigint generated by default as identity,
        medication_id bigint not null,
        primary key (id)
    )
Hibernate:
    create table suppliers (
        active boolean default true not null,
        created_at timestamp(6),
        id bigint generated by default as identity,
        updated_at timestamp(6),
        address varchar(500),
        contact_person varchar(255),
        email varchar(255) not null unique,
        name varchar(255) not null,
        phone varchar(255) not null,
        primary key (id)
    )
Hibernate:
    alter table if exists medications
       add constraint FKmf1t7pw4h0df5jr8gld0uf05k
       foreign key (category_id)
       references categories
Hibernate:
    alter table if exists medications
       add constraint FK94rldjohkfmifdk13m2i03g70
       foreign key (supplier_id)
       references suppliers
Hibernate:
    alter table if exists sales
       add constraint FKaawj0sejy9oq9li56m5hum7tp
       foreign key (medication_id)
       references medications
2026-08-15T18:29:29.755Z  INFO 260944 --- [pharmacy-inventory-management] [  restartedMain] j.LocalContainerEntityManagerFactoryBean : Initialized JPA EntityManagerFactory for persistence unit 'default'
2026-08-15T18:29:29.815Z  WARN 260944 --- [pharmacy-inventory-management] [  restartedMain] JpaBaseConfiguration$JpaWebConfiguration : spring.jpa.open-in-view is enabled by default. Therefore, database queries may be performed during view rendering. Explicitly configure spring.jpa.open-in-view to disable this warning
2026-08-15T18:29:29.828Z  INFO 260944 --- [pharmacy-inventory-management] [  restartedMain] o.s.b.a.w.s.WelcomePageHandlerMapping    : Adding welcome page: class path resource [static/index.html]
2026-08-15T18:29:30.338Z DEBUG 260944 --- [pharmacy-inventory-management] [  restartedMain] o.s.jdbc.datasource.init.ScriptUtils     : Executing SQL script from file [/app/target/classes/schema.sql]
2026-08-15T18:29:30.347Z DEBUG 260944 --- [pharmacy-inventory-management] [  restartedMain] o.s.jdbc.datasource.init.ScriptUtils     : 0 returned as update count for SQL: CREATE TABLE IF NOT EXISTS categories ( id BIGINT AUTO_INCREMENT PRIMARY KEY, name VARCHAR(255) NOT NULL UNIQUE, description VARCHAR(1000), created_at TIMESTAMP, updated_at TIMESTAMP )
2026-08-15T18:29:30.351Z DEBUG 260944 --- [pharmacy-inventory-management] [  restartedMain] o.s.jdbc.datasource.init.ScriptUtils     : 0 returned as update count for SQL: CREATE TABLE IF NOT EXISTS suppliers ( id BIGINT AUTO_INCREMENT PRIMARY KEY, name VARCHAR(255) NOT NULL, contact_person VARCHAR(255) NOT NULL, phone VARCHAR(50) NOT NULL, email VARCHAR(255), address VARCHAR(500), active BOOLEAN DEFAULT TRUE NOT NULL, created_at TIMESTAMP, updated_at TIMESTAMP )
2026-08-15T18:29:30.356Z DEBUG 260944 --- [pharmacy-inventory-management] [  restartedMain] o.s.jdbc.datasource.init.ScriptUtils     : 0 returned as update count for SQL: CREATE TABLE IF NOT EXISTS medications ( id BIGINT AUTO_INCREMENT PRIMARY KEY, name VARCHAR(255) NOT NULL UNIQUE, description VARCHAR(1000), quantity INTEGER NOT NULL, price DOUBLE PRECISION NOT NULL, expiration_date DATE, low_stock_threshold INTEGER DEFAULT 10, manufacturer VARCHAR(255), batch_number VARCHAR(100), type VARCHAR(50), is_deleted BOOLEAN DEFAULT FALSE, category_id BIGINT, supplier_id BIGINT, created_at TIMESTAMP, updated_at TIMESTAMP, FOREIGN KEY (category_id) REFERENCES categories(id), FOREIGN KEY (supplier_id) REFERENCES suppliers(id) )
2026-08-15T18:29:30.366Z DEBUG 260944 --- [pharmacy-inventory-management] [  restartedMain] o.s.jdbc.datasource.init.ScriptUtils     : 0 returned as update count for SQL: CREATE TABLE IF NOT EXISTS users ( id BIGINT AUTO_INCREMENT PRIMARY KEY, full_name VARCHAR(255) NOT NULL, email VARCHAR(255) NOT NULL UNIQUE, password VARCHAR(255) NOT NULL, role VARCHAR(50) NOT NULL, created_at TIMESTAMP )
2026-08-15T18:29:30.369Z DEBUG 260944 --- [pharmacy-inventory-management] [  restartedMain] o.s.jdbc.datasource.init.ScriptUtils     : 0 returned as update count for SQL: CREATE TABLE IF NOT EXISTS sales ( id BIGINT AUTO_INCREMENT PRIMARY KEY, sale_date DATE NOT NULL, quantity INTEGER NOT NULL, unit_price NUMERIC(10,2) NOT NULL, cost_price NUMERIC(10,2), total_price NUMERIC(10,2) NOT NULL, medication_id BIGINT NOT NULL, created_at TIMESTAMP, FOREIGN KEY (medication_id) REFERENCES medications(id) )
2026-08-15T18:29:30.370Z DEBUG 260944 --- [pharmacy-inventory-management] [  restartedMain] o.s.jdbc.datasource.init.ScriptUtils     : 0 returned as update count for SQL: CREATE INDEX IF NOT EXISTS idx_users_email ON users(email)
2026-08-15T18:29:30.371Z DEBUG 260944 --- [pharmacy-inventory-management] [  restartedMain] o.s.jdbc.datasource.init.ScriptUtils     : 0 returned as update count for SQL: CREATE INDEX IF NOT EXISTS idx_sales_date ON sales(sale_date)
2026-08-15T18:29:30.372Z DEBUG 260944 --- [pharmacy-inventory-management] [  restartedMain] o.s.jdbc.datasource.init.ScriptUtils     : 0 returned as update count for SQL: CREATE INDEX IF NOT EXISTS idx_sales_medication ON sales(medication_id)
2026-08-15T18:29:30.375Z DEBUG 260944 --- [pharmacy-inventory-management] [  restartedMain] o.s.jdbc.datasource.init.ScriptUtils     : 0 returned as update count for SQL: CREATE INDEX IF NOT EXISTS idx_medication_name ON medications(name)
2026-08-15T18:29:30.377Z DEBUG 260944 --- [pharmacy-inventory-management] [  restartedMain] o.s.jdbc.datasource.init.ScriptUtils     : 0 returned as update count for SQL: CREATE INDEX IF NOT EXISTS idx_medication_type ON medications(type)
2026-08-15T18:29:30.377Z DEBUG 260944 --- [pharmacy-inventory-management] [  restartedMain] o.s.jdbc.datasource.init.ScriptUtils     : 0 returned as update count for SQL: CREATE INDEX IF NOT EXISTS idx_medication_category ON medications(category_id)
2026-08-15T18:29:30.378Z DEBUG 260944 --- [pharmacy-inventory-management] [  restartedMain] o.s.jdbc.datasource.init.ScriptUtils     : 0 returned as update count for SQL: CREATE INDEX IF NOT EXISTS idx_medication_supplier ON medications(supplier_id)
2026-08-15T18:29:30.378Z DEBUG 260944 --- [pharmacy-inventory-management] [  restartedMain] o.s.jdbc.datasource.init.ScriptUtils     : 0 returned as update count for SQL: CREATE INDEX IF NOT EXISTS idx_category_name ON categories(name)
2026-08-15T18:29:30.380Z DEBUG 260944 --- [pharmacy-inventory-management] [  restartedMain] o.s.jdbc.datasource.init.ScriptUtils     : 0 returned as update count for SQL: CREATE INDEX IF NOT EXISTS idx_supplier_name ON suppliers(name)
2026-08-15T18:29:30.380Z DEBUG 260944 --- [pharmacy-inventory-management] [  restartedMain] o.s.jdbc.datasource.init.ScriptUtils     : Executed SQL script from file [/app/target/classes/schema.sql] in 41 ms.
2026-08-15T18:29:30.380Z DEBUG 260944 --- [pharmacy-inventory-management] [  restartedMain] o.s.jdbc.datasource.init.ScriptUtils     : Executing SQL script from file [/app/target/classes/data.sql]
2026-08-15T18:29:30.386Z DEBUG 260944 --- [pharmacy-inventory-management] [  restartedMain] o.s.jdbc.datasource.init.ScriptUtils     : 0 returned as update count for SQL: DELETE FROM sales
2026-08-15T18:29:30.387Z DEBUG 260944 --- [pharmacy-inventory-management] [  restartedMain] o.s.jdbc.datasource.init.ScriptUtils     : 0 returned as update count for SQL: DELETE FROM medications
2026-08-15T18:29:30.390Z DEBUG 260944 --- [pharmacy-inventory-management] [  restartedMain] o.s.jdbc.datasource.init.ScriptUtils     : 0 returned as update count for SQL: DELETE FROM categories
2026-08-15T18:29:30.391Z DEBUG 260944 --- [pharmacy-inventory-management] [  restartedMain] o.s.jdbc.datasource.init.ScriptUtils     : 0 returned as update count for SQL: DELETE FROM suppliers
2026-08-15T18:29:30.391Z DEBUG 260944 --- [pharmacy-inventory-management] [  restartedMain] o.s.jdbc.datasource.init.ScriptUtils     : 0 returned as update count for SQL: DELETE FROM users
2026-08-15T18:29:30.396Z DEBUG 260944 --- [pharmacy-inventory-management] [  restartedMain] o.s.jdbc.datasource.init.ScriptUtils     : 15 returned as update count for SQL: INSERT INTO categories (id, name, description, created_at, updated_at) VALUES (1, 'Analgesics & Pain Relief', 'Pain relief and anti-inflammatory medications', CURRENT_TIMESTAMP, CURRENT_TIMESTAMP), (2, 'Fever & Cold', 'Antipyretics, cold, cough, and decongestants', CURRENT_TIMESTAMP, CURRENT_TIMESTAMP), (3, 'Antibiotics & Antifungals', 'Anti-bacterial and anti-fungal treatments', CURRENT_TIMESTAMP, CURRENT_TIMESTAMP), (4, 'Antacids & Gastrointestinal', 'Medications for acidity, GERD, and digestion', CURRENT_TIMESTAMP, CURRENT_TIMESTAMP), (5, 'Antihistamines & Allergy', 'Allergy relief and anti-histamine drugs', CURRENT_TIMESTAMP, CURRENT_TIMESTAMP), (6, 'Vitamins & Supplements', 'Nutritional supplements and mineral formulas', CURRENT_TIMESTAMP, CURRENT_TIMESTAMP), (7, 'Antidiabetics', 'Blood sugar control and diabetes management', CURRENT_TIMESTAMP, CURRENT_TIMESTAMP), (8, 'Cardiovascular & BP', 'Hypertension, heart, and cholesterol medications', CURRENT_TIMESTAMP, CURRENT_TIMESTAMP), (9, 'Skin Care & Topical', 'Creams, ointments, and dermatological remedies', CURRENT_TIMESTAMP, CURRENT_TIMESTAMP), (10, 'Eye & Ear Care', 'Ophthalmic and otic drops', CURRENT_TIMESTAMP, CURRENT_TIMESTAMP), (11, 'First Aid & Antiseptics', 'Disinfectants, bandages, and wound care', CURRENT_TIMESTAMP, CURRENT_TIMESTAMP), (12, 'Respiratory & Asthma', 'Inhalers, bronchodilators, and lung care', CURRENT_TIMESTAMP, CURRENT_TIMESTAMP), (13, 'Hormones & Steroids', 'Endocrine treatments and anti-inflammatory steroids', CURRENT_TIMESTAMP, CURRENT_TIMESTAMP), (14, 'CNS & Psychiatric', 'Neurological, anti-anxiety, and sleep aids', CURRENT_TIMESTAMP, CURRENT_TIMESTAMP), (15, 'Muscle Relaxants', 'Treatments for muscle spasms and stiffness', CURRENT_TIMESTAMP, CURRENT_TIMESTAMP)
2026-08-15T18:29:30.405Z DEBUG 260944 --- [pharmacy-inventory-management] [  restartedMain] o.s.jdbc.datasource.init.ScriptUtils     : 10 returned as update count for SQL: INSERT INTO suppliers (id, name, contact_person, phone, email, address, active, created_at, updated_at) VALUES (1, 'Apollo Pharmacy Distributors', 'Rajesh Sharma', '+91 98765 43210', 'rajesh@apollodist.in', '12, Link Road, Andheri West, Mumbai, Maharashtra 400053', true, CURRENT_TIMESTAMP, CURRENT_TIMESTAMP), (2, 'MedPlus Logistics', 'Sunil Verma', '+91 91234 56789', 'sunil@medplus.co.in', '45, MG Road, Indiranagar, Bengaluru, Karnataka 560038', true, CURRENT_TIMESTAMP, CURRENT_TIMESTAMP), (3, 'Cipla Supply Chain Ltd', 'Priya Patel', '+91 99887 66554', 'priya.patel@cipla-supply.in', '78, CG Road, Navrangpura, Ahmedabad, Gujarat 380009', true, CURRENT_TIMESTAMP, CURRENT_TIMESTAMP), (4, 'Sun Pharma Wholesalers', 'Amitabh Roy', '+91 98112 23344', 'amitabh@sunwholesalers.in', '102, Connaught Place, New Delhi, Delhi 110001', true, CURRENT_TIMESTAMP, CURRENT_TIMESTAMP), (5, 'Dr Reddys Pharma Depot', 'Kavita Reddy', '+91 97001 12233', 'kavita@drreddysdepot.in', '33, Banjara Hills, Road No 12, Hyderabad, Telangana 500034', true, CURRENT_TIMESTAMP, CURRENT_TIMESTAMP), (6, 'Mankind Pharma Supply', 'Vikram Singh', '+91 98450 98450', 'vikram@mankindsupply.in', '56, Park Street, Kolkata, West Bengal 700016', true, CURRENT_TIMESTAMP, CURRENT_TIMESTAMP), (7, 'Lupin Medical Agencies', 'Sanjay Kulkarni', '+91 98220 12345', 'sanjay@lupinagencies.in', '88, FC Road, Shivajinagar, Pune, Maharashtra 411005', true, CURRENT_TIMESTAMP, CURRENT_TIMESTAMP), (8, 'Zydus Health Distributors', 'Anil Mehta', '+91 99000 55443', 'anil@zydusdist.in', '21, SG Highway, Thaltej, Ahmedabad, Gujarat 380054', true, CURRENT_TIMESTAMP, CURRENT_TIMESTAMP), (9, 'Torrent Pharma Depot', 'Meena Iyer', '+91 94440 11223', 'meena@torrentdepot.in', '14, Anna Salai, T Nagar, Chennai, Tamil Nadu 600017', true, CURRENT_TIMESTAMP, CURRENT_TIMESTAMP), (10, 'Alkem Pharma Services', 'Rohan Gupta', '+91 98300 77889', 'rohan@alkemservices.in', '67, Boring Road, Patna, Bihar 800001', true, CURRENT_TIMESTAMP, CURRENT_TIMESTAMP)
2026-08-15T18:29:30.419Z DEBUG 260944 --- [pharmacy-inventory-management] [  restartedMain] o.s.jdbc.datasource.init.ScriptUtils     : 52 returned as update count for SQL: INSERT INTO medications (id, name, manufacturer, price, quantity, low_stock_threshold, expiration_date, type, description, batch_number, category_id, supplier_id, is_deleted, created_at, updated_at) VALUES (1, 'Dolo 650mg Tablet', 'Micro Labs Ltd', 30.50, 150, 20, DATEADD('DAY', -5, CURRENT_DATE), 'TABLET', 'Paracetamol 650mg used for fever and mild to moderate pain relief.', 'BATCH-IN-001', 2, 1, false, CURRENT_TIMESTAMP, CURRENT_TIMESTAMP), (2, 'Crocin 500mg Tablet', 'GlaxoSmithKline', 24.00, 120, 15, DATEADD('DAY', -2, CURRENT_DATE), 'TABLET', 'Fast acting analgesic and antipyretic for fever and headache.', 'BATCH-IN-002', 2, 1, false, CURRENT_TIMESTAMP, CURRENT_TIMESTAMP), (3, 'Combiflam Tablet', 'Sanofi India', 45.00, 5, 15, DATEADD('DAY', 3, CURRENT_DATE), 'TABLET', 'Ibuprofen 400mg + Paracetamol 325mg combination for joint and muscle pain.', 'BATCH-IN-003', 1, 2, false, CURRENT_TIMESTAMP, CURRENT_TIMESTAMP), (4, 'Zerodol-SP Tablet', 'Ipca Laboratories', 115.00, 80, 15, DATEADD('DAY', 5, CURRENT_DATE), 'TABLET', 'Aceclofenac 100mg + Paracetamol 325mg + Serratiopeptidase 15mg for swelling and pain.', 'BATCH-IN-004', 1, 3, false, CURRENT_TIMESTAMP, CURRENT_TIMESTAMP), (5, 'Sumo 100mg/325mg Tablet', 'Alkem Laboratories', 88.00, 4, 10, DATEADD('DAY', 12, CURRENT_DATE), 'TABLET', 'Nimesulide + Paracetamol combination for acute pain and inflammatory fever.', 'BATCH-IN-005', 1, 10, false, CURRENT_TIMESTAMP, CURRENT_TIMESTAMP), (6, 'Pan 40mg Tablet', 'Alkem Laboratories', 155.00, 90, 15, DATEADD('DAY', 18, CURRENT_DATE), 'TABLET', 'Pantoprazole gastro-resistant tablet for hyperacidity, GERD, and stomach ulcers.', 'BATCH-IN-006', 4, 10, false, CURRENT_TIMESTAMP, CURRENT_TIMESTAMP), (7, 'Pantocid D SR Capsule', 'Sun Pharma', 198.50, 60, 10, DATEADD('DAY', 25, CURRENT_DATE), 'CAPSULE', 'Pantoprazole 40mg + Domperidone 30mg SR for acidity with nausea.', 'BATCH-IN-007', 4, 4, false, CURRENT_TIMESTAMP, CURRENT_TIMESTAMP), (8, 'Omez 20mg Capsule', 'Dr Reddys Laboratories', 62.00, 110, 20, DATEADD('DAY', 28, CURRENT_DATE), 'CAPSULE', 'Omeprazole 20mg for peptic ulcer disease and heartburn relief.', 'BATCH-IN-008', 4, 5, false, CURRENT_TIMESTAMP, CURRENT_TIMESTAMP), (9, 'Digene Gel Syrup 200ml', 'Abbott India', 142.00, 35, 8, DATEADD('DAY', 45, CURRENT_DATE), 'SYRUP', 'Antacid liquid providing quick relief from acidity, gas, and bloat.', 'BATCH-IN-009', 4, 2, false, CURRENT_TIMESTAMP, CURRENT_TIMESTAMP), (10, 'Gelusil MPS Syrup 200ml', 'Pfizer India', 130.00, 40, 10, DATEADD('DAY', 60, CURRENT_DATE), 'SYRUP', 'Antacid and anti-flatulent liquid syrup for stomach acidity.', 'BATCH-IN-010', 4, 2, false, CURRENT_TIMESTAMP, CURRENT_TIMESTAMP), (11, 'Azithral 500mg Tablet', 'Alembic Pharmaceuticals', 121.50, 45, 10, DATEADD('DAY', 90, CURRENT_DATE), 'TABLET', 'Azithromycin 500mg antibiotic for throat, chest, and skin infections.', 'BATCH-IN-011', 3, 1, false, CURRENT_TIMESTAMP, CURRENT_TIMESTAMP), (12, 'Moxikind-CV 625 Tablet', 'Mankind Pharma', 204.00, 70, 15, DATEADD('DAY', 120, CURRENT_DATE), 'TABLET', 'Amoxicillin 500mg + Clavulanic Acid 125mg broad spectrum antibiotic.', 'BATCH-IN-012', 3, 6, false, CURRENT_TIMESTAMP, CURRENT_TIMESTAMP), (13, 'Augmentin 625 Duo Tablet', 'GlaxoSmithKline', 223.00, 65, 12, DATEADD('DAY', 150, CURRENT_DATE), 'TABLET', 'Potent antibacterial for severe respiratory, urinary, and dental infections.', 'BATCH-IN-013', 3, 1, false, CURRENT_TIMESTAMP, CURRENT_TIMESTAMP), (14, 'Ciplox 500mg Tablet', 'Cipla Ltd', 42.00, 85, 20, DATEADD('DAY', 180, CURRENT_DATE), 'TABLET', 'Ciprofloxacin 500mg fluoroquinolone antibiotic.', 'BATCH-IN-014', 3, 3, false, CURRENT_TIMESTAMP, CURRENT_TIMESTAMP), (15, 'Taxim-O 200mg Tablet', 'Alkem Laboratories', 112.00, 50, 10, DATEADD('DAY', 200, CURRENT_DATE), 'TABLET', 'Cefixime 200mg oral cephalosporin antibiotic.', 'BATCH-IN-015', 3, 10, false, CURRENT_TIMESTAMP, CURRENT_TIMESTAMP), (16, 'Azee 500mg Tablet', 'Cipla Ltd', 118.00, 55, 12, DATEADD('DAY', 210, CURRENT_DATE), 'TABLET', 'Azithromycin tablet for bacterial respiratory tract infections.', 'BATCH-IN-016', 3, 3, false, CURRENT_TIMESTAMP, CURRENT_TIMESTAMP), (17, 'Allegra 120mg Tablet', 'Sanofi India', 210.00, 40, 10, DATEADD('DAY', 240, CURRENT_DATE), 'TABLET', 'Fexofenadine 120mg non-drowsy anti-allergy medication.', 'BATCH-IN-017', 5, 2, false, CURRENT_TIMESTAMP, CURRENT_TIMESTAMP), (18, 'Cetzine 10mg Tablet', 'Dr Reddys Laboratories', 22.00, 140, 25, DATEADD('DAY', 270, CURRENT_DATE), 'TABLET', 'Cetirizine 10mg for allergic rhinitis, sneezing, and hives.', 'BATCH-IN-018', 5, 5, false, CURRENT_TIMESTAMP, CURRENT_TIMESTAMP), (19, 'Levocet 5mg Tablet', 'Cipla Ltd', 48.00, 100, 20, DATEADD('DAY', 300, CURRENT_DATE), 'TABLET', 'Levocetirizine 5mg for allergic cold and skin allergies.', 'BATCH-IN-019', 5, 3, false, CURRENT_TIMESTAMP, CURRENT_TIMESTAMP), (20, 'Avil 25mg Tablet', 'Sanofi India', 12.50, 200, 30, DATEADD('DAY', 330, CURRENT_DATE), 'TABLET', 'Pheniramine maleate anti-allergy tablet for itching and motion sickness.', 'BATCH-IN-020', 5, 2, false, CURRENT_TIMESTAMP, CURRENT_TIMESTAMP), (21, 'Ascoril LS Syrup 100ml', 'Glenmark Pharmaceuticals', 118.00, 50, 12, DATEADD('DAY', 360, CURRENT_DATE), 'SYRUP', 'Levosalbutamol + Ambroxol + Guaiphenesin mucolytic cough syrup for wet cough.', 'BATCH-IN-021', 2, 7, false, CURRENT_TIMESTAMP, CURRENT_TIMESTAMP), (22, 'Benadryl Cough Syrup 150ml', 'Johnson & Johnson', 135.00, 60, 15, DATEADD('DAY', 380, CURRENT_DATE), 'SYRUP', 'Soothes dry cough and throat irritation.', 'BATCH-IN-022', 2, 1, false, CURRENT_TIMESTAMP, CURRENT_TIMESTAMP), (23, 'Alex Cough Syrup 100ml', 'Glenmark Pharmaceuticals', 125.00, 45, 10, DATEADD('DAY', 400, CURRENT_DATE), 'SYRUP', 'Dextromethorphan + Chlorpheniramine dry cough formula.', 'BATCH-IN-023', 2, 7, false, CURRENT_TIMESTAMP, CURRENT_TIMESTAMP), (24, 'Glycomet 500mg Tablet', 'USV Private Ltd', 32.00, 180, 30, DATEADD('DAY', 420, CURRENT_DATE), 'TABLET', 'Metformin 500mg for type-2 diabetes blood sugar management.', 'BATCH-IN-024', 7, 2, false, CURRENT_TIMESTAMP, CURRENT_TIMESTAMP), (25, 'Glycomet GP 2 Tablet', 'USV Private Ltd', 145.00, 90, 15, DATEADD('DAY', 450, CURRENT_DATE), 'TABLET', 'Metformin 500mg + Glimepiride 2mg dual diabetes control.', 'BATCH-IN-025', 7, 2, false, CURRENT_TIMESTAMP, CURRENT_TIMESTAMP), (26, 'Janumet 50mg/500mg Tablet', 'MSD India', 580.00, 30, 8, DATEADD('DAY', 480, CURRENT_DATE), 'TABLET', 'Sitagliptin + Metformin advanced oral antidiabetic.', 'BATCH-IN-026', 7, 4, false, CURRENT_TIMESTAMP, CURRENT_TIMESTAMP), (27, 'Amlokind 5mg Tablet', 'Mankind Pharma', 18.50, 220, 30, DATEADD('DAY', 500, CURRENT_DATE), 'TABLET', 'Amlodipine 5mg calcium channel blocker for hypertension.', 'BATCH-IN-027', 8, 6, false, CURRENT_TIMESTAMP, CURRENT_TIMESTAMP), (28, 'Telmikind 40mg Tablet', 'Mankind Pharma', 52.00, 130, 20, DATEADD('DAY', 520, CURRENT_DATE), 'TABLET', 'Telmisartan 40mg angiotensin receptor blocker for BP control.', 'BATCH-IN-028', 8, 6, false, CURRENT_TIMESTAMP, CURRENT_TIMESTAMP), (29, 'Losar 50mg Tablet', 'Torrent Pharmaceuticals', 86.00, 95, 15, DATEADD('DAY', 540, CURRENT_DATE), 'TABLET', 'Losartan potassium 50mg for high blood pressure.', 'BATCH-IN-029', 8, 9, false, CURRENT_TIMESTAMP, CURRENT_TIMESTAMP), (30, 'Ciplar 10mg Tablet', 'Cipla Ltd', 24.50, 110, 20, DATEADD('DAY', 560, CURRENT_DATE), 'TABLET', 'Propranolol 10mg beta-blocker for BP and anxiety tremors.', 'BATCH-IN-030', 8, 3, false, CURRENT_TIMESTAMP, CURRENT_TIMESTAMP), (31, 'Atorva 10mg Tablet', 'Zydus Cadila', 98.00, 85, 15, DATEADD('DAY', 580, CURRENT_DATE), 'TABLET', 'Atorvastatin 10mg for cholesterol management.', 'BATCH-IN-031', 8, 8, false, CURRENT_TIMESTAMP, CURRENT_TIMESTAMP), (32, 'Ecosprin 75mg Tablet', 'USV Private Ltd', 9.50, 300, 50, DATEADD('DAY', 600, CURRENT_DATE), 'TABLET', 'Low-dose Aspirin 75mg blood thinner for heart health.', 'BATCH-IN-032', 8, 2, false, CURRENT_TIMESTAMP, CURRENT_TIMESTAMP), (33, 'Becosules Capsules (20s)', 'Pfizer India', 50.00, 160, 25, DATEADD('DAY', 620, CURRENT_DATE), 'CAPSULE', 'B-Complex with Vitamin C for immunity, mouth ulcers, and energy.', 'BATCH-IN-033', 6, 2, false, CURRENT_TIMESTAMP, CURRENT_TIMESTAMP), (34, 'Limcee 500mg Chewable Tablet', 'Abbott India', 25.50, 250, 40, DATEADD('DAY', 640, CURRENT_DATE), 'TABLET', 'Vitamin C 500mg chewable tablets for immunity.', 'BATCH-IN-034', 6, 2, false, CURRENT_TIMESTAMP, CURRENT_TIMESTAMP), (35, 'Shelcal 500mg Tablet', 'Torrent Pharmaceuticals', 132.00, 110, 20, DATEADD('DAY', 660, CURRENT_DATE), 'TABLET', 'Calcium 500mg + Vitamin D3 250IU for bone density.', 'BATCH-IN-035', 6, 9, false, CURRENT_TIMESTAMP, CURRENT_TIMESTAMP), (36, 'Urisept 100mg Capsule', 'Lupin Ltd', 165.00, 40, 10, DATEADD('DAY', 680, CURRENT_DATE), 'CAPSULE', 'Nitrofurantoin for urinary tract infections.', 'BATCH-IN-036', 3, 7, false, CURRENT_TIMESTAMP, CURRENT_TIMESTAMP), (37, 'Electral ORS Sachet 21.8g', 'FDC Ltd', 22.00, 400, 50, DATEADD('DAY', 700, CURRENT_DATE), 'POWDER', 'WHO formula Oral Rehydration Salts for dehydration and diarrhea.', 'BATCH-IN-037', 6, 1, false, CURRENT_TIMESTAMP, CURRENT_TIMESTAMP), (38, 'Betadine 10% Ointment 15g', 'Win-Medicare', 72.00, 80, 15, DATEADD('DAY', 720, CURRENT_DATE), 'CREAM', 'Povidone-Iodine antiseptic ointment for wounds and cuts.', 'BATCH-IN-038', 11, 4, false, CURRENT_TIMESTAMP, CURRENT_TIMESTAMP), (39, 'Volini Pain Relief Gel 30g', 'Sun Pharma', 145.00, 65, 12, DATEADD('DAY', 740, CURRENT_DATE), 'GEL', 'Diclofenac gel for quick joint, neck, and back pain relief.', 'BATCH-IN-039', 1, 4, false, CURRENT_TIMESTAMP, CURRENT_TIMESTAMP), (40, 'Omnigel 30g Tube', 'Cipla Ltd', 110.00, 75, 15, DATEADD('DAY', 760, CURRENT_DATE), 'GEL', 'Topical pain relief gel for sprains and strains.', 'BATCH-IN-040', 1, 3, false, CURRENT_TIMESTAMP, CURRENT_TIMESTAMP), (41, 'Candid B Cream 20g', 'Glenmark Pharmaceuticals', 185.00, 50, 10, DATEADD('DAY', 780, CURRENT_DATE), 'CREAM', 'Clotrimazole + Beclomethasone for fungal skin infections.', 'BATCH-IN-041', 9, 7, false, CURRENT_TIMESTAMP, CURRENT_TIMESTAMP), (42, 'Boroline Antiseptic Cream 20g', 'G D Pharmaceuticals', 42.00, 120, 20, DATEADD('DAY', 800, CURRENT_DATE), 'CREAM', 'Ayurvedic antiseptic cream for dry skin and minor cuts.', 'BATCH-IN-042', 9, 6, false, CURRENT_TIMESTAMP, CURRENT_TIMESTAMP), (43, 'Otrivin Adult Nasal Drops 10ml', 'GlaxoSmithKline', 108.00, 70, 15, DATEADD('DAY', 820, CURRENT_DATE), 'DROPS', 'Xylometazoline nasal decongestant for blocked nose.', 'BATCH-IN-043', 2, 1, false, CURRENT_TIMESTAMP, CURRENT_TIMESTAMP), (44, 'Ciplox Eye/Ear Drops 10ml', 'Cipla Ltd', 21.00, 150, 25, DATEADD('DAY', 840, CURRENT_DATE), 'DROPS', 'Ciprofloxacin eye and ear antibacterial drops.', 'BATCH-IN-044', 10, 3, false, CURRENT_TIMESTAMP, CURRENT_TIMESTAMP), (45, 'Asthalin Inhaler 100mcg', 'Cipla Ltd', 162.00, 45, 10, DATEADD('DAY', 860, CURRENT_DATE), 'INHALER', 'Salbutamol inhaler for asthma and bronchospasm relief.', 'BATCH-IN-045', 12, 3, false, CURRENT_TIMESTAMP, CURRENT_TIMESTAMP), (46, 'Foracort 200 Synchrobreathe', 'Cipla Ltd', 525.00, 25, 5, DATEADD('DAY', 880, CURRENT_DATE), 'INHALER', 'Formoterol + Budesonide breath-actuated inhaler for asthma.', 'BATCH-IN-046', 12, 3, false, CURRENT_TIMESTAMP, CURRENT_TIMESTAMP), (47, 'Deriphyllin Retard 150mg', 'Zydus Healthcare', 34.00, 110, 20, DATEADD('DAY', 900, CURRENT_DATE), 'TABLET', 'Etofylline + Theophylline for asthma and chronic bronchitis.', 'BATCH-IN-047', 12, 8, false, CURRENT_TIMESTAMP, CURRENT_TIMESTAMP), (48, 'Thyronorm 50mcg Tablet', 'Abbott India', 185.00, 100, 15, DATEADD('DAY', 920, CURRENT_DATE), 'TABLET', 'Levothyroxine sodium for hypothyroidism management.', 'BATCH-IN-048', 13, 2, false, CURRENT_TIMESTAMP, CURRENT_TIMESTAMP), (49, 'Dexamethasone 0.5mg Tablet', 'Zydus Cadila', 8.50, 300, 50, DATEADD('DAY', 940, CURRENT_DATE), 'TABLET', 'Corticosteroid for severe allergic and inflammatory conditions.', 'BATCH-IN-049', 13, 8, false, CURRENT_TIMESTAMP, CURRENT_TIMESTAMP), (50, 'Myospaz Tablet', 'Win-Medicare', 168.00, 60, 10, DATEADD('DAY', 960, CURRENT_DATE), 'TABLET', 'Paracetamol + Chlorzoxazone muscle relaxant for back pain.', 'BATCH-IN-050', 15, 4, false, CURRENT_TIMESTAMP, CURRENT_TIMESTAMP), (51, 'Alprax 0.25mg Tablet', 'Torrent Pharmaceuticals', 29.00, 90, 15, DATEADD('DAY', 980, CURRENT_DATE), 'TABLET', 'Alprazolam 0.25mg for anxiety and panic disorders.', 'BATCH-IN-051', 14, 9, false, CURRENT_TIMESTAMP, CURRENT_TIMESTAMP), (52, 'Evion 400mg Capsule', 'Procter & Gamble Health', 38.50, 180, 25, DATEADD('DAY', 1000, CURRENT_DATE), 'CAPSULE', 'Vitamin E 400mg capsule for skin, hair, and antioxidant protection.', 'BATCH-IN-052', 6, 2, false, CURRENT_TIMESTAMP, CURRENT_TIMESTAMP)
2026-08-15T18:29:30.422Z DEBUG 260944 --- [pharmacy-inventory-management] [  restartedMain] o.s.jdbc.datasource.init.ScriptUtils     : 10 returned as update count for SQL: INSERT INTO sales (sale_date, quantity, unit_price, cost_price, total_price, medication_id, created_at) VALUES (CURRENT_DATE, 5, 30.50, 21.35, 152.50, 1, CURRENT_TIMESTAMP), (CURRENT_DATE, 3, 155.00, 108.50, 465.00, 6, CURRENT_TIMESTAMP), (DATEADD('DAY', -1, CURRENT_DATE), 2, 204.00, 142.80, 408.00, 12, CURRENT_TIMESTAMP), (DATEADD('DAY', -2, CURRENT_DATE), 4, 132.00, 92.40, 528.00, 35, CURRENT_TIMESTAMP), (DATEADD('DAY', -3, CURRENT_DATE), 10, 24.00, 16.80, 240.00, 2, CURRENT_TIMESTAMP), (DATEADD('DAY', -4, CURRENT_DATE), 1, 525.00, 367.50, 525.00, 46, CURRENT_TIMESTAMP), (DATEADD('DAY', -5, CURRENT_DATE), 6, 25.50, 17.85, 153.00, 34, CURRENT_TIMESTAMP), (DATEADD('DAY', -6, CURRENT_DATE), 2, 198.50, 138.95, 397.00, 7, CURRENT_TIMESTAMP), (DATEADD('MONTH', -1, CURRENT_DATE), 15, 30.50, 21.35, 457.50, 1, CURRENT_TIMESTAMP), (DATEADD('MONTH', -2, CURRENT_DATE), 20, 45.00, 31.50, 900.00, 3, CURRENT_TIMESTAMP)
2026-08-15T18:29:30.422Z DEBUG 260944 --- [pharmacy-inventory-management] [  restartedMain] o.s.jdbc.datasource.init.ScriptUtils     : Executed SQL script from file [/app/target/classes/data.sql] in 41 ms.
2026-08-15T18:29:30.460Z  WARN 260944 --- [pharmacy-inventory-management] [  restartedMain] o.s.b.d.a.OptionalLiveReloadServer       : Unable to start LiveReload server
2026-08-15T18:29:30.504Z  INFO 260944 --- [pharmacy-inventory-management] [  restartedMain] o.s.b.w.embedded.tomcat.TomcatWebServer  : Tomcat started on port 8088 (http) with context path ''
2026-08-15T18:29:30.509Z  INFO 260944 --- [pharmacy-inventory-management] [  restartedMain] c.p.i.InventoryManagementApplication     : Started InventoryManagementApplication in 1.599 seconds (process running for 273.793)
2026-08-15T18:29:30.513Z  INFO 260944 --- [pharmacy-inventory-management] [  restartedMain] .ConditionEvaluationDeltaLoggingListener : Condition evaluation unchanged
2026-08-15T18:29:31.884Z  INFO 260944 --- [pharmacy-inventory-management] [   File Watcher] rtingClassPathChangeChangedEventListener : Restarting due to 56 class path changes (56 additions, 0 deletions, 0 modifications)
2026-08-15T18:29:31.899Z  INFO 260944 --- [pharmacy-inventory-management] [       Thread-5] j.LocalContainerEntityManagerFactoryBean : Closing JPA EntityManagerFactory for persistence unit 'default'
Hibernate:
    drop table if exists categories cascade
Hibernate:
    drop table if exists medications cascade
Hibernate:
    drop table if exists sales cascade
Hibernate:
    drop table if exists suppliers cascade
2026-08-15T18:29:31.917Z  WARN 260944 --- [pharmacy-inventory-management] [       Thread-5] o.s.b.f.support.DisposableBeanAdapter    : Invocation of destroy method failed on bean with name 'inMemoryDatabaseShutdownExecutor': org.h2.jdbc.JdbcSQLNonTransientConnectionException: Database is already closed (to disable automatic closing at VM shutdown, add ";DB_CLOSE_ON_EXIT=FALSE" to the db URL) [90121-224]
2026-08-15T18:29:31.917Z  INFO 260944 --- [pharmacy-inventory-management] [       Thread-5] com.zaxxer.hikari.HikariDataSource       : HikariPool-2 - Shutdown initiated...
2026-08-15T18:29:31.928Z  INFO 260944 --- [pharmacy-inventory-management] [       Thread-5] com.zaxxer.hikari.HikariDataSource       : HikariPool-2 - Shutdown completed.

  .   ____          _            __ _ _
 /\\ / ___'_ __ _ _(_)_ __  __ _ \ \ \ \
( ( )\___ | '_ | '_| | '_ \/ _` | \ \ \ \
 \\/  ___)| |_)| | | | | || (_| |  ) ) ) )
  '  |____| .__|_| |_|_| |_\__, | / / / /
 =========|_|==============|___/=/_/_/_/
 :: Spring Boot ::                (v3.2.0)

2026-08-15T18:29:32.129Z  INFO 260944 --- [pharmacy-inventory-management] [  restartedMain] c.p.i.InventoryManagementApplication     : Starting InventoryManagementApplication using Java 21.0.10 with PID 260944 (/app/target/classes started by jules in /app)
2026-08-15T18:29:32.130Z DEBUG 260944 --- [pharmacy-inventory-management] [  restartedMain] c.p.i.InventoryManagementApplication     : Running with Spring Boot v3.2.0, Spring v6.1.1
2026-08-15T18:29:32.130Z  INFO 260944 --- [pharmacy-inventory-management] [  restartedMain] c.p.i.InventoryManagementApplication     : No active profile set, falling back to 1 default profile: "default"
2026-08-15T18:29:32.455Z  INFO 260944 --- [pharmacy-inventory-management] [  restartedMain] .s.d.r.c.RepositoryConfigurationDelegate : Bootstrapping Spring Data JPA repositories in DEFAULT mode.
2026-08-15T18:29:32.479Z  INFO 260944 --- [pharmacy-inventory-management] [  restartedMain] .s.d.r.c.RepositoryConfigurationDelegate : Finished Spring Data repository scanning in 23 ms. Found 6 JPA repository interfaces.
2026-08-15T18:29:32.621Z  INFO 260944 --- [pharmacy-inventory-management] [  restartedMain] o.s.b.w.embedded.tomcat.TomcatWebServer  : Tomcat initialized with port 8088 (http)
2026-08-15T18:29:32.622Z  INFO 260944 --- [pharmacy-inventory-management] [  restartedMain] o.apache.catalina.core.StandardService   : Starting service [Tomcat]
2026-08-15T18:29:32.623Z  INFO 260944 --- [pharmacy-inventory-management] [  restartedMain] o.apache.catalina.core.StandardEngine    : Starting Servlet engine: [Apache Tomcat/10.1.16]
2026-08-15T18:29:32.635Z  INFO 260944 --- [pharmacy-inventory-management] [  restartedMain] o.a.c.c.C.[Tomcat].[localhost].[/]       : Initializing Spring embedded WebApplicationContext
2026-08-15T18:29:32.636Z  INFO 260944 --- [pharmacy-inventory-management] [  restartedMain] w.s.c.ServletWebServerApplicationContext : Root WebApplicationContext: initialization completed in 502 ms
2026-08-15T18:29:32.655Z  INFO 260944 --- [pharmacy-inventory-management] [  restartedMain] com.zaxxer.hikari.HikariDataSource       : HikariPool-3 - Starting...
2026-08-15T18:29:32.663Z  INFO 260944 --- [pharmacy-inventory-management] [  restartedMain] com.zaxxer.hikari.pool.HikariPool        : HikariPool-3 - Added connection conn20: url=jdbc:h2:mem:pharmacydb user=SA
2026-08-15T18:29:32.664Z  INFO 260944 --- [pharmacy-inventory-management] [  restartedMain] com.zaxxer.hikari.HikariDataSource       : HikariPool-3 - Start completed.
2026-08-15T18:29:32.664Z  INFO 260944 --- [pharmacy-inventory-management] [  restartedMain] o.s.b.a.h2.H2ConsoleAutoConfiguration    : H2 console available at '/h2-console'. Database available at 'jdbc:h2:mem:pharmacydb'
2026-08-15T18:29:32.701Z  INFO 260944 --- [pharmacy-inventory-management] [  restartedMain] o.hibernate.jpa.internal.util.LogHelper  : HHH000204: Processing PersistenceUnitInfo [name: default]
2026-08-15T18:29:32.704Z  INFO 260944 --- [pharmacy-inventory-management] [  restartedMain] o.h.c.internal.RegionFactoryInitiator    : HHH000026: Second-level cache disabled
2026-08-15T18:29:32.708Z  INFO 260944 --- [pharmacy-inventory-management] [  restartedMain] o.s.o.j.p.SpringPersistenceUnitInfo      : No LoadTimeWeaver setup: ignoring JPA class transformer
2026-08-15T18:29:32.709Z  WARN 260944 --- [pharmacy-inventory-management] [  restartedMain] org.hibernate.orm.deprecation            : HHH90000025: H2Dialect does not need to be specified explicitly using 'hibernate.dialect' (remove the property setting and it will be selected by default)
2026-08-15T18:29:32.870Z  INFO 260944 --- [pharmacy-inventory-management] [  restartedMain] o.h.e.t.j.p.i.JtaPlatformInitiator       : HHH000489: No JTA platform available (set 'hibernate.transaction.jta.platform' to enable JTA platform integration)
Hibernate:
    drop table if exists categories cascade
Hibernate:
    drop table if exists medications cascade
Hibernate:
    drop table if exists sales cascade
Hibernate:
    drop table if exists suppliers cascade
Hibernate:
    drop table if exists users cascade
Hibernate:
    create table categories (
        created_at timestamp(6),
        id bigint generated by default as identity,
        updated_at timestamp(6),
        description varchar(500),
        name varchar(255) not null unique,
        primary key (id)
    )
Hibernate:
    create table medications (
        expiration_date date,
        is_deleted boolean,
        low_stock_threshold integer,
        price numeric(10,2) not null,
        quantity integer not null,
        category_id bigint,
        created_at timestamp(6),
        id bigint generated by default as identity,
        supplier_id bigint,
        updated_at timestamp(6),
        description varchar(1000),
        batch_number varchar(255),
        manufacturer varchar(255),
        name varchar(255) not null,
        type varchar(255),
        primary key (id)
    )
Hibernate:
    create table sales (
        cost_price numeric(10,2),
        quantity integer not null,
        sale_date date not null,
        total_price numeric(10,2) not null,
        unit_price numeric(10,2) not null,
        created_at timestamp(6),
        id bigint generated by default as identity,
        medication_id bigint not null,
        primary key (id)
    )
Hibernate:
    create table suppliers (
        active boolean default true not null,
        created_at timestamp(6),
        id bigint generated by default as identity,
        updated_at timestamp(6),
        address varchar(500),
        contact_person varchar(255),
        email varchar(255) not null unique,
        name varchar(255) not null,
        phone varchar(255) not null,
        primary key (id)
    )
Hibernate:
    create table users (
        created_at timestamp(6),
        id bigint generated by default as identity,
        email varchar(255) not null unique,
        full_name varchar(255) not null,
        password varchar(255) not null,
        role varchar(255) not null,
        primary key (id)
    )
Hibernate:
    alter table if exists medications
       add constraint FKmf1t7pw4h0df5jr8gld0uf05k
       foreign key (category_id)
       references categories
Hibernate:
    alter table if exists medications
       add constraint FK94rldjohkfmifdk13m2i03g70
       foreign key (supplier_id)
       references suppliers
Hibernate:
    alter table if exists sales
       add constraint FKaawj0sejy9oq9li56m5hum7tp
       foreign key (medication_id)
       references medications
2026-08-15T18:29:32.892Z  INFO 260944 --- [pharmacy-inventory-management] [  restartedMain] j.LocalContainerEntityManagerFactoryBean : Initialized JPA EntityManagerFactory for persistence unit 'default'
2026-08-15T18:29:33.739Z DEBUG 260944 --- [pharmacy-inventory-management] [  restartedMain] o.s.jdbc.datasource.init.ScriptUtils     : Executing SQL script from file [/app/target/classes/schema.sql]
2026-08-15T18:29:33.745Z DEBUG 260944 --- [pharmacy-inventory-management] [  restartedMain] o.s.jdbc.datasource.init.ScriptUtils     : 0 returned as update count for SQL: CREATE TABLE IF NOT EXISTS categories ( id BIGINT AUTO_INCREMENT PRIMARY KEY, name VARCHAR(255) NOT NULL UNIQUE, description VARCHAR(1000), created_at TIMESTAMP, updated_at TIMESTAMP )
2026-08-15T18:29:33.746Z DEBUG 260944 --- [pharmacy-inventory-management] [  restartedMain] o.s.jdbc.datasource.init.ScriptUtils     : 0 returned as update count for SQL: CREATE TABLE IF NOT EXISTS suppliers ( id BIGINT AUTO_INCREMENT PRIMARY KEY, name VARCHAR(255) NOT NULL, contact_person VARCHAR(255) NOT NULL, phone VARCHAR(50) NOT NULL, email VARCHAR(255), address VARCHAR(500), active BOOLEAN DEFAULT TRUE NOT NULL, created_at TIMESTAMP, updated_at TIMESTAMP )
2026-08-15T18:29:33.747Z DEBUG 260944 --- [pharmacy-inventory-management] [  restartedMain] o.s.jdbc.datasource.init.ScriptUtils     : 0 returned as update count for SQL: CREATE TABLE IF NOT EXISTS medications ( id BIGINT AUTO_INCREMENT PRIMARY KEY, name VARCHAR(255) NOT NULL UNIQUE, description VARCHAR(1000), quantity INTEGER NOT NULL, price DOUBLE PRECISION NOT NULL, expiration_date DATE, low_stock_threshold INTEGER DEFAULT 10, manufacturer VARCHAR(255), batch_number VARCHAR(100), type VARCHAR(50), is_deleted BOOLEAN DEFAULT FALSE, category_id BIGINT, supplier_id BIGINT, created_at TIMESTAMP, updated_at TIMESTAMP, FOREIGN KEY (category_id) REFERENCES categories(id), FOREIGN KEY (supplier_id) REFERENCES suppliers(id) )
2026-08-15T18:29:33.747Z DEBUG 260944 --- [pharmacy-inventory-management] [  restartedMain] o.s.jdbc.datasource.init.ScriptUtils     : 0 returned as update count for SQL: CREATE TABLE IF NOT EXISTS users ( id BIGINT AUTO_INCREMENT PRIMARY KEY, full_name VARCHAR(255) NOT NULL, email VARCHAR(255) NOT NULL UNIQUE, password VARCHAR(255) NOT NULL, role VARCHAR(50) NOT NULL, created_at TIMESTAMP )
2026-08-15T18:29:33.748Z DEBUG 260944 --- [pharmacy-inventory-management] [  restartedMain] o.s.jdbc.datasource.init.ScriptUtils     : 0 returned as update count for SQL: CREATE TABLE IF NOT EXISTS sales ( id BIGINT AUTO_INCREMENT PRIMARY KEY, sale_date DATE NOT NULL, quantity INTEGER NOT NULL, unit_price NUMERIC(10,2) NOT NULL, cost_price NUMERIC(10,2), total_price NUMERIC(10,2) NOT NULL, medication_id BIGINT NOT NULL, created_at TIMESTAMP, FOREIGN KEY (medication_id) REFERENCES medications(id) )
2026-08-15T18:29:33.751Z DEBUG 260944 --- [pharmacy-inventory-management] [  restartedMain] o.s.jdbc.datasource.init.ScriptUtils     : 0 returned as update count for SQL: CREATE INDEX IF NOT EXISTS idx_users_email ON users(email)
2026-08-15T18:29:33.751Z DEBUG 260944 --- [pharmacy-inventory-management] [  restartedMain] o.s.jdbc.datasource.init.ScriptUtils     : 0 returned as update count for SQL: CREATE INDEX IF NOT EXISTS idx_sales_date ON sales(sale_date)
2026-08-15T18:29:33.752Z DEBUG 260944 --- [pharmacy-inventory-management] [  restartedMain] o.s.jdbc.datasource.init.ScriptUtils     : 0 returned as update count for SQL: CREATE INDEX IF NOT EXISTS idx_sales_medication ON sales(medication_id)
2026-08-15T18:29:33.752Z DEBUG 260944 --- [pharmacy-inventory-management] [  restartedMain] o.s.jdbc.datasource.init.ScriptUtils     : 0 returned as update count for SQL: CREATE INDEX IF NOT EXISTS idx_medication_name ON medications(name)
2026-08-15T18:29:33.753Z DEBUG 260944 --- [pharmacy-inventory-management] [  restartedMain] o.s.jdbc.datasource.init.ScriptUtils     : 0 returned as update count for SQL: CREATE INDEX IF NOT EXISTS idx_medication_type ON medications(type)
2026-08-15T18:29:33.753Z DEBUG 260944 --- [pharmacy-inventory-management] [  restartedMain] o.s.jdbc.datasource.init.ScriptUtils     : 0 returned as update count for SQL: CREATE INDEX IF NOT EXISTS idx_medication_category ON medications(category_id)
2026-08-15T18:29:33.754Z DEBUG 260944 --- [pharmacy-inventory-management] [  restartedMain] o.s.jdbc.datasource.init.ScriptUtils     : 0 returned as update count for SQL: CREATE INDEX IF NOT EXISTS idx_medication_supplier ON medications(supplier_id)
2026-08-15T18:29:33.754Z DEBUG 260944 --- [pharmacy-inventory-management] [  restartedMain] o.s.jdbc.datasource.init.ScriptUtils     : 0 returned as update count for SQL: CREATE INDEX IF NOT EXISTS idx_category_name ON categories(name)
2026-08-15T18:29:33.754Z DEBUG 260944 --- [pharmacy-inventory-management] [  restartedMain] o.s.jdbc.datasource.init.ScriptUtils     : 0 returned as update count for SQL: CREATE INDEX IF NOT EXISTS idx_supplier_name ON suppliers(name)
2026-08-15T18:29:33.755Z DEBUG 260944 --- [pharmacy-inventory-management] [  restartedMain] o.s.jdbc.datasource.init.ScriptUtils     : Executed SQL script from file [/app/target/classes/schema.sql] in 14 ms.
2026-08-15T18:29:33.755Z DEBUG 260944 --- [pharmacy-inventory-management] [  restartedMain] o.s.jdbc.datasource.init.ScriptUtils     : Executing SQL script from file [/app/target/classes/data.sql]
2026-08-15T18:29:33.761Z DEBUG 260944 --- [pharmacy-inventory-management] [  restartedMain] o.s.jdbc.datasource.init.ScriptUtils     : 0 returned as update count for SQL: DELETE FROM sales
2026-08-15T18:29:33.761Z DEBUG 260944 --- [pharmacy-inventory-management] [  restartedMain] o.s.jdbc.datasource.init.ScriptUtils     : 0 returned as update count for SQL: DELETE FROM medications
2026-08-15T18:29:33.761Z DEBUG 260944 --- [pharmacy-inventory-management] [  restartedMain] o.s.jdbc.datasource.init.ScriptUtils     : 0 returned as update count for SQL: DELETE FROM categories
2026-08-15T18:29:33.762Z DEBUG 260944 --- [pharmacy-inventory-management] [  restartedMain] o.s.jdbc.datasource.init.ScriptUtils     : 0 returned as update count for SQL: DELETE FROM suppliers
2026-08-15T18:29:33.762Z DEBUG 260944 --- [pharmacy-inventory-management] [  restartedMain] o.s.jdbc.datasource.init.ScriptUtils     : 0 returned as update count for SQL: DELETE FROM users
2026-08-15T18:29:33.764Z DEBUG 260944 --- [pharmacy-inventory-management] [  restartedMain] o.s.jdbc.datasource.init.ScriptUtils     : 15 returned as update count for SQL: INSERT INTO categories (id, name, description, created_at, updated_at) VALUES (1, 'Analgesics & Pain Relief', 'Pain relief and anti-inflammatory medications', CURRENT_TIMESTAMP, CURRENT_TIMESTAMP), (2, 'Fever & Cold', 'Antipyretics, cold, cough, and decongestants', CURRENT_TIMESTAMP, CURRENT_TIMESTAMP), (3, 'Antibiotics & Antifungals', 'Anti-bacterial and anti-fungal treatments', CURRENT_TIMESTAMP, CURRENT_TIMESTAMP), (4, 'Antacids & Gastrointestinal', 'Medications for acidity, GERD, and digestion', CURRENT_TIMESTAMP, CURRENT_TIMESTAMP), (5, 'Antihistamines & Allergy', 'Allergy relief and anti-histamine drugs', CURRENT_TIMESTAMP, CURRENT_TIMESTAMP), (6, 'Vitamins & Supplements', 'Nutritional supplements and mineral formulas', CURRENT_TIMESTAMP, CURRENT_TIMESTAMP), (7, 'Antidiabetics', 'Blood sugar control and diabetes management', CURRENT_TIMESTAMP, CURRENT_TIMESTAMP), (8, 'Cardiovascular & BP', 'Hypertension, heart, and cholesterol medications', CURRENT_TIMESTAMP, CURRENT_TIMESTAMP), (9, 'Skin Care & Topical', 'Creams, ointments, and dermatological remedies', CURRENT_TIMESTAMP, CURRENT_TIMESTAMP), (10, 'Eye & Ear Care', 'Ophthalmic and otic drops', CURRENT_TIMESTAMP, CURRENT_TIMESTAMP), (11, 'First Aid & Antiseptics', 'Disinfectants, bandages, and wound care', CURRENT_TIMESTAMP, CURRENT_TIMESTAMP), (12, 'Respiratory & Asthma', 'Inhalers, bronchodilators, and lung care', CURRENT_TIMESTAMP, CURRENT_TIMESTAMP), (13, 'Hormones & Steroids', 'Endocrine treatments and anti-inflammatory steroids', CURRENT_TIMESTAMP, CURRENT_TIMESTAMP), (14, 'CNS & Psychiatric', 'Neurological, anti-anxiety, and sleep aids', CURRENT_TIMESTAMP, CURRENT_TIMESTAMP), (15, 'Muscle Relaxants', 'Treatments for muscle spasms and stiffness', CURRENT_TIMESTAMP, CURRENT_TIMESTAMP)
2026-08-15T18:29:33.765Z DEBUG 260944 --- [pharmacy-inventory-management] [  restartedMain] o.s.jdbc.datasource.init.ScriptUtils     : 10 returned as update count for SQL: INSERT INTO suppliers (id, name, contact_person, phone, email, address, active, created_at, updated_at) VALUES (1, 'Apollo Pharmacy Distributors', 'Rajesh Sharma', '+91 98765 43210', 'rajesh@apollodist.in', '12, Link Road, Andheri West, Mumbai, Maharashtra 400053', true, CURRENT_TIMESTAMP, CURRENT_TIMESTAMP), (2, 'MedPlus Logistics', 'Sunil Verma', '+91 91234 56789', 'sunil@medplus.co.in', '45, MG Road, Indiranagar, Bengaluru, Karnataka 560038', true, CURRENT_TIMESTAMP, CURRENT_TIMESTAMP), (3, 'Cipla Supply Chain Ltd', 'Priya Patel', '+91 99887 66554', 'priya.patel@cipla-supply.in', '78, CG Road, Navrangpura, Ahmedabad, Gujarat 380009', true, CURRENT_TIMESTAMP, CURRENT_TIMESTAMP), (4, 'Sun Pharma Wholesalers', 'Amitabh Roy', '+91 98112 23344', 'amitabh@sunwholesalers.in', '102, Connaught Place, New Delhi, Delhi 110001', true, CURRENT_TIMESTAMP, CURRENT_TIMESTAMP), (5, 'Dr Reddys Pharma Depot', 'Kavita Reddy', '+91 97001 12233', 'kavita@drreddysdepot.in', '33, Banjara Hills, Road No 12, Hyderabad, Telangana 500034', true, CURRENT_TIMESTAMP, CURRENT_TIMESTAMP), (6, 'Mankind Pharma Supply', 'Vikram Singh', '+91 98450 98450', 'vikram@mankindsupply.in', '56, Park Street, Kolkata, West Bengal 700016', true, CURRENT_TIMESTAMP, CURRENT_TIMESTAMP), (7, 'Lupin Medical Agencies', 'Sanjay Kulkarni', '+91 98220 12345', 'sanjay@lupinagencies.in', '88, FC Road, Shivajinagar, Pune, Maharashtra 411005', true, CURRENT_TIMESTAMP, CURRENT_TIMESTAMP), (8, 'Zydus Health Distributors', 'Anil Mehta', '+91 99000 55443', 'anil@zydusdist.in', '21, SG Highway, Thaltej, Ahmedabad, Gujarat 380054', true, CURRENT_TIMESTAMP, CURRENT_TIMESTAMP), (9, 'Torrent Pharma Depot', 'Meena Iyer', '+91 94440 11223', 'meena@torrentdepot.in', '14, Anna Salai, T Nagar, Chennai, Tamil Nadu 600017', true, CURRENT_TIMESTAMP, CURRENT_TIMESTAMP), (10, 'Alkem Pharma Services', 'Rohan Gupta', '+91 98300 77889', 'rohan@alkemservices.in', '67, Boring Road, Patna, Bihar 800001', true, CURRENT_TIMESTAMP, CURRENT_TIMESTAMP)
2026-08-15T18:29:33.775Z DEBUG 260944 --- [pharmacy-inventory-management] [  restartedMain] o.s.jdbc.datasource.init.ScriptUtils     : 52 returned as update count for SQL: INSERT INTO medications (id, name, manufacturer, price, quantity, low_stock_threshold, expiration_date, type, description, batch_number, category_id, supplier_id, is_deleted, created_at, updated_at) VALUES (1, 'Dolo 650mg Tablet', 'Micro Labs Ltd', 30.50, 150, 20, DATEADD('DAY', -5, CURRENT_DATE), 'TABLET', 'Paracetamol 650mg used for fever and mild to moderate pain relief.', 'BATCH-IN-001', 2, 1, false, CURRENT_TIMESTAMP, CURRENT_TIMESTAMP), (2, 'Crocin 500mg Tablet', 'GlaxoSmithKline', 24.00, 120, 15, DATEADD('DAY', -2, CURRENT_DATE), 'TABLET', 'Fast acting analgesic and antipyretic for fever and headache.', 'BATCH-IN-002', 2, 1, false, CURRENT_TIMESTAMP, CURRENT_TIMESTAMP), (3, 'Combiflam Tablet', 'Sanofi India', 45.00, 5, 15, DATEADD('DAY', 3, CURRENT_DATE), 'TABLET', 'Ibuprofen 400mg + Paracetamol 325mg combination for joint and muscle pain.', 'BATCH-IN-003', 1, 2, false, CURRENT_TIMESTAMP, CURRENT_TIMESTAMP), (4, 'Zerodol-SP Tablet', 'Ipca Laboratories', 115.00, 80, 15, DATEADD('DAY', 5, CURRENT_DATE), 'TABLET', 'Aceclofenac 100mg + Paracetamol 325mg + Serratiopeptidase 15mg for swelling and pain.', 'BATCH-IN-004', 1, 3, false, CURRENT_TIMESTAMP, CURRENT_TIMESTAMP), (5, 'Sumo 100mg/325mg Tablet', 'Alkem Laboratories', 88.00, 4, 10, DATEADD('DAY', 12, CURRENT_DATE), 'TABLET', 'Nimesulide + Paracetamol combination for acute pain and inflammatory fever.', 'BATCH-IN-005', 1, 10, false, CURRENT_TIMESTAMP, CURRENT_TIMESTAMP), (6, 'Pan 40mg Tablet', 'Alkem Laboratories', 155.00, 90, 15, DATEADD('DAY', 18, CURRENT_DATE), 'TABLET', 'Pantoprazole gastro-resistant tablet for hyperacidity, GERD, and stomach ulcers.', 'BATCH-IN-006', 4, 10, false, CURRENT_TIMESTAMP, CURRENT_TIMESTAMP), (7, 'Pantocid D SR Capsule', 'Sun Pharma', 198.50, 60, 10, DATEADD('DAY', 25, CURRENT_DATE), 'CAPSULE', 'Pantoprazole 40mg + Domperidone 30mg SR for acidity with nausea.', 'BATCH-IN-007', 4, 4, false, CURRENT_TIMESTAMP, CURRENT_TIMESTAMP), (8, 'Omez 20mg Capsule', 'Dr Reddys Laboratories', 62.00, 110, 20, DATEADD('DAY', 28, CURRENT_DATE), 'CAPSULE', 'Omeprazole 20mg for peptic ulcer disease and heartburn relief.', 'BATCH-IN-008', 4, 5, false, CURRENT_TIMESTAMP, CURRENT_TIMESTAMP), (9, 'Digene Gel Syrup 200ml', 'Abbott India', 142.00, 35, 8, DATEADD('DAY', 45, CURRENT_DATE), 'SYRUP', 'Antacid liquid providing quick relief from acidity, gas, and bloat.', 'BATCH-IN-009', 4, 2, false, CURRENT_TIMESTAMP, CURRENT_TIMESTAMP), (10, 'Gelusil MPS Syrup 200ml', 'Pfizer India', 130.00, 40, 10, DATEADD('DAY', 60, CURRENT_DATE), 'SYRUP', 'Antacid and anti-flatulent liquid syrup for stomach acidity.', 'BATCH-IN-010', 4, 2, false, CURRENT_TIMESTAMP, CURRENT_TIMESTAMP), (11, 'Azithral 500mg Tablet', 'Alembic Pharmaceuticals', 121.50, 45, 10, DATEADD('DAY', 90, CURRENT_DATE), 'TABLET', 'Azithromycin 500mg antibiotic for throat, chest, and skin infections.', 'BATCH-IN-011', 3, 1, false, CURRENT_TIMESTAMP, CURRENT_TIMESTAMP), (12, 'Moxikind-CV 625 Tablet', 'Mankind Pharma', 204.00, 70, 15, DATEADD('DAY', 120, CURRENT_DATE), 'TABLET', 'Amoxicillin 500mg + Clavulanic Acid 125mg broad spectrum antibiotic.', 'BATCH-IN-012', 3, 6, false, CURRENT_TIMESTAMP, CURRENT_TIMESTAMP), (13, 'Augmentin 625 Duo Tablet', 'GlaxoSmithKline', 223.00, 65, 12, DATEADD('DAY', 150, CURRENT_DATE), 'TABLET', 'Potent antibacterial for severe respiratory, urinary, and dental infections.', 'BATCH-IN-013', 3, 1, false, CURRENT_TIMESTAMP, CURRENT_TIMESTAMP), (14, 'Ciplox 500mg Tablet', 'Cipla Ltd', 42.00, 85, 20, DATEADD('DAY', 180, CURRENT_DATE), 'TABLET', 'Ciprofloxacin 500mg fluoroquinolone antibiotic.', 'BATCH-IN-014', 3, 3, false, CURRENT_TIMESTAMP, CURRENT_TIMESTAMP), (15, 'Taxim-O 200mg Tablet', 'Alkem Laboratories', 112.00, 50, 10, DATEADD('DAY', 200, CURRENT_DATE), 'TABLET', 'Cefixime 200mg oral cephalosporin antibiotic.', 'BATCH-IN-015', 3, 10, false, CURRENT_TIMESTAMP, CURRENT_TIMESTAMP), (16, 'Azee 500mg Tablet', 'Cipla Ltd', 118.00, 55, 12, DATEADD('DAY', 210, CURRENT_DATE), 'TABLET', 'Azithromycin tablet for bacterial respiratory tract infections.', 'BATCH-IN-016', 3, 3, false, CURRENT_TIMESTAMP, CURRENT_TIMESTAMP), (17, 'Allegra 120mg Tablet', 'Sanofi India', 210.00, 40, 10, DATEADD('DAY', 240, CURRENT_DATE), 'TABLET', 'Fexofenadine 120mg non-drowsy anti-allergy medication.', 'BATCH-IN-017', 5, 2, false, CURRENT_TIMESTAMP, CURRENT_TIMESTAMP), (18, 'Cetzine 10mg Tablet', 'Dr Reddys Laboratories', 22.00, 140, 25, DATEADD('DAY', 270, CURRENT_DATE), 'TABLET', 'Cetirizine 10mg for allergic rhinitis, sneezing, and hives.', 'BATCH-IN-018', 5, 5, false, CURRENT_TIMESTAMP, CURRENT_TIMESTAMP), (19, 'Levocet 5mg Tablet', 'Cipla Ltd', 48.00, 100, 20, DATEADD('DAY', 300, CURRENT_DATE), 'TABLET', 'Levocetirizine 5mg for allergic cold and skin allergies.', 'BATCH-IN-019', 5, 3, false, CURRENT_TIMESTAMP, CURRENT_TIMESTAMP), (20, 'Avil 25mg Tablet', 'Sanofi India', 12.50, 200, 30, DATEADD('DAY', 330, CURRENT_DATE), 'TABLET', 'Pheniramine maleate anti-allergy tablet for itching and motion sickness.', 'BATCH-IN-020', 5, 2, false, CURRENT_TIMESTAMP, CURRENT_TIMESTAMP), (21, 'Ascoril LS Syrup 100ml', 'Glenmark Pharmaceuticals', 118.00, 50, 12, DATEADD('DAY', 360, CURRENT_DATE), 'SYRUP', 'Levosalbutamol + Ambroxol + Guaiphenesin mucolytic cough syrup for wet cough.', 'BATCH-IN-021', 2, 7, false, CURRENT_TIMESTAMP, CURRENT_TIMESTAMP), (22, 'Benadryl Cough Syrup 150ml', 'Johnson & Johnson', 135.00, 60, 15, DATEADD('DAY', 380, CURRENT_DATE), 'SYRUP', 'Soothes dry cough and throat irritation.', 'BATCH-IN-022', 2, 1, false, CURRENT_TIMESTAMP, CURRENT_TIMESTAMP), (23, 'Alex Cough Syrup 100ml', 'Glenmark Pharmaceuticals', 125.00, 45, 10, DATEADD('DAY', 400, CURRENT_DATE), 'SYRUP', 'Dextromethorphan + Chlorpheniramine dry cough formula.', 'BATCH-IN-023', 2, 7, false, CURRENT_TIMESTAMP, CURRENT_TIMESTAMP), (24, 'Glycomet 500mg Tablet', 'USV Private Ltd', 32.00, 180, 30, DATEADD('DAY', 420, CURRENT_DATE), 'TABLET', 'Metformin 500mg for type-2 diabetes blood sugar management.', 'BATCH-IN-024', 7, 2, false, CURRENT_TIMESTAMP, CURRENT_TIMESTAMP), (25, 'Glycomet GP 2 Tablet', 'USV Private Ltd', 145.00, 90, 15, DATEADD('DAY', 450, CURRENT_DATE), 'TABLET', 'Metformin 500mg + Glimepiride 2mg dual diabetes control.', 'BATCH-IN-025', 7, 2, false, CURRENT_TIMESTAMP, CURRENT_TIMESTAMP), (26, 'Janumet 50mg/500mg Tablet', 'MSD India', 580.00, 30, 8, DATEADD('DAY', 480, CURRENT_DATE), 'TABLET', 'Sitagliptin + Metformin advanced oral antidiabetic.', 'BATCH-IN-026', 7, 4, false, CURRENT_TIMESTAMP, CURRENT_TIMESTAMP), (27, 'Amlokind 5mg Tablet', 'Mankind Pharma', 18.50, 220, 30, DATEADD('DAY', 500, CURRENT_DATE), 'TABLET', 'Amlodipine 5mg calcium channel blocker for hypertension.', 'BATCH-IN-027', 8, 6, false, CURRENT_TIMESTAMP, CURRENT_TIMESTAMP), (28, 'Telmikind 40mg Tablet', 'Mankind Pharma', 52.00, 130, 20, DATEADD('DAY', 520, CURRENT_DATE), 'TABLET', 'Telmisartan 40mg angiotensin receptor blocker for BP control.', 'BATCH-IN-028', 8, 6, false, CURRENT_TIMESTAMP, CURRENT_TIMESTAMP), (29, 'Losar 50mg Tablet', 'Torrent Pharmaceuticals', 86.00, 95, 15, DATEADD('DAY', 540, CURRENT_DATE), 'TABLET', 'Losartan potassium 50mg for high blood pressure.', 'BATCH-IN-029', 8, 9, false, CURRENT_TIMESTAMP, CURRENT_TIMESTAMP), (30, 'Ciplar 10mg Tablet', 'Cipla Ltd', 24.50, 110, 20, DATEADD('DAY', 560, CURRENT_DATE), 'TABLET', 'Propranolol 10mg beta-blocker for BP and anxiety tremors.', 'BATCH-IN-030', 8, 3, false, CURRENT_TIMESTAMP, CURRENT_TIMESTAMP), (31, 'Atorva 10mg Tablet', 'Zydus Cadila', 98.00, 85, 15, DATEADD('DAY', 580, CURRENT_DATE), 'TABLET', 'Atorvastatin 10mg for cholesterol management.', 'BATCH-IN-031', 8, 8, false, CURRENT_TIMESTAMP, CURRENT_TIMESTAMP), (32, 'Ecosprin 75mg Tablet', 'USV Private Ltd', 9.50, 300, 50, DATEADD('DAY', 600, CURRENT_DATE), 'TABLET', 'Low-dose Aspirin 75mg blood thinner for heart health.', 'BATCH-IN-032', 8, 2, false, CURRENT_TIMESTAMP, CURRENT_TIMESTAMP), (33, 'Becosules Capsules (20s)', 'Pfizer India', 50.00, 160, 25, DATEADD('DAY', 620, CURRENT_DATE), 'CAPSULE', 'B-Complex with Vitamin C for immunity, mouth ulcers, and energy.', 'BATCH-IN-033', 6, 2, false, CURRENT_TIMESTAMP, CURRENT_TIMESTAMP), (34, 'Limcee 500mg Chewable Tablet', 'Abbott India', 25.50, 250, 40, DATEADD('DAY', 640, CURRENT_DATE), 'TABLET', 'Vitamin C 500mg chewable tablets for immunity.', 'BATCH-IN-034', 6, 2, false, CURRENT_TIMESTAMP, CURRENT_TIMESTAMP), (35, 'Shelcal 500mg Tablet', 'Torrent Pharmaceuticals', 132.00, 110, 20, DATEADD('DAY', 660, CURRENT_DATE), 'TABLET', 'Calcium 500mg + Vitamin D3 250IU for bone density.', 'BATCH-IN-035', 6, 9, false, CURRENT_TIMESTAMP, CURRENT_TIMESTAMP), (36, 'Urisept 100mg Capsule', 'Lupin Ltd', 165.00, 40, 10, DATEADD('DAY', 680, CURRENT_DATE), 'CAPSULE', 'Nitrofurantoin for urinary tract infections.', 'BATCH-IN-036', 3, 7, false, CURRENT_TIMESTAMP, CURRENT_TIMESTAMP), (37, 'Electral ORS Sachet 21.8g', 'FDC Ltd', 22.00, 400, 50, DATEADD('DAY', 700, CURRENT_DATE), 'POWDER', 'WHO formula Oral Rehydration Salts for dehydration and diarrhea.', 'BATCH-IN-037', 6, 1, false, CURRENT_TIMESTAMP, CURRENT_TIMESTAMP), (38, 'Betadine 10% Ointment 15g', 'Win-Medicare', 72.00, 80, 15, DATEADD('DAY', 720, CURRENT_DATE), 'CREAM', 'Povidone-Iodine antiseptic ointment for wounds and cuts.', 'BATCH-IN-038', 11, 4, false, CURRENT_TIMESTAMP, CURRENT_TIMESTAMP), (39, 'Volini Pain Relief Gel 30g', 'Sun Pharma', 145.00, 65, 12, DATEADD('DAY', 740, CURRENT_DATE), 'GEL', 'Diclofenac gel for quick joint, neck, and back pain relief.', 'BATCH-IN-039', 1, 4, false, CURRENT_TIMESTAMP, CURRENT_TIMESTAMP), (40, 'Omnigel 30g Tube', 'Cipla Ltd', 110.00, 75, 15, DATEADD('DAY', 760, CURRENT_DATE), 'GEL', 'Topical pain relief gel for sprains and strains.', 'BATCH-IN-040', 1, 3, false, CURRENT_TIMESTAMP, CURRENT_TIMESTAMP), (41, 'Candid B Cream 20g', 'Glenmark Pharmaceuticals', 185.00, 50, 10, DATEADD('DAY', 780, CURRENT_DATE), 'CREAM', 'Clotrimazole + Beclomethasone for fungal skin infections.', 'BATCH-IN-041', 9, 7, false, CURRENT_TIMESTAMP, CURRENT_TIMESTAMP), (42, 'Boroline Antiseptic Cream 20g', 'G D Pharmaceuticals', 42.00, 120, 20, DATEADD('DAY', 800, CURRENT_DATE), 'CREAM', 'Ayurvedic antiseptic cream for dry skin and minor cuts.', 'BATCH-IN-042', 9, 6, false, CURRENT_TIMESTAMP, CURRENT_TIMESTAMP), (43, 'Otrivin Adult Nasal Drops 10ml', 'GlaxoSmithKline', 108.00, 70, 15, DATEADD('DAY', 820, CURRENT_DATE), 'DROPS', 'Xylometazoline nasal decongestant for blocked nose.', 'BATCH-IN-043', 2, 1, false, CURRENT_TIMESTAMP, CURRENT_TIMESTAMP), (44, 'Ciplox Eye/Ear Drops 10ml', 'Cipla Ltd', 21.00, 150, 25, DATEADD('DAY', 840, CURRENT_DATE), 'DROPS', 'Ciprofloxacin eye and ear antibacterial drops.', 'BATCH-IN-044', 10, 3, false, CURRENT_TIMESTAMP, CURRENT_TIMESTAMP), (45, 'Asthalin Inhaler 100mcg', 'Cipla Ltd', 162.00, 45, 10, DATEADD('DAY', 860, CURRENT_DATE), 'INHALER', 'Salbutamol inhaler for asthma and bronchospasm relief.', 'BATCH-IN-045', 12, 3, false, CURRENT_TIMESTAMP, CURRENT_TIMESTAMP), (46, 'Foracort 200 Synchrobreathe', 'Cipla Ltd', 525.00, 25, 5, DATEADD('DAY', 880, CURRENT_DATE), 'INHALER', 'Formoterol + Budesonide breath-actuated inhaler for asthma.', 'BATCH-IN-046', 12, 3, false, CURRENT_TIMESTAMP, CURRENT_TIMESTAMP), (47, 'Deriphyllin Retard 150mg', 'Zydus Healthcare', 34.00, 110, 20, DATEADD('DAY', 900, CURRENT_DATE), 'TABLET', 'Etofylline + Theophylline for asthma and chronic bronchitis.', 'BATCH-IN-047', 12, 8, false, CURRENT_TIMESTAMP, CURRENT_TIMESTAMP), (48, 'Thyronorm 50mcg Tablet', 'Abbott India', 185.00, 100, 15, DATEADD('DAY', 920, CURRENT_DATE), 'TABLET', 'Levothyroxine sodium for hypothyroidism management.', 'BATCH-IN-048', 13, 2, false, CURRENT_TIMESTAMP, CURRENT_TIMESTAMP), (49, 'Dexamethasone 0.5mg Tablet', 'Zydus Cadila', 8.50, 300, 50, DATEADD('DAY', 940, CURRENT_DATE), 'TABLET', 'Corticosteroid for severe allergic and inflammatory conditions.', 'BATCH-IN-049', 13, 8, false, CURRENT_TIMESTAMP, CURRENT_TIMESTAMP), (50, 'Myospaz Tablet', 'Win-Medicare', 168.00, 60, 10, DATEADD('DAY', 960, CURRENT_DATE), 'TABLET', 'Paracetamol + Chlorzoxazone muscle relaxant for back pain.', 'BATCH-IN-050', 15, 4, false, CURRENT_TIMESTAMP, CURRENT_TIMESTAMP), (51, 'Alprax 0.25mg Tablet', 'Torrent Pharmaceuticals', 29.00, 90, 15, DATEADD('DAY', 980, CURRENT_DATE), 'TABLET', 'Alprazolam 0.25mg for anxiety and panic disorders.', 'BATCH-IN-051', 14, 9, false, CURRENT_TIMESTAMP, CURRENT_TIMESTAMP), (52, 'Evion 400mg Capsule', 'Procter & Gamble Health', 38.50, 180, 25, DATEADD('DAY', 1000, CURRENT_DATE), 'CAPSULE', 'Vitamin E 400mg capsule for skin, hair, and antioxidant protection.', 'BATCH-IN-052', 6, 2, false, CURRENT_TIMESTAMP, CURRENT_TIMESTAMP)
2026-08-15T18:29:33.776Z DEBUG 260944 --- [pharmacy-inventory-management] [  restartedMain] o.s.jdbc.datasource.init.ScriptUtils     : 10 returned as update count for SQL: INSERT INTO sales (sale_date, quantity, unit_price, cost_price, total_price, medication_id, created_at) VALUES (CURRENT_DATE, 5, 30.50, 21.35, 152.50, 1, CURRENT_TIMESTAMP), (CURRENT_DATE, 3, 155.00, 108.50, 465.00, 6, CURRENT_TIMESTAMP), (DATEADD('DAY', -1, CURRENT_DATE), 2, 204.00, 142.80, 408.00, 12, CURRENT_TIMESTAMP), (DATEADD('DAY', -2, CURRENT_DATE), 4, 132.00, 92.40, 528.00, 35, CURRENT_TIMESTAMP), (DATEADD('DAY', -3, CURRENT_DATE), 10, 24.00, 16.80, 240.00, 2, CURRENT_TIMESTAMP), (DATEADD('DAY', -4, CURRENT_DATE), 1, 525.00, 367.50, 525.00, 46, CURRENT_TIMESTAMP), (DATEADD('DAY', -5, CURRENT_DATE), 6, 25.50, 17.85, 153.00, 34, CURRENT_TIMESTAMP), (DATEADD('DAY', -6, CURRENT_DATE), 2, 198.50, 138.95, 397.00, 7, CURRENT_TIMESTAMP), (DATEADD('MONTH', -1, CURRENT_DATE), 15, 30.50, 21.35, 457.50, 1, CURRENT_TIMESTAMP), (DATEADD('MONTH', -2, CURRENT_DATE), 20, 45.00, 31.50, 900.00, 3, CURRENT_TIMESTAMP)
2026-08-15T18:29:33.776Z DEBUG 260944 --- [pharmacy-inventory-management] [  restartedMain] o.s.jdbc.datasource.init.ScriptUtils     : Executed SQL script from file [/app/target/classes/data.sql] in 21 ms.
2026-08-15T18:29:34.071Z  WARN 260944 --- [pharmacy-inventory-management] [  restartedMain] JpaBaseConfiguration$JpaWebConfiguration : spring.jpa.open-in-view is enabled by default. Therefore, database queries may be performed during view rendering. Explicitly configure spring.jpa.open-in-view to disable this warning
2026-08-15T18:29:34.078Z  INFO 260944 --- [pharmacy-inventory-management] [  restartedMain] o.s.b.a.w.s.WelcomePageHandlerMapping    : Adding welcome page: class path resource [static/index.html]
2026-08-15T18:29:34.182Z  WARN 260944 --- [pharmacy-inventory-management] [  restartedMain] o.s.b.d.a.OptionalLiveReloadServer       : Unable to start LiveReload server
2026-08-15T18:29:34.195Z  INFO 260944 --- [pharmacy-inventory-management] [  restartedMain] o.s.b.w.embedded.tomcat.TomcatWebServer  : Tomcat started on port 8088 (http) with context path ''
2026-08-15T18:29:34.199Z  INFO 260944 --- [pharmacy-inventory-management] [  restartedMain] c.p.i.InventoryManagementApplication     : Started InventoryManagementApplication in 2.111 seconds (process running for 277.483)
2026-08-15T18:29:34.201Z  INFO 260944 --- [pharmacy-inventory-management] [  restartedMain] .ConditionEvaluationDeltaLoggingListener : Condition evaluation unchanged
2026-08-15T18:40:20.664Z  INFO 260944 --- [pharmacy-inventory-management] [   File Watcher] rtingClassPathChangeChangedEventListener : Restarting due to 62 class path changes (0 additions, 56 deletions, 6 modifications)
2026-08-15T18:40:20.728Z  INFO 260944 --- [pharmacy-inventory-management] [      Thread-10] j.LocalContainerEntityManagerFactoryBean : Closing JPA EntityManagerFactory for persistence unit 'default'
Hibernate:
    drop table if exists categories cascade
Hibernate:
    drop table if exists medications cascade
Hibernate:
    drop table if exists sales cascade
Hibernate:
    drop table if exists suppliers cascade
Hibernate:
    drop table if exists users cascade
2026-08-15T18:40:20.764Z  WARN 260944 --- [pharmacy-inventory-management] [      Thread-10] o.s.b.f.support.DisposableBeanAdapter    : Invocation of destroy method failed on bean with name 'inMemoryDatabaseShutdownExecutor': org.h2.jdbc.JdbcSQLNonTransientConnectionException: Database is already closed (to disable automatic closing at VM shutdown, add ";DB_CLOSE_ON_EXIT=FALSE" to the db URL) [90121-224]
2026-08-15T18:40:20.769Z  INFO 260944 --- [pharmacy-inventory-management] [      Thread-10] com.zaxxer.hikari.HikariDataSource       : HikariPool-3 - Shutdown initiated...
2026-08-15T18:40:20.771Z  INFO 260944 --- [pharmacy-inventory-management] [      Thread-10] com.zaxxer.hikari.HikariDataSource       : HikariPool-3 - Shutdown completed.

  .   ____          _            __ _ _
 /\\ / ___'_ __ _ _(_)_ __  __ _ \ \ \ \
( ( )\___ | '_ | '_| | '_ \/ _` | \ \ \ \
 \\/  ___)| |_)| | | | | || (_| |  ) ) ) )
  '  |____| .__|_| |_|_| |_\__, | / / / /
 =========|_|==============|___/=/_/_/_/
 :: Spring Boot ::                (v3.2.0)

2026-08-15T18:40:21.305Z  INFO 260944 --- [pharmacy-inventory-management] [  restartedMain] c.p.i.InventoryManagementApplication     : Starting InventoryManagementApplication using Java 21.0.10 with PID 260944 (/app/target/classes started by jules in /app)
2026-08-15T18:40:21.306Z DEBUG 260944 --- [pharmacy-inventory-management] [  restartedMain] c.p.i.InventoryManagementApplication     : Running with Spring Boot v3.2.0, Spring v6.1.1
2026-08-15T18:40:21.306Z  INFO 260944 --- [pharmacy-inventory-management] [  restartedMain] c.p.i.InventoryManagementApplication     : No active profile set, falling back to 1 default profile: "default"
2026-08-15T18:40:21.606Z  INFO 260944 --- [pharmacy-inventory-management] [  restartedMain] .s.d.r.c.RepositoryConfigurationDelegate : Bootstrapping Spring Data JPA repositories in DEFAULT mode.
2026-08-15T18:40:21.625Z  INFO 260944 --- [pharmacy-inventory-management] [  restartedMain] .s.d.r.c.RepositoryConfigurationDelegate : Finished Spring Data repository scanning in 17 ms. Found 1 JPA repository interface.
2026-08-15T18:40:21.703Z  WARN 260944 --- [pharmacy-inventory-management] [  restartedMain] ConfigServletWebServerApplicationContext : Exception encountered during context initialization - cancelling refresh attempt: java.lang.NullPointerException: Cannot read field "generatedClass" because "data" is null
2026-08-15T18:40:21.714Z  INFO 260944 --- [pharmacy-inventory-management] [  restartedMain] .s.b.a.l.ConditionEvaluationReportLogger :

Error starting ApplicationContext. To display the condition evaluation report re-run your application with 'debug' enabled.
2026-08-15T18:40:21.747Z ERROR 260944 --- [pharmacy-inventory-management] [  restartedMain] o.s.boot.SpringApplication               : Application run failed

java.lang.NullPointerException: Cannot read field "generatedClass" because "data" is null
	at org.springframework.cglib.proxy.Enhancer.nextInstance(Enhancer.java:783) ~[spring-core-6.1.1.jar:6.1.1]
	at org.springframework.cglib.core.AbstractClassGenerator.create(AbstractClassGenerator.java:321) ~[spring-core-6.1.1.jar:6.1.1]
	at org.springframework.cglib.proxy.Enhancer.createHelper(Enhancer.java:562) ~[spring-core-6.1.1.jar:6.1.1]
	at org.springframework.cglib.proxy.Enhancer.createClass(Enhancer.java:407) ~[spring-core-6.1.1.jar:6.1.1]
	at org.springframework.context.annotation.ConfigurationClassEnhancer.createClass(ConfigurationClassEnhancer.java:138) ~[spring-context-6.1.1.jar:6.1.1]
	at org.springframework.context.annotation.ConfigurationClassEnhancer.enhance(ConfigurationClassEnhancer.java:109) ~[spring-context-6.1.1.jar:6.1.1]
	at org.springframework.context.annotation.ConfigurationClassPostProcessor.enhanceConfigurationClasses(ConfigurationClassPostProcessor.java:533) ~[spring-context-6.1.1.jar:6.1.1]
	at org.springframework.context.annotation.ConfigurationClassPostProcessor.postProcessBeanFactory(ConfigurationClassPostProcessor.java:310) ~[spring-context-6.1.1.jar:6.1.1]
	at org.springframework.context.support.PostProcessorRegistrationDelegate.invokeBeanFactoryPostProcessors(PostProcessorRegistrationDelegate.java:363) ~[spring-context-6.1.1.jar:6.1.1]
	at org.springframework.context.support.PostProcessorRegistrationDelegate.invokeBeanFactoryPostProcessors(PostProcessorRegistrationDelegate.java:153) ~[spring-context-6.1.1.jar:6.1.1]
	at org.springframework.context.support.AbstractApplicationContext.invokeBeanFactoryPostProcessors(AbstractApplicationContext.java:775) ~[spring-context-6.1.1.jar:6.1.1]
	at org.springframework.context.support.AbstractApplicationContext.refresh(AbstractApplicationContext.java:597) ~[spring-context-6.1.1.jar:6.1.1]
	at org.springframework.boot.web.servlet.context.ServletWebServerApplicationContext.refresh(ServletWebServerApplicationContext.java:146) ~[spring-boot-3.2.0.jar:3.2.0]
	at org.springframework.boot.SpringApplication.refresh(SpringApplication.java:753) ~[spring-boot-3.2.0.jar:3.2.0]
	at org.springframework.boot.SpringApplication.refreshContext(SpringApplication.java:455) ~[spring-boot-3.2.0.jar:3.2.0]
	at org.springframework.boot.SpringApplication.run(SpringApplication.java:323) ~[spring-boot-3.2.0.jar:3.2.0]
	at org.springframework.boot.SpringApplication.run(SpringApplication.java:1342) ~[spring-boot-3.2.0.jar:3.2.0]
	at org.springframework.boot.SpringApplication.run(SpringApplication.java:1331) ~[spring-boot-3.2.0.jar:3.2.0]
	at com.pharmacy.inventory.InventoryManagementApplication.main(InventoryManagementApplication.java:10) ~[classes/:na]
	at java.base/jdk.internal.reflect.DirectMethodHandleAccessor.invoke(DirectMethodHandleAccessor.java:103) ~[na:na]
	at java.base/java.lang.reflect.Method.invoke(Method.java:580) ~[na:na]
	at org.springframework.boot.devtools.restart.RestartLauncher.run(RestartLauncher.java:50) ~[spring-boot-devtools-3.2.0.jar:3.2.0]


  .   ____          _            __ _ _
 /\\ / ___'_ __ _ _(_)_ __  __ _ \ \ \ \
( ( )\___ | '_ | '_| | '_ \/ _` | \ \ \ \
 \\/  ___)| |_)| | | | | || (_| |  ) ) ) )
  '  |____| .__|_| |_|_| |_\__, | / / / /
 =========|_|==============|___/=/_/_/_/
 :: Spring Boot ::                (v3.2.0)

2026-08-15T18:40:23.215Z  INFO 260944 --- [pharmacy-inventory-management] [  restartedMain] c.p.i.InventoryManagementApplication     : Starting InventoryManagementApplication using Java 21.0.10 with PID 260944 (/app/target/classes started by jules in /app)
2026-08-15T18:40:23.215Z DEBUG 260944 --- [pharmacy-inventory-management] [  restartedMain] c.p.i.InventoryManagementApplication     : Running with Spring Boot v3.2.0, Spring v6.1.1
2026-08-15T18:40:23.216Z  INFO 260944 --- [pharmacy-inventory-management] [  restartedMain] c.p.i.InventoryManagementApplication     : No active profile set, falling back to 1 default profile: "default"
2026-08-15T18:40:23.552Z  INFO 260944 --- [pharmacy-inventory-management] [  restartedMain] .s.d.r.c.RepositoryConfigurationDelegate : Bootstrapping Spring Data JPA repositories in DEFAULT mode.
2026-08-15T18:40:23.585Z  INFO 260944 --- [pharmacy-inventory-management] [  restartedMain] .s.d.r.c.RepositoryConfigurationDelegate : Finished Spring Data repository scanning in 32 ms. Found 6 JPA repository interfaces.
2026-08-15T18:40:23.947Z  INFO 260944 --- [pharmacy-inventory-management] [  restartedMain] o.s.b.w.embedded.tomcat.TomcatWebServer  : Tomcat initialized with port 8088 (http)
2026-08-15T18:40:23.953Z  INFO 260944 --- [pharmacy-inventory-management] [  restartedMain] o.apache.catalina.core.StandardService   : Starting service [Tomcat]
2026-08-15T18:40:23.953Z  INFO 260944 --- [pharmacy-inventory-management] [  restartedMain] o.apache.catalina.core.StandardEngine    : Starting Servlet engine: [Apache Tomcat/10.1.16]
2026-08-15T18:40:23.969Z  INFO 260944 --- [pharmacy-inventory-management] [  restartedMain] o.a.c.c.C.[Tomcat].[localhost].[/]       : Initializing Spring embedded WebApplicationContext
2026-08-15T18:40:23.969Z  INFO 260944 --- [pharmacy-inventory-management] [  restartedMain] w.s.c.ServletWebServerApplicationContext : Root WebApplicationContext: initialization completed in 751 ms
2026-08-15T18:40:23.989Z  INFO 260944 --- [pharmacy-inventory-management] [  restartedMain] com.zaxxer.hikari.HikariDataSource       : HikariPool-4 - Starting...
2026-08-15T18:40:23.999Z  INFO 260944 --- [pharmacy-inventory-management] [  restartedMain] com.zaxxer.hikari.pool.HikariPool        : HikariPool-4 - Added connection conn30: url=jdbc:h2:mem:pharmacydb user=SA
2026-08-15T18:40:24.000Z  INFO 260944 --- [pharmacy-inventory-management] [  restartedMain] com.zaxxer.hikari.HikariDataSource       : HikariPool-4 - Start completed.
2026-08-15T18:40:24.004Z  INFO 260944 --- [pharmacy-inventory-management] [  restartedMain] o.s.b.a.h2.H2ConsoleAutoConfiguration    : H2 console available at '/h2-console'. Database available at 'jdbc:h2:mem:pharmacydb'
2026-08-15T18:40:24.059Z  INFO 260944 --- [pharmacy-inventory-management] [  restartedMain] o.hibernate.jpa.internal.util.LogHelper  : HHH000204: Processing PersistenceUnitInfo [name: default]
2026-08-15T18:40:24.069Z  INFO 260944 --- [pharmacy-inventory-management] [  restartedMain] o.h.c.internal.RegionFactoryInitiator    : HHH000026: Second-level cache disabled
2026-08-15T18:40:24.079Z  INFO 260944 --- [pharmacy-inventory-management] [  restartedMain] o.s.o.j.p.SpringPersistenceUnitInfo      : No LoadTimeWeaver setup: ignoring JPA class transformer
2026-08-15T18:40:24.082Z  WARN 260944 --- [pharmacy-inventory-management] [  restartedMain] org.hibernate.orm.deprecation            : HHH90000025: H2Dialect does not need to be specified explicitly using 'hibernate.dialect' (remove the property setting and it will be selected by default)
2026-08-15T18:40:24.285Z  INFO 260944 --- [pharmacy-inventory-management] [  restartedMain] o.h.e.t.j.p.i.JtaPlatformInitiator       : HHH000489: No JTA platform available (set 'hibernate.transaction.jta.platform' to enable JTA platform integration)
Hibernate:
    drop table if exists categories cascade
Hibernate:
    drop table if exists medications cascade
Hibernate:
    drop table if exists sales cascade
Hibernate:
    drop table if exists suppliers cascade
Hibernate:
    drop table if exists users cascade
Hibernate:
    create table categories (
        created_at timestamp(6),
        id bigint generated by default as identity,
        updated_at timestamp(6),
        description varchar(500),
        name varchar(255) not null unique,
        primary key (id)
    )
Hibernate:
    create table medications (
        expiration_date date,
        is_deleted boolean,
        low_stock_threshold integer,
        price numeric(10,2) not null,
        quantity integer not null,
        category_id bigint,
        created_at timestamp(6),
        id bigint generated by default as identity,
        supplier_id bigint,
        updated_at timestamp(6),
        description varchar(1000),
        batch_number varchar(255),
        manufacturer varchar(255),
        name varchar(255) not null,
        type varchar(255),
        primary key (id)
    )
Hibernate:
    create table sales (
        cost_price numeric(10,2),
        quantity integer not null,
        sale_date date not null,
        total_price numeric(10,2) not null,
        unit_price numeric(10,2) not null,
        created_at timestamp(6),
        id bigint generated by default as identity,
        medication_id bigint not null,
        primary key (id)
    )
Hibernate:
    create table suppliers (
        active boolean default true not null,
        created_at timestamp(6),
        id bigint generated by default as identity,
        updated_at timestamp(6),
        address varchar(500),
        contact_person varchar(255),
        email varchar(255) not null unique,
        name varchar(255) not null,
        phone varchar(255) not null,
        primary key (id)
    )
Hibernate:
    create table users (
        created_at timestamp(6),
        id bigint generated by default as identity,
        email varchar(255) not null unique,
        full_name varchar(255) not null,
        password varchar(255) not null,
        role varchar(255) not null,
        primary key (id)
    )
Hibernate:
    alter table if exists medications
       add constraint FKmf1t7pw4h0df5jr8gld0uf05k
       foreign key (category_id)
       references categories
Hibernate:
    alter table if exists medications
       add constraint FK94rldjohkfmifdk13m2i03g70
       foreign key (supplier_id)
       references suppliers
Hibernate:
    alter table if exists sales
       add constraint FKaawj0sejy9oq9li56m5hum7tp
       foreign key (medication_id)
       references medications
2026-08-15T18:40:24.309Z  INFO 260944 --- [pharmacy-inventory-management] [  restartedMain] j.LocalContainerEntityManagerFactoryBean : Initialized JPA EntityManagerFactory for persistence unit 'default'
2026-08-15T18:40:24.542Z DEBUG 260944 --- [pharmacy-inventory-management] [  restartedMain] o.s.jdbc.datasource.init.ScriptUtils     : Executing SQL script from file [/app/target/classes/schema.sql]
2026-08-15T18:40:24.546Z DEBUG 260944 --- [pharmacy-inventory-management] [  restartedMain] o.s.jdbc.datasource.init.ScriptUtils     : 0 returned as update count for SQL: CREATE TABLE IF NOT EXISTS categories ( id BIGINT AUTO_INCREMENT PRIMARY KEY, name VARCHAR(255) NOT NULL UNIQUE, description VARCHAR(1000), created_at TIMESTAMP, updated_at TIMESTAMP )
2026-08-15T18:40:24.546Z DEBUG 260944 --- [pharmacy-inventory-management] [  restartedMain] o.s.jdbc.datasource.init.ScriptUtils     : 0 returned as update count for SQL: CREATE TABLE IF NOT EXISTS suppliers ( id BIGINT AUTO_INCREMENT PRIMARY KEY, name VARCHAR(255) NOT NULL, contact_person VARCHAR(255) NOT NULL, phone VARCHAR(50) NOT NULL, email VARCHAR(255), address VARCHAR(500), active BOOLEAN DEFAULT TRUE NOT NULL, created_at TIMESTAMP, updated_at TIMESTAMP )
2026-08-15T18:40:24.546Z DEBUG 260944 --- [pharmacy-inventory-management] [  restartedMain] o.s.jdbc.datasource.init.ScriptUtils     : 0 returned as update count for SQL: CREATE TABLE IF NOT EXISTS medications ( id BIGINT AUTO_INCREMENT PRIMARY KEY, name VARCHAR(255) NOT NULL UNIQUE, description VARCHAR(1000), quantity INTEGER NOT NULL, price DOUBLE PRECISION NOT NULL, expiration_date DATE, low_stock_threshold INTEGER DEFAULT 10, manufacturer VARCHAR(255), batch_number VARCHAR(100), type VARCHAR(50), is_deleted BOOLEAN DEFAULT FALSE, category_id BIGINT, supplier_id BIGINT, created_at TIMESTAMP, updated_at TIMESTAMP, FOREIGN KEY (category_id) REFERENCES categories(id), FOREIGN KEY (supplier_id) REFERENCES suppliers(id) )
2026-08-15T18:40:24.547Z DEBUG 260944 --- [pharmacy-inventory-management] [  restartedMain] o.s.jdbc.datasource.init.ScriptUtils     : 0 returned as update count for SQL: CREATE TABLE IF NOT EXISTS users ( id BIGINT AUTO_INCREMENT PRIMARY KEY, full_name VARCHAR(255) NOT NULL, email VARCHAR(255) NOT NULL UNIQUE, password VARCHAR(255) NOT NULL, role VARCHAR(50) NOT NULL, created_at TIMESTAMP )
2026-08-15T18:40:24.547Z DEBUG 260944 --- [pharmacy-inventory-management] [  restartedMain] o.s.jdbc.datasource.init.ScriptUtils     : 0 returned as update count for SQL: CREATE TABLE IF NOT EXISTS sales ( id BIGINT AUTO_INCREMENT PRIMARY KEY, sale_date DATE NOT NULL, quantity INTEGER NOT NULL, unit_price NUMERIC(10,2) NOT NULL, cost_price NUMERIC(10,2), total_price NUMERIC(10,2) NOT NULL, medication_id BIGINT NOT NULL, created_at TIMESTAMP, FOREIGN KEY (medication_id) REFERENCES medications(id) )
2026-08-15T18:40:24.547Z DEBUG 260944 --- [pharmacy-inventory-management] [  restartedMain] o.s.jdbc.datasource.init.ScriptUtils     : 0 returned as update count for SQL: CREATE INDEX IF NOT EXISTS idx_users_email ON users(email)
2026-08-15T18:40:24.547Z DEBUG 260944 --- [pharmacy-inventory-management] [  restartedMain] o.s.jdbc.datasource.init.ScriptUtils     : 0 returned as update count for SQL: CREATE INDEX IF NOT EXISTS idx_sales_date ON sales(sale_date)
2026-08-15T18:40:24.548Z DEBUG 260944 --- [pharmacy-inventory-management] [  restartedMain] o.s.jdbc.datasource.init.ScriptUtils     : 0 returned as update count for SQL: CREATE INDEX IF NOT EXISTS idx_sales_medication ON sales(medication_id)
2026-08-15T18:40:24.548Z DEBUG 260944 --- [pharmacy-inventory-management] [  restartedMain] o.s.jdbc.datasource.init.ScriptUtils     : 0 returned as update count for SQL: CREATE INDEX IF NOT EXISTS idx_medication_name ON medications(name)
2026-08-15T18:40:24.548Z DEBUG 260944 --- [pharmacy-inventory-management] [  restartedMain] o.s.jdbc.datasource.init.ScriptUtils     : 0 returned as update count for SQL: CREATE INDEX IF NOT EXISTS idx_medication_type ON medications(type)
2026-08-15T18:40:24.549Z DEBUG 260944 --- [pharmacy-inventory-management] [  restartedMain] o.s.jdbc.datasource.init.ScriptUtils     : 0 returned as update count for SQL: CREATE INDEX IF NOT EXISTS idx_medication_category ON medications(category_id)
2026-08-15T18:40:24.549Z DEBUG 260944 --- [pharmacy-inventory-management] [  restartedMain] o.s.jdbc.datasource.init.ScriptUtils     : 0 returned as update count for SQL: CREATE INDEX IF NOT EXISTS idx_medication_supplier ON medications(supplier_id)
2026-08-15T18:40:24.549Z DEBUG 260944 --- [pharmacy-inventory-management] [  restartedMain] o.s.jdbc.datasource.init.ScriptUtils     : 0 returned as update count for SQL: CREATE INDEX IF NOT EXISTS idx_category_name ON categories(name)
2026-08-15T18:40:24.549Z DEBUG 260944 --- [pharmacy-inventory-management] [  restartedMain] o.s.jdbc.datasource.init.ScriptUtils     : 0 returned as update count for SQL: CREATE INDEX IF NOT EXISTS idx_supplier_name ON suppliers(name)
2026-08-15T18:40:24.549Z DEBUG 260944 --- [pharmacy-inventory-management] [  restartedMain] o.s.jdbc.datasource.init.ScriptUtils     : Executed SQL script from file [/app/target/classes/schema.sql] in 5 ms.
2026-08-15T18:40:24.550Z DEBUG 260944 --- [pharmacy-inventory-management] [  restartedMain] o.s.jdbc.datasource.init.ScriptUtils     : Executing SQL script from file [/app/target/classes/data.sql]
2026-08-15T18:40:24.552Z DEBUG 260944 --- [pharmacy-inventory-management] [  restartedMain] o.s.jdbc.datasource.init.ScriptUtils     : 0 returned as update count for SQL: DELETE FROM sales
2026-08-15T18:40:24.552Z DEBUG 260944 --- [pharmacy-inventory-management] [  restartedMain] o.s.jdbc.datasource.init.ScriptUtils     : 0 returned as update count for SQL: DELETE FROM medications
2026-08-15T18:40:24.552Z DEBUG 260944 --- [pharmacy-inventory-management] [  restartedMain] o.s.jdbc.datasource.init.ScriptUtils     : 0 returned as update count for SQL: DELETE FROM categories
2026-08-15T18:40:24.552Z DEBUG 260944 --- [pharmacy-inventory-management] [  restartedMain] o.s.jdbc.datasource.init.ScriptUtils     : 0 returned as update count for SQL: DELETE FROM suppliers
2026-08-15T18:40:24.552Z DEBUG 260944 --- [pharmacy-inventory-management] [  restartedMain] o.s.jdbc.datasource.init.ScriptUtils     : 0 returned as update count for SQL: DELETE FROM users
2026-08-15T18:40:24.555Z DEBUG 260944 --- [pharmacy-inventory-management] [  restartedMain] o.s.jdbc.datasource.init.ScriptUtils     : 15 returned as update count for SQL: INSERT INTO categories (id, name, description, created_at, updated_at) VALUES (1, 'Analgesics & Pain Relief', 'Pain relief and anti-inflammatory medications', CURRENT_TIMESTAMP, CURRENT_TIMESTAMP), (2, 'Fever & Cold', 'Antipyretics, cold, cough, and decongestants', CURRENT_TIMESTAMP, CURRENT_TIMESTAMP), (3, 'Antibiotics & Antifungals', 'Anti-bacterial and anti-fungal treatments', CURRENT_TIMESTAMP, CURRENT_TIMESTAMP), (4, 'Antacids & Gastrointestinal', 'Medications for acidity, GERD, and digestion', CURRENT_TIMESTAMP, CURRENT_TIMESTAMP), (5, 'Antihistamines & Allergy', 'Allergy relief and anti-histamine drugs', CURRENT_TIMESTAMP, CURRENT_TIMESTAMP), (6, 'Vitamins & Supplements', 'Nutritional supplements and mineral formulas', CURRENT_TIMESTAMP, CURRENT_TIMESTAMP), (7, 'Antidiabetics', 'Blood sugar control and diabetes management', CURRENT_TIMESTAMP, CURRENT_TIMESTAMP), (8, 'Cardiovascular & BP', 'Hypertension, heart, and cholesterol medications', CURRENT_TIMESTAMP, CURRENT_TIMESTAMP), (9, 'Skin Care & Topical', 'Creams, ointments, and dermatological remedies', CURRENT_TIMESTAMP, CURRENT_TIMESTAMP), (10, 'Eye & Ear Care', 'Ophthalmic and otic drops', CURRENT_TIMESTAMP, CURRENT_TIMESTAMP), (11, 'First Aid & Antiseptics', 'Disinfectants, bandages, and wound care', CURRENT_TIMESTAMP, CURRENT_TIMESTAMP), (12, 'Respiratory & Asthma', 'Inhalers, bronchodilators, and lung care', CURRENT_TIMESTAMP, CURRENT_TIMESTAMP), (13, 'Hormones & Steroids', 'Endocrine treatments and anti-inflammatory steroids', CURRENT_TIMESTAMP, CURRENT_TIMESTAMP), (14, 'CNS & Psychiatric', 'Neurological, anti-anxiety, and sleep aids', CURRENT_TIMESTAMP, CURRENT_TIMESTAMP), (15, 'Muscle Relaxants', 'Treatments for muscle spasms and stiffness', CURRENT_TIMESTAMP, CURRENT_TIMESTAMP)
2026-08-15T18:40:24.557Z DEBUG 260944 --- [pharmacy-inventory-management] [  restartedMain] o.s.jdbc.datasource.init.ScriptUtils     : 10 returned as update count for SQL: INSERT INTO suppliers (id, name, contact_person, phone, email, address, active, created_at, updated_at) VALUES (1, 'Apollo Pharmacy Distributors', 'Rajesh Sharma', '+91 98765 43210', 'rajesh@apollodist.in', '12, Link Road, Andheri West, Mumbai, Maharashtra 400053', true, CURRENT_TIMESTAMP, CURRENT_TIMESTAMP), (2, 'MedPlus Logistics', 'Sunil Verma', '+91 91234 56789', 'sunil@medplus.co.in', '45, MG Road, Indiranagar, Bengaluru, Karnataka 560038', true, CURRENT_TIMESTAMP, CURRENT_TIMESTAMP), (3, 'Cipla Supply Chain Ltd', 'Priya Patel', '+91 99887 66554', 'priya.patel@cipla-supply.in', '78, CG Road, Navrangpura, Ahmedabad, Gujarat 380009', true, CURRENT_TIMESTAMP, CURRENT_TIMESTAMP), (4, 'Sun Pharma Wholesalers', 'Amitabh Roy', '+91 98112 23344', 'amitabh@sunwholesalers.in', '102, Connaught Place, New Delhi, Delhi 110001', true, CURRENT_TIMESTAMP, CURRENT_TIMESTAMP), (5, 'Dr Reddys Pharma Depot', 'Kavita Reddy', '+91 97001 12233', 'kavita@drreddysdepot.in', '33, Banjara Hills, Road No 12, Hyderabad, Telangana 500034', true, CURRENT_TIMESTAMP, CURRENT_TIMESTAMP), (6, 'Mankind Pharma Supply', 'Vikram Singh', '+91 98450 98450', 'vikram@mankindsupply.in', '56, Park Street, Kolkata, West Bengal 700016', true, CURRENT_TIMESTAMP, CURRENT_TIMESTAMP), (7, 'Lupin Medical Agencies', 'Sanjay Kulkarni', '+91 98220 12345', 'sanjay@lupinagencies.in', '88, FC Road, Shivajinagar, Pune, Maharashtra 411005', true, CURRENT_TIMESTAMP, CURRENT_TIMESTAMP), (8, 'Zydus Health Distributors', 'Anil Mehta', '+91 99000 55443', 'anil@zydusdist.in', '21, SG Highway, Thaltej, Ahmedabad, Gujarat 380054', true, CURRENT_TIMESTAMP, CURRENT_TIMESTAMP), (9, 'Torrent Pharma Depot', 'Meena Iyer', '+91 94440 11223', 'meena@torrentdepot.in', '14, Anna Salai, T Nagar, Chennai, Tamil Nadu 600017', true, CURRENT_TIMESTAMP, CURRENT_TIMESTAMP), (10, 'Alkem Pharma Services', 'Rohan Gupta', '+91 98300 77889', 'rohan@alkemservices.in', '67, Boring Road, Patna, Bihar 800001', true, CURRENT_TIMESTAMP, CURRENT_TIMESTAMP)
2026-08-15T18:40:24.562Z DEBUG 260944 --- [pharmacy-inventory-management] [  restartedMain] o.s.jdbc.datasource.init.ScriptUtils     : 52 returned as update count for SQL: INSERT INTO medications (id, name, manufacturer, price, quantity, low_stock_threshold, expiration_date, type, description, batch_number, category_id, supplier_id, is_deleted, created_at, updated_at) VALUES (1, 'Dolo 650mg Tablet', 'Micro Labs Ltd', 30.50, 150, 20, DATEADD('DAY', -5, CURRENT_DATE), 'TABLET', 'Paracetamol 650mg used for fever and mild to moderate pain relief.', 'BATCH-IN-001', 2, 1, false, CURRENT_TIMESTAMP, CURRENT_TIMESTAMP), (2, 'Crocin 500mg Tablet', 'GlaxoSmithKline', 24.00, 120, 15, DATEADD('DAY', -2, CURRENT_DATE), 'TABLET', 'Fast acting analgesic and antipyretic for fever and headache.', 'BATCH-IN-002', 2, 1, false, CURRENT_TIMESTAMP, CURRENT_TIMESTAMP), (3, 'Combiflam Tablet', 'Sanofi India', 45.00, 5, 15, DATEADD('DAY', 3, CURRENT_DATE), 'TABLET', 'Ibuprofen 400mg + Paracetamol 325mg combination for joint and muscle pain.', 'BATCH-IN-003', 1, 2, false, CURRENT_TIMESTAMP, CURRENT_TIMESTAMP), (4, 'Zerodol-SP Tablet', 'Ipca Laboratories', 115.00, 80, 15, DATEADD('DAY', 5, CURRENT_DATE), 'TABLET', 'Aceclofenac 100mg + Paracetamol 325mg + Serratiopeptidase 15mg for swelling and pain.', 'BATCH-IN-004', 1, 3, false, CURRENT_TIMESTAMP, CURRENT_TIMESTAMP), (5, 'Sumo 100mg/325mg Tablet', 'Alkem Laboratories', 88.00, 4, 10, DATEADD('DAY', 12, CURRENT_DATE), 'TABLET', 'Nimesulide + Paracetamol combination for acute pain and inflammatory fever.', 'BATCH-IN-005', 1, 10, false, CURRENT_TIMESTAMP, CURRENT_TIMESTAMP), (6, 'Pan 40mg Tablet', 'Alkem Laboratories', 155.00, 90, 15, DATEADD('DAY', 18, CURRENT_DATE), 'TABLET', 'Pantoprazole gastro-resistant tablet for hyperacidity, GERD, and stomach ulcers.', 'BATCH-IN-006', 4, 10, false, CURRENT_TIMESTAMP, CURRENT_TIMESTAMP), (7, 'Pantocid D SR Capsule', 'Sun Pharma', 198.50, 60, 10, DATEADD('DAY', 25, CURRENT_DATE), 'CAPSULE', 'Pantoprazole 40mg + Domperidone 30mg SR for acidity with nausea.', 'BATCH-IN-007', 4, 4, false, CURRENT_TIMESTAMP, CURRENT_TIMESTAMP), (8, 'Omez 20mg Capsule', 'Dr Reddys Laboratories', 62.00, 110, 20, DATEADD('DAY', 28, CURRENT_DATE), 'CAPSULE', 'Omeprazole 20mg for peptic ulcer disease and heartburn relief.', 'BATCH-IN-008', 4, 5, false, CURRENT_TIMESTAMP, CURRENT_TIMESTAMP), (9, 'Digene Gel Syrup 200ml', 'Abbott India', 142.00, 35, 8, DATEADD('DAY', 45, CURRENT_DATE), 'SYRUP', 'Antacid liquid providing quick relief from acidity, gas, and bloat.', 'BATCH-IN-009', 4, 2, false, CURRENT_TIMESTAMP, CURRENT_TIMESTAMP), (10, 'Gelusil MPS Syrup 200ml', 'Pfizer India', 130.00, 40, 10, DATEADD('DAY', 60, CURRENT_DATE), 'SYRUP', 'Antacid and anti-flatulent liquid syrup for stomach acidity.', 'BATCH-IN-010', 4, 2, false, CURRENT_TIMESTAMP, CURRENT_TIMESTAMP), (11, 'Azithral 500mg Tablet', 'Alembic Pharmaceuticals', 121.50, 45, 10, DATEADD('DAY', 90, CURRENT_DATE), 'TABLET', 'Azithromycin 500mg antibiotic for throat, chest, and skin infections.', 'BATCH-IN-011', 3, 1, false, CURRENT_TIMESTAMP, CURRENT_TIMESTAMP), (12, 'Moxikind-CV 625 Tablet', 'Mankind Pharma', 204.00, 70, 15, DATEADD('DAY', 120, CURRENT_DATE), 'TABLET', 'Amoxicillin 500mg + Clavulanic Acid 125mg broad spectrum antibiotic.', 'BATCH-IN-012', 3, 6, false, CURRENT_TIMESTAMP, CURRENT_TIMESTAMP), (13, 'Augmentin 625 Duo Tablet', 'GlaxoSmithKline', 223.00, 65, 12, DATEADD('DAY', 150, CURRENT_DATE), 'TABLET', 'Potent antibacterial for severe respiratory, urinary, and dental infections.', 'BATCH-IN-013', 3, 1, false, CURRENT_TIMESTAMP, CURRENT_TIMESTAMP), (14, 'Ciplox 500mg Tablet', 'Cipla Ltd', 42.00, 85, 20, DATEADD('DAY', 180, CURRENT_DATE), 'TABLET', 'Ciprofloxacin 500mg fluoroquinolone antibiotic.', 'BATCH-IN-014', 3, 3, false, CURRENT_TIMESTAMP, CURRENT_TIMESTAMP), (15, 'Taxim-O 200mg Tablet', 'Alkem Laboratories', 112.00, 50, 10, DATEADD('DAY', 200, CURRENT_DATE), 'TABLET', 'Cefixime 200mg oral cephalosporin antibiotic.', 'BATCH-IN-015', 3, 10, false, CURRENT_TIMESTAMP, CURRENT_TIMESTAMP), (16, 'Azee 500mg Tablet', 'Cipla Ltd', 118.00, 55, 12, DATEADD('DAY', 210, CURRENT_DATE), 'TABLET', 'Azithromycin tablet for bacterial respiratory tract infections.', 'BATCH-IN-016', 3, 3, false, CURRENT_TIMESTAMP, CURRENT_TIMESTAMP), (17, 'Allegra 120mg Tablet', 'Sanofi India', 210.00, 40, 10, DATEADD('DAY', 240, CURRENT_DATE), 'TABLET', 'Fexofenadine 120mg non-drowsy anti-allergy medication.', 'BATCH-IN-017', 5, 2, false, CURRENT_TIMESTAMP, CURRENT_TIMESTAMP), (18, 'Cetzine 10mg Tablet', 'Dr Reddys Laboratories', 22.00, 140, 25, DATEADD('DAY', 270, CURRENT_DATE), 'TABLET', 'Cetirizine 10mg for allergic rhinitis, sneezing, and hives.', 'BATCH-IN-018', 5, 5, false, CURRENT_TIMESTAMP, CURRENT_TIMESTAMP), (19, 'Levocet 5mg Tablet', 'Cipla Ltd', 48.00, 100, 20, DATEADD('DAY', 300, CURRENT_DATE), 'TABLET', 'Levocetirizine 5mg for allergic cold and skin allergies.', 'BATCH-IN-019', 5, 3, false, CURRENT_TIMESTAMP, CURRENT_TIMESTAMP), (20, 'Avil 25mg Tablet', 'Sanofi India', 12.50, 200, 30, DATEADD('DAY', 330, CURRENT_DATE), 'TABLET', 'Pheniramine maleate anti-allergy tablet for itching and motion sickness.', 'BATCH-IN-020', 5, 2, false, CURRENT_TIMESTAMP, CURRENT_TIMESTAMP), (21, 'Ascoril LS Syrup 100ml', 'Glenmark Pharmaceuticals', 118.00, 50, 12, DATEADD('DAY', 360, CURRENT_DATE), 'SYRUP', 'Levosalbutamol + Ambroxol + Guaiphenesin mucolytic cough syrup for wet cough.', 'BATCH-IN-021', 2, 7, false, CURRENT_TIMESTAMP, CURRENT_TIMESTAMP), (22, 'Benadryl Cough Syrup 150ml', 'Johnson & Johnson', 135.00, 60, 15, DATEADD('DAY', 380, CURRENT_DATE), 'SYRUP', 'Soothes dry cough and throat irritation.', 'BATCH-IN-022', 2, 1, false, CURRENT_TIMESTAMP, CURRENT_TIMESTAMP), (23, 'Alex Cough Syrup 100ml', 'Glenmark Pharmaceuticals', 125.00, 45, 10, DATEADD('DAY', 400, CURRENT_DATE), 'SYRUP', 'Dextromethorphan + Chlorpheniramine dry cough formula.', 'BATCH-IN-023', 2, 7, false, CURRENT_TIMESTAMP, CURRENT_TIMESTAMP), (24, 'Glycomet 500mg Tablet', 'USV Private Ltd', 32.00, 180, 30, DATEADD('DAY', 420, CURRENT_DATE), 'TABLET', 'Metformin 500mg for type-2 diabetes blood sugar management.', 'BATCH-IN-024', 7, 2, false, CURRENT_TIMESTAMP, CURRENT_TIMESTAMP), (25, 'Glycomet GP 2 Tablet', 'USV Private Ltd', 145.00, 90, 15, DATEADD('DAY', 450, CURRENT_DATE), 'TABLET', 'Metformin 500mg + Glimepiride 2mg dual diabetes control.', 'BATCH-IN-025', 7, 2, false, CURRENT_TIMESTAMP, CURRENT_TIMESTAMP), (26, 'Janumet 50mg/500mg Tablet', 'MSD India', 580.00, 30, 8, DATEADD('DAY', 480, CURRENT_DATE), 'TABLET', 'Sitagliptin + Metformin advanced oral antidiabetic.', 'BATCH-IN-026', 7, 4, false, CURRENT_TIMESTAMP, CURRENT_TIMESTAMP), (27, 'Amlokind 5mg Tablet', 'Mankind Pharma', 18.50, 220, 30, DATEADD('DAY', 500, CURRENT_DATE), 'TABLET', 'Amlodipine 5mg calcium channel blocker for hypertension.', 'BATCH-IN-027', 8, 6, false, CURRENT_TIMESTAMP, CURRENT_TIMESTAMP), (28, 'Telmikind 40mg Tablet', 'Mankind Pharma', 52.00, 130, 20, DATEADD('DAY', 520, CURRENT_DATE), 'TABLET', 'Telmisartan 40mg angiotensin receptor blocker for BP control.', 'BATCH-IN-028', 8, 6, false, CURRENT_TIMESTAMP, CURRENT_TIMESTAMP), (29, 'Losar 50mg Tablet', 'Torrent Pharmaceuticals', 86.00, 95, 15, DATEADD('DAY', 540, CURRENT_DATE), 'TABLET', 'Losartan potassium 50mg for high blood pressure.', 'BATCH-IN-029', 8, 9, false, CURRENT_TIMESTAMP, CURRENT_TIMESTAMP), (30, 'Ciplar 10mg Tablet', 'Cipla Ltd', 24.50, 110, 20, DATEADD('DAY', 560, CURRENT_DATE), 'TABLET', 'Propranolol 10mg beta-blocker for BP and anxiety tremors.', 'BATCH-IN-030', 8, 3, false, CURRENT_TIMESTAMP, CURRENT_TIMESTAMP), (31, 'Atorva 10mg Tablet', 'Zydus Cadila', 98.00, 85, 15, DATEADD('DAY', 580, CURRENT_DATE), 'TABLET', 'Atorvastatin 10mg for cholesterol management.', 'BATCH-IN-031', 8, 8, false, CURRENT_TIMESTAMP, CURRENT_TIMESTAMP), (32, 'Ecosprin 75mg Tablet', 'USV Private Ltd', 9.50, 300, 50, DATEADD('DAY', 600, CURRENT_DATE), 'TABLET', 'Low-dose Aspirin 75mg blood thinner for heart health.', 'BATCH-IN-032', 8, 2, false, CURRENT_TIMESTAMP, CURRENT_TIMESTAMP), (33, 'Becosules Capsules (20s)', 'Pfizer India', 50.00, 160, 25, DATEADD('DAY', 620, CURRENT_DATE), 'CAPSULE', 'B-Complex with Vitamin C for immunity, mouth ulcers, and energy.', 'BATCH-IN-033', 6, 2, false, CURRENT_TIMESTAMP, CURRENT_TIMESTAMP), (34, 'Limcee 500mg Chewable Tablet', 'Abbott India', 25.50, 250, 40, DATEADD('DAY', 640, CURRENT_DATE), 'TABLET', 'Vitamin C 500mg chewable tablets for immunity.', 'BATCH-IN-034', 6, 2, false, CURRENT_TIMESTAMP, CURRENT_TIMESTAMP), (35, 'Shelcal 500mg Tablet', 'Torrent Pharmaceuticals', 132.00, 110, 20, DATEADD('DAY', 660, CURRENT_DATE), 'TABLET', 'Calcium 500mg + Vitamin D3 250IU for bone density.', 'BATCH-IN-035', 6, 9, false, CURRENT_TIMESTAMP, CURRENT_TIMESTAMP), (36, 'Urisept 100mg Capsule', 'Lupin Ltd', 165.00, 40, 10, DATEADD('DAY', 680, CURRENT_DATE), 'CAPSULE', 'Nitrofurantoin for urinary tract infections.', 'BATCH-IN-036', 3, 7, false, CURRENT_TIMESTAMP, CURRENT_TIMESTAMP), (37, 'Electral ORS Sachet 21.8g', 'FDC Ltd', 22.00, 400, 50, DATEADD('DAY', 700, CURRENT_DATE), 'POWDER', 'WHO formula Oral Rehydration Salts for dehydration and diarrhea.', 'BATCH-IN-037', 6, 1, false, CURRENT_TIMESTAMP, CURRENT_TIMESTAMP), (38, 'Betadine 10% Ointment 15g', 'Win-Medicare', 72.00, 80, 15, DATEADD('DAY', 720, CURRENT_DATE), 'CREAM', 'Povidone-Iodine antiseptic ointment for wounds and cuts.', 'BATCH-IN-038', 11, 4, false, CURRENT_TIMESTAMP, CURRENT_TIMESTAMP), (39, 'Volini Pain Relief Gel 30g', 'Sun Pharma', 145.00, 65, 12, DATEADD('DAY', 740, CURRENT_DATE), 'GEL', 'Diclofenac gel for quick joint, neck, and back pain relief.', 'BATCH-IN-039', 1, 4, false, CURRENT_TIMESTAMP, CURRENT_TIMESTAMP), (40, 'Omnigel 30g Tube', 'Cipla Ltd', 110.00, 75, 15, DATEADD('DAY', 760, CURRENT_DATE), 'GEL', 'Topical pain relief gel for sprains and strains.', 'BATCH-IN-040', 1, 3, false, CURRENT_TIMESTAMP, CURRENT_TIMESTAMP), (41, 'Candid B Cream 20g', 'Glenmark Pharmaceuticals', 185.00, 50, 10, DATEADD('DAY', 780, CURRENT_DATE), 'CREAM', 'Clotrimazole + Beclomethasone for fungal skin infections.', 'BATCH-IN-041', 9, 7, false, CURRENT_TIMESTAMP, CURRENT_TIMESTAMP), (42, 'Boroline Antiseptic Cream 20g', 'G D Pharmaceuticals', 42.00, 120, 20, DATEADD('DAY', 800, CURRENT_DATE), 'CREAM', 'Ayurvedic antiseptic cream for dry skin and minor cuts.', 'BATCH-IN-042', 9, 6, false, CURRENT_TIMESTAMP, CURRENT_TIMESTAMP), (43, 'Otrivin Adult Nasal Drops 10ml', 'GlaxoSmithKline', 108.00, 70, 15, DATEADD('DAY', 820, CURRENT_DATE), 'DROPS', 'Xylometazoline nasal decongestant for blocked nose.', 'BATCH-IN-043', 2, 1, false, CURRENT_TIMESTAMP, CURRENT_TIMESTAMP), (44, 'Ciplox Eye/Ear Drops 10ml', 'Cipla Ltd', 21.00, 150, 25, DATEADD('DAY', 840, CURRENT_DATE), 'DROPS', 'Ciprofloxacin eye and ear antibacterial drops.', 'BATCH-IN-044', 10, 3, false, CURRENT_TIMESTAMP, CURRENT_TIMESTAMP), (45, 'Asthalin Inhaler 100mcg', 'Cipla Ltd', 162.00, 45, 10, DATEADD('DAY', 860, CURRENT_DATE), 'INHALER', 'Salbutamol inhaler for asthma and bronchospasm relief.', 'BATCH-IN-045', 12, 3, false, CURRENT_TIMESTAMP, CURRENT_TIMESTAMP), (46, 'Foracort 200 Synchrobreathe', 'Cipla Ltd', 525.00, 25, 5, DATEADD('DAY', 880, CURRENT_DATE), 'INHALER', 'Formoterol + Budesonide breath-actuated inhaler for asthma.', 'BATCH-IN-046', 12, 3, false, CURRENT_TIMESTAMP, CURRENT_TIMESTAMP), (47, 'Deriphyllin Retard 150mg', 'Zydus Healthcare', 34.00, 110, 20, DATEADD('DAY', 900, CURRENT_DATE), 'TABLET', 'Etofylline + Theophylline for asthma and chronic bronchitis.', 'BATCH-IN-047', 12, 8, false, CURRENT_TIMESTAMP, CURRENT_TIMESTAMP), (48, 'Thyronorm 50mcg Tablet', 'Abbott India', 185.00, 100, 15, DATEADD('DAY', 920, CURRENT_DATE), 'TABLET', 'Levothyroxine sodium for hypothyroidism management.', 'BATCH-IN-048', 13, 2, false, CURRENT_TIMESTAMP, CURRENT_TIMESTAMP), (49, 'Dexamethasone 0.5mg Tablet', 'Zydus Cadila', 8.50, 300, 50, DATEADD('DAY', 940, CURRENT_DATE), 'TABLET', 'Corticosteroid for severe allergic and inflammatory conditions.', 'BATCH-IN-049', 13, 8, false, CURRENT_TIMESTAMP, CURRENT_TIMESTAMP), (50, 'Myospaz Tablet', 'Win-Medicare', 168.00, 60, 10, DATEADD('DAY', 960, CURRENT_DATE), 'TABLET', 'Paracetamol + Chlorzoxazone muscle relaxant for back pain.', 'BATCH-IN-050', 15, 4, false, CURRENT_TIMESTAMP, CURRENT_TIMESTAMP), (51, 'Alprax 0.25mg Tablet', 'Torrent Pharmaceuticals', 29.00, 90, 15, DATEADD('DAY', 980, CURRENT_DATE), 'TABLET', 'Alprazolam 0.25mg for anxiety and panic disorders.', 'BATCH-IN-051', 14, 9, false, CURRENT_TIMESTAMP, CURRENT_TIMESTAMP), (52, 'Evion 400mg Capsule', 'Procter & Gamble Health', 38.50, 180, 25, DATEADD('DAY', 1000, CURRENT_DATE), 'CAPSULE', 'Vitamin E 400mg capsule for skin, hair, and antioxidant protection.', 'BATCH-IN-052', 6, 2, false, CURRENT_TIMESTAMP, CURRENT_TIMESTAMP)
2026-08-15T18:40:24.568Z DEBUG 260944 --- [pharmacy-inventory-management] [  restartedMain] o.s.jdbc.datasource.init.ScriptUtils     : 10 returned as update count for SQL: INSERT INTO sales (sale_date, quantity, unit_price, cost_price, total_price, medication_id, created_at) VALUES (CURRENT_DATE, 5, 30.50, 21.35, 152.50, 1, CURRENT_TIMESTAMP), (CURRENT_DATE, 3, 155.00, 108.50, 465.00, 6, CURRENT_TIMESTAMP), (DATEADD('DAY', -1, CURRENT_DATE), 2, 204.00, 142.80, 408.00, 12, CURRENT_TIMESTAMP), (DATEADD('DAY', -2, CURRENT_DATE), 4, 132.00, 92.40, 528.00, 35, CURRENT_TIMESTAMP), (DATEADD('DAY', -3, CURRENT_DATE), 10, 24.00, 16.80, 240.00, 2, CURRENT_TIMESTAMP), (DATEADD('DAY', -4, CURRENT_DATE), 1, 525.00, 367.50, 525.00, 46, CURRENT_TIMESTAMP), (DATEADD('DAY', -5, CURRENT_DATE), 6, 25.50, 17.85, 153.00, 34, CURRENT_TIMESTAMP), (DATEADD('DAY', -6, CURRENT_DATE), 2, 198.50, 138.95, 397.00, 7, CURRENT_TIMESTAMP), (DATEADD('MONTH', -1, CURRENT_DATE), 15, 30.50, 21.35, 457.50, 1, CURRENT_TIMESTAMP), (DATEADD('MONTH', -2, CURRENT_DATE), 20, 45.00, 31.50, 900.00, 3, CURRENT_TIMESTAMP)
2026-08-15T18:40:24.568Z DEBUG 260944 --- [pharmacy-inventory-management] [  restartedMain] o.s.jdbc.datasource.init.ScriptUtils     : Executed SQL script from file [/app/target/classes/data.sql] in 18 ms.
2026-08-15T18:40:24.903Z  WARN 260944 --- [pharmacy-inventory-management] [  restartedMain] JpaBaseConfiguration$JpaWebConfiguration : spring.jpa.open-in-view is enabled by default. Therefore, database queries may be performed during view rendering. Explicitly configure spring.jpa.open-in-view to disable this warning
2026-08-15T18:40:24.914Z  INFO 260944 --- [pharmacy-inventory-management] [  restartedMain] o.s.b.a.w.s.WelcomePageHandlerMapping    : Adding welcome page: class path resource [static/index.html]
2026-08-15T18:40:25.079Z  WARN 260944 --- [pharmacy-inventory-management] [  restartedMain] o.s.b.d.a.OptionalLiveReloadServer       : Unable to start LiveReload server
2026-08-15T18:40:25.098Z  INFO 260944 --- [pharmacy-inventory-management] [  restartedMain] o.s.b.w.embedded.tomcat.TomcatWebServer  : Tomcat started on port 8088 (http) with context path ''
2026-08-15T18:40:25.102Z  INFO 260944 --- [pharmacy-inventory-management] [  restartedMain] c.p.i.InventoryManagementApplication     : Started InventoryManagementApplication in 1.93 seconds (process running for 928.386)
2026-08-15T18:40:25.104Z  INFO 260944 --- [pharmacy-inventory-management] [  restartedMain] .ConditionEvaluationDeltaLoggingListener : Condition evaluation unchanged
2026-08-16T15:39:48.386Z  INFO 260944 --- [pharmacy-inventory-management] [   File Watcher] rtingClassPathChangeChangedEventListener : Restarting due to 62 class path changes (0 additions, 56 deletions, 6 modifications)
2026-08-16T15:39:48.652Z  INFO 260944 --- [pharmacy-inventory-management] [      Thread-14] j.LocalContainerEntityManagerFactoryBean : Closing JPA EntityManagerFactory for persistence unit 'default'
Hibernate:
    drop table if exists categories cascade
Hibernate:
    drop table if exists medications cascade
Hibernate:
    drop table if exists sales cascade
Hibernate:
    drop table if exists suppliers cascade
Hibernate:
    drop table if exists users cascade
2026-08-16T15:39:48.908Z  WARN 260944 --- [pharmacy-inventory-management] [      Thread-14] o.s.b.f.support.DisposableBeanAdapter    : Invocation of destroy method failed on bean with name 'inMemoryDatabaseShutdownExecutor': org.h2.jdbc.JdbcSQLNonTransientConnectionException: Database is already closed (to disable automatic closing at VM shutdown, add ";DB_CLOSE_ON_EXIT=FALSE" to the db URL) [90121-224]
2026-08-16T15:39:48.910Z  INFO 260944 --- [pharmacy-inventory-management] [      Thread-14] com.zaxxer.hikari.HikariDataSource       : HikariPool-4 - Shutdown initiated...
2026-08-16T15:39:48.969Z  INFO 260944 --- [pharmacy-inventory-management] [      Thread-14] com.zaxxer.hikari.HikariDataSource       : HikariPool-4 - Shutdown completed.

  .   ____          _            __ _ _
 /\\ / ___'_ __ _ _(_)_ __  __ _ \ \ \ \
( ( )\___ | '_ | '_| | '_ \/ _` | \ \ \ \
 \\/  ___)| |_)| | | | | || (_| |  ) ) ) )
  '  |____| .__|_| |_|_| |_\__, | / / / /
 =========|_|==============|___/=/_/_/_/
 :: Spring Boot ::                (v3.2.0)

2026-08-16T15:39:51.439Z  INFO 260944 --- [pharmacy-inventory-management] [  restartedMain] c.p.i.InventoryManagementApplication     : Starting InventoryManagementApplication using Java 21.0.10 with PID 260944 (/app/target/classes started by jules in /app)
2026-08-16T15:39:51.440Z DEBUG 260944 --- [pharmacy-inventory-management] [  restartedMain] c.p.i.InventoryManagementApplication     : Running with Spring Boot v3.2.0, Spring v6.1.1
2026-08-16T15:39:51.440Z  INFO 260944 --- [pharmacy-inventory-management] [  restartedMain] c.p.i.InventoryManagementApplication     : No active profile set, falling back to 1 default profile: "default"
2026-08-16T15:39:51.996Z  INFO 260944 --- [pharmacy-inventory-management] [  restartedMain] .s.d.r.c.RepositoryConfigurationDelegate : Bootstrapping Spring Data JPA repositories in DEFAULT mode.
2026-08-16T15:39:52.109Z  INFO 260944 --- [pharmacy-inventory-management] [  restartedMain] .s.d.r.c.RepositoryConfigurationDelegate : Finished Spring Data repository scanning in 111 ms. Found 6 JPA repository interfaces.
2026-08-16T15:39:52.251Z  WARN 260944 --- [pharmacy-inventory-management] [  restartedMain] ConfigServletWebServerApplicationContext : Exception encountered during context initialization - cancelling refresh attempt: java.lang.NullPointerException: Cannot read field "generatedClass" because "data" is null
2026-08-16T15:39:52.264Z  INFO 260944 --- [pharmacy-inventory-management] [  restartedMain] .s.b.a.l.ConditionEvaluationReportLogger :

Error starting ApplicationContext. To display the condition evaluation report re-run your application with 'debug' enabled.
2026-08-16T15:39:52.282Z ERROR 260944 --- [pharmacy-inventory-management] [  restartedMain] o.s.boot.SpringApplication               : Application run failed

java.lang.NullPointerException: Cannot read field "generatedClass" because "data" is null
	at org.springframework.cglib.proxy.Enhancer.nextInstance(Enhancer.java:783) ~[spring-core-6.1.1.jar:6.1.1]
	at org.springframework.cglib.core.AbstractClassGenerator.create(AbstractClassGenerator.java:321) ~[spring-core-6.1.1.jar:6.1.1]
	at org.springframework.cglib.proxy.Enhancer.createHelper(Enhancer.java:562) ~[spring-core-6.1.1.jar:6.1.1]
	at org.springframework.cglib.proxy.Enhancer.createClass(Enhancer.java:407) ~[spring-core-6.1.1.jar:6.1.1]
	at org.springframework.context.annotation.ConfigurationClassEnhancer.createClass(ConfigurationClassEnhancer.java:138) ~[spring-context-6.1.1.jar:6.1.1]
	at org.springframework.context.annotation.ConfigurationClassEnhancer.enhance(ConfigurationClassEnhancer.java:109) ~[spring-context-6.1.1.jar:6.1.1]
	at org.springframework.context.annotation.ConfigurationClassPostProcessor.enhanceConfigurationClasses(ConfigurationClassPostProcessor.java:533) ~[spring-context-6.1.1.jar:6.1.1]
	at org.springframework.context.annotation.ConfigurationClassPostProcessor.postProcessBeanFactory(ConfigurationClassPostProcessor.java:310) ~[spring-context-6.1.1.jar:6.1.1]
	at org.springframework.context.support.PostProcessorRegistrationDelegate.invokeBeanFactoryPostProcessors(PostProcessorRegistrationDelegate.java:363) ~[spring-context-6.1.1.jar:6.1.1]
	at org.springframework.context.support.PostProcessorRegistrationDelegate.invokeBeanFactoryPostProcessors(PostProcessorRegistrationDelegate.java:153) ~[spring-context-6.1.1.jar:6.1.1]
	at org.springframework.context.support.AbstractApplicationContext.invokeBeanFactoryPostProcessors(AbstractApplicationContext.java:775) ~[spring-context-6.1.1.jar:6.1.1]
	at org.springframework.context.support.AbstractApplicationContext.refresh(AbstractApplicationContext.java:597) ~[spring-context-6.1.1.jar:6.1.1]
	at org.springframework.boot.web.servlet.context.ServletWebServerApplicationContext.refresh(ServletWebServerApplicationContext.java:146) ~[spring-boot-3.2.0.jar:3.2.0]
	at org.springframework.boot.SpringApplication.refresh(SpringApplication.java:753) ~[spring-boot-3.2.0.jar:3.2.0]
	at org.springframework.boot.SpringApplication.refreshContext(SpringApplication.java:455) ~[spring-boot-3.2.0.jar:3.2.0]
	at org.springframework.boot.SpringApplication.run(SpringApplication.java:323) ~[spring-boot-3.2.0.jar:3.2.0]
	at org.springframework.boot.SpringApplication.run(SpringApplication.java:1342) ~[spring-boot-3.2.0.jar:3.2.0]
	at org.springframework.boot.SpringApplication.run(SpringApplication.java:1331) ~[spring-boot-3.2.0.jar:3.2.0]
	at com.pharmacy.inventory.InventoryManagementApplication.main(InventoryManagementApplication.java:10) ~[classes/:na]
	at java.base/jdk.internal.reflect.DirectMethodHandleAccessor.invoke(DirectMethodHandleAccessor.java:103) ~[na:na]
	at java.base/java.lang.reflect.Method.invoke(Method.java:580) ~[na:na]
	at org.springframework.boot.devtools.restart.RestartLauncher.run(RestartLauncher.java:50) ~[spring-boot-devtools-3.2.0.jar:3.2.0]


  .   ____          _            __ _ _
 /\\ / ___'_ __ _ _(_)_ __  __ _ \ \ \ \
( ( )\___ | '_ | '_| | '_ \/ _` | \ \ \ \
 \\/  ___)| |_)| | | | | || (_| |  ) ) ) )
  '  |____| .__|_| |_|_| |_\__, | / / / /
 =========|_|==============|___/=/_/_/_/
 :: Spring Boot ::                (v3.2.0)

2026-08-16T15:39:53.830Z  INFO 260944 --- [pharmacy-inventory-management] [  restartedMain] c.p.i.InventoryManagementApplication     : Starting InventoryManagementApplication using Java 21.0.10 with PID 260944 (/app/target/classes started by jules in /app)
2026-08-16T15:39:53.831Z DEBUG 260944 --- [pharmacy-inventory-management] [  restartedMain] c.p.i.InventoryManagementApplication     : Running with Spring Boot v3.2.0, Spring v6.1.1
2026-08-16T15:39:53.832Z  INFO 260944 --- [pharmacy-inventory-management] [  restartedMain] c.p.i.InventoryManagementApplication     : No active profile set, falling back to 1 default profile: "default"
2026-08-16T15:39:54.346Z  INFO 260944 --- [pharmacy-inventory-management] [  restartedMain] .s.d.r.c.RepositoryConfigurationDelegate : Bootstrapping Spring Data JPA repositories in DEFAULT mode.
2026-08-16T15:39:54.394Z  INFO 260944 --- [pharmacy-inventory-management] [  restartedMain] .s.d.r.c.RepositoryConfigurationDelegate : Finished Spring Data repository scanning in 47 ms. Found 6 JPA repository interfaces.
2026-08-16T15:39:54.974Z  INFO 260944 --- [pharmacy-inventory-management] [  restartedMain] o.s.b.w.embedded.tomcat.TomcatWebServer  : Tomcat initialized with port 8088 (http)
2026-08-16T15:39:54.978Z  INFO 260944 --- [pharmacy-inventory-management] [  restartedMain] o.apache.catalina.core.StandardService   : Starting service [Tomcat]
2026-08-16T15:39:54.979Z  INFO 260944 --- [pharmacy-inventory-management] [  restartedMain] o.apache.catalina.core.StandardEngine    : Starting Servlet engine: [Apache Tomcat/10.1.16]
2026-08-16T15:39:55.012Z  INFO 260944 --- [pharmacy-inventory-management] [  restartedMain] o.a.c.c.C.[Tomcat].[localhost].[/]       : Initializing Spring embedded WebApplicationContext
2026-08-16T15:39:55.013Z  INFO 260944 --- [pharmacy-inventory-management] [  restartedMain] w.s.c.ServletWebServerApplicationContext : Root WebApplicationContext: initialization completed in 1170 ms
2026-08-16T15:39:55.065Z  INFO 260944 --- [pharmacy-inventory-management] [  restartedMain] com.zaxxer.hikari.HikariDataSource       : HikariPool-5 - Starting...
2026-08-16T15:39:55.091Z  INFO 260944 --- [pharmacy-inventory-management] [  restartedMain] com.zaxxer.hikari.pool.HikariPool        : HikariPool-5 - Added connection conn40: url=jdbc:h2:mem:pharmacydb user=SA
2026-08-16T15:39:55.093Z  INFO 260944 --- [pharmacy-inventory-management] [  restartedMain] com.zaxxer.hikari.HikariDataSource       : HikariPool-5 - Start completed.
2026-08-16T15:39:55.095Z  INFO 260944 --- [pharmacy-inventory-management] [  restartedMain] o.s.b.a.h2.H2ConsoleAutoConfiguration    : H2 console available at '/h2-console'. Database available at 'jdbc:h2:mem:pharmacydb'
2026-08-16T15:39:55.195Z  INFO 260944 --- [pharmacy-inventory-management] [  restartedMain] o.hibernate.jpa.internal.util.LogHelper  : HHH000204: Processing PersistenceUnitInfo [name: default]
2026-08-16T15:39:55.211Z  INFO 260944 --- [pharmacy-inventory-management] [  restartedMain] o.h.c.internal.RegionFactoryInitiator    : HHH000026: Second-level cache disabled
2026-08-16T15:39:55.237Z  INFO 260944 --- [pharmacy-inventory-management] [  restartedMain] o.s.o.j.p.SpringPersistenceUnitInfo      : No LoadTimeWeaver setup: ignoring JPA class transformer
2026-08-16T15:39:55.249Z  WARN 260944 --- [pharmacy-inventory-management] [  restartedMain] org.hibernate.orm.deprecation            : HHH90000025: H2Dialect does not need to be specified explicitly using 'hibernate.dialect' (remove the property setting and it will be selected by default)
2026-08-16T15:39:55.546Z  INFO 260944 --- [pharmacy-inventory-management] [  restartedMain] o.h.e.t.j.p.i.JtaPlatformInitiator       : HHH000489: No JTA platform available (set 'hibernate.transaction.jta.platform' to enable JTA platform integration)
Hibernate:
    drop table if exists categories cascade
Hibernate:
    drop table if exists medications cascade
Hibernate:
    drop table if exists sales cascade
Hibernate:
    drop table if exists suppliers cascade
Hibernate:
    drop table if exists users cascade
Hibernate:
    create table categories (
        created_at timestamp(6),
        id bigint generated by default as identity,
        updated_at timestamp(6),
        description varchar(500),
        name varchar(255) not null unique,
        primary key (id)
    )
Hibernate:
    create table medications (
        expiration_date date,
        is_deleted boolean,
        low_stock_threshold integer,
        price numeric(10,2) not null,
        quantity integer not null,
        category_id bigint,
        created_at timestamp(6),
        id bigint generated by default as identity,
        supplier_id bigint,
        updated_at timestamp(6),
        description varchar(1000),
        batch_number varchar(255),
        manufacturer varchar(255),
        name varchar(255) not null,
        type varchar(255),
        primary key (id)
    )
Hibernate:
    create table sales (
        cost_price numeric(10,2),
        quantity integer not null,
        sale_date date not null,
        total_price numeric(10,2) not null,
        unit_price numeric(10,2) not null,
        created_at timestamp(6),
        id bigint generated by default as identity,
        medication_id bigint not null,
        primary key (id)
    )
Hibernate:
    create table suppliers (
        active boolean default true not null,
        created_at timestamp(6),
        id bigint generated by default as identity,
        updated_at timestamp(6),
        address varchar(500),
        contact_person varchar(255),
        email varchar(255) not null unique,
        name varchar(255) not null,
        phone varchar(255) not null,
        primary key (id)
    )
Hibernate:
    create table users (
        created_at timestamp(6),
        id bigint generated by default as identity,
        email varchar(255) not null unique,
        full_name varchar(255) not null,
        password varchar(255) not null,
        role varchar(255) not null,
        primary key (id)
    )
Hibernate:
    alter table if exists medications
       add constraint FKmf1t7pw4h0df5jr8gld0uf05k
       foreign key (category_id)
       references categories
Hibernate:
    alter table if exists medications
       add constraint FK94rldjohkfmifdk13m2i03g70
       foreign key (supplier_id)
       references suppliers
Hibernate:
    alter table if exists sales
       add constraint FKaawj0sejy9oq9li56m5hum7tp
       foreign key (medication_id)
       references medications
2026-08-16T15:39:55.578Z  INFO 260944 --- [pharmacy-inventory-management] [  restartedMain] j.LocalContainerEntityManagerFactoryBean : Initialized JPA EntityManagerFactory for persistence unit 'default'
2026-08-16T15:39:55.912Z DEBUG 260944 --- [pharmacy-inventory-management] [  restartedMain] o.s.jdbc.datasource.init.ScriptUtils     : Executing SQL script from file [/app/target/classes/schema.sql]
2026-08-16T15:39:55.915Z DEBUG 260944 --- [pharmacy-inventory-management] [  restartedMain] o.s.jdbc.datasource.init.ScriptUtils     : 0 returned as update count for SQL: CREATE TABLE IF NOT EXISTS categories ( id BIGINT AUTO_INCREMENT PRIMARY KEY, name VARCHAR(255) NOT NULL UNIQUE, description VARCHAR(1000), created_at TIMESTAMP, updated_at TIMESTAMP )
2026-08-16T15:39:55.915Z DEBUG 260944 --- [pharmacy-inventory-management] [  restartedMain] o.s.jdbc.datasource.init.ScriptUtils     : 0 returned as update count for SQL: CREATE TABLE IF NOT EXISTS suppliers ( id BIGINT AUTO_INCREMENT PRIMARY KEY, name VARCHAR(255) NOT NULL, contact_person VARCHAR(255) NOT NULL, phone VARCHAR(50) NOT NULL, email VARCHAR(255), address VARCHAR(500), active BOOLEAN DEFAULT TRUE NOT NULL, created_at TIMESTAMP, updated_at TIMESTAMP )
2026-08-16T15:39:55.916Z DEBUG 260944 --- [pharmacy-inventory-management] [  restartedMain] o.s.jdbc.datasource.init.ScriptUtils     : 0 returned as update count for SQL: CREATE TABLE IF NOT EXISTS medications ( id BIGINT AUTO_INCREMENT PRIMARY KEY, name VARCHAR(255) NOT NULL UNIQUE, description VARCHAR(1000), quantity INTEGER NOT NULL, price DOUBLE PRECISION NOT NULL, expiration_date DATE, low_stock_threshold INTEGER DEFAULT 10, manufacturer VARCHAR(255), batch_number VARCHAR(100), type VARCHAR(50), is_deleted BOOLEAN DEFAULT FALSE, category_id BIGINT, supplier_id BIGINT, created_at TIMESTAMP, updated_at TIMESTAMP, FOREIGN KEY (category_id) REFERENCES categories(id), FOREIGN KEY (supplier_id) REFERENCES suppliers(id) )
2026-08-16T15:39:55.916Z DEBUG 260944 --- [pharmacy-inventory-management] [  restartedMain] o.s.jdbc.datasource.init.ScriptUtils     : 0 returned as update count for SQL: CREATE TABLE IF NOT EXISTS users ( id BIGINT AUTO_INCREMENT PRIMARY KEY, full_name VARCHAR(255) NOT NULL, email VARCHAR(255) NOT NULL UNIQUE, password VARCHAR(255) NOT NULL, role VARCHAR(50) NOT NULL, created_at TIMESTAMP )
2026-08-16T15:39:55.916Z DEBUG 260944 --- [pharmacy-inventory-management] [  restartedMain] o.s.jdbc.datasource.init.ScriptUtils     : 0 returned as update count for SQL: CREATE TABLE IF NOT EXISTS sales ( id BIGINT AUTO_INCREMENT PRIMARY KEY, sale_date DATE NOT NULL, quantity INTEGER NOT NULL, unit_price NUMERIC(10,2) NOT NULL, cost_price NUMERIC(10,2), total_price NUMERIC(10,2) NOT NULL, medication_id BIGINT NOT NULL, created_at TIMESTAMP, FOREIGN KEY (medication_id) REFERENCES medications(id) )
2026-08-16T15:39:55.917Z DEBUG 260944 --- [pharmacy-inventory-management] [  restartedMain] o.s.jdbc.datasource.init.ScriptUtils     : 0 returned as update count for SQL: CREATE INDEX IF NOT EXISTS idx_users_email ON users(email)
2026-08-16T15:39:55.918Z DEBUG 260944 --- [pharmacy-inventory-management] [  restartedMain] o.s.jdbc.datasource.init.ScriptUtils     : 0 returned as update count for SQL: CREATE INDEX IF NOT EXISTS idx_sales_date ON sales(sale_date)
2026-08-16T15:39:55.918Z DEBUG 260944 --- [pharmacy-inventory-management] [  restartedMain] o.s.jdbc.datasource.init.ScriptUtils     : 0 returned as update count for SQL: CREATE INDEX IF NOT EXISTS idx_sales_medication ON sales(medication_id)
2026-08-16T15:39:55.918Z DEBUG 260944 --- [pharmacy-inventory-management] [  restartedMain] o.s.jdbc.datasource.init.ScriptUtils     : 0 returned as update count for SQL: CREATE INDEX IF NOT EXISTS idx_medication_name ON medications(name)
2026-08-16T15:39:55.919Z DEBUG 260944 --- [pharmacy-inventory-management] [  restartedMain] o.s.jdbc.datasource.init.ScriptUtils     : 0 returned as update count for SQL: CREATE INDEX IF NOT EXISTS idx_medication_type ON medications(type)
2026-08-16T15:39:55.919Z DEBUG 260944 --- [pharmacy-inventory-management] [  restartedMain] o.s.jdbc.datasource.init.ScriptUtils     : 0 returned as update count for SQL: CREATE INDEX IF NOT EXISTS idx_medication_category ON medications(category_id)
2026-08-16T15:39:55.920Z DEBUG 260944 --- [pharmacy-inventory-management] [  restartedMain] o.s.jdbc.datasource.init.ScriptUtils     : 0 returned as update count for SQL: CREATE INDEX IF NOT EXISTS idx_medication_supplier ON medications(supplier_id)
2026-08-16T15:39:55.920Z DEBUG 260944 --- [pharmacy-inventory-management] [  restartedMain] o.s.jdbc.datasource.init.ScriptUtils     : 0 returned as update count for SQL: CREATE INDEX IF NOT EXISTS idx_category_name ON categories(name)
2026-08-16T15:39:55.920Z DEBUG 260944 --- [pharmacy-inventory-management] [  restartedMain] o.s.jdbc.datasource.init.ScriptUtils     : 0 returned as update count for SQL: CREATE INDEX IF NOT EXISTS idx_supplier_name ON suppliers(name)
2026-08-16T15:39:55.920Z DEBUG 260944 --- [pharmacy-inventory-management] [  restartedMain] o.s.jdbc.datasource.init.ScriptUtils     : Executed SQL script from file [/app/target/classes/schema.sql] in 8 ms.
2026-08-16T15:39:55.921Z DEBUG 260944 --- [pharmacy-inventory-management] [  restartedMain] o.s.jdbc.datasource.init.ScriptUtils     : Executing SQL script from file [/app/target/classes/data.sql]
2026-08-16T15:39:55.924Z DEBUG 260944 --- [pharmacy-inventory-management] [  restartedMain] o.s.jdbc.datasource.init.ScriptUtils     : 0 returned as update count for SQL: DELETE FROM sales
2026-08-16T15:39:55.924Z DEBUG 260944 --- [pharmacy-inventory-management] [  restartedMain] o.s.jdbc.datasource.init.ScriptUtils     : 0 returned as update count for SQL: DELETE FROM medications
2026-08-16T15:39:55.925Z DEBUG 260944 --- [pharmacy-inventory-management] [  restartedMain] o.s.jdbc.datasource.init.ScriptUtils     : 0 returned as update count for SQL: DELETE FROM categories
2026-08-16T15:39:55.925Z DEBUG 260944 --- [pharmacy-inventory-management] [  restartedMain] o.s.jdbc.datasource.init.ScriptUtils     : 0 returned as update count for SQL: DELETE FROM suppliers
2026-08-16T15:39:55.925Z DEBUG 260944 --- [pharmacy-inventory-management] [  restartedMain] o.s.jdbc.datasource.init.ScriptUtils     : 0 returned as update count for SQL: DELETE FROM users
2026-08-16T15:39:55.928Z DEBUG 260944 --- [pharmacy-inventory-management] [  restartedMain] o.s.jdbc.datasource.init.ScriptUtils     : 15 returned as update count for SQL: INSERT INTO categories (id, name, description, created_at, updated_at) VALUES (1, 'Analgesics & Pain Relief', 'Pain relief and anti-inflammatory medications', CURRENT_TIMESTAMP, CURRENT_TIMESTAMP), (2, 'Fever & Cold', 'Antipyretics, cold, cough, and decongestants', CURRENT_TIMESTAMP, CURRENT_TIMESTAMP), (3, 'Antibiotics & Antifungals', 'Anti-bacterial and anti-fungal treatments', CURRENT_TIMESTAMP, CURRENT_TIMESTAMP), (4, 'Antacids & Gastrointestinal', 'Medications for acidity, GERD, and digestion', CURRENT_TIMESTAMP, CURRENT_TIMESTAMP), (5, 'Antihistamines & Allergy', 'Allergy relief and anti-histamine drugs', CURRENT_TIMESTAMP, CURRENT_TIMESTAMP), (6, 'Vitamins & Supplements', 'Nutritional supplements and mineral formulas', CURRENT_TIMESTAMP, CURRENT_TIMESTAMP), (7, 'Antidiabetics', 'Blood sugar control and diabetes management', CURRENT_TIMESTAMP, CURRENT_TIMESTAMP), (8, 'Cardiovascular & BP', 'Hypertension, heart, and cholesterol medications', CURRENT_TIMESTAMP, CURRENT_TIMESTAMP), (9, 'Skin Care & Topical', 'Creams, ointments, and dermatological remedies', CURRENT_TIMESTAMP, CURRENT_TIMESTAMP), (10, 'Eye & Ear Care', 'Ophthalmic and otic drops', CURRENT_TIMESTAMP, CURRENT_TIMESTAMP), (11, 'First Aid & Antiseptics', 'Disinfectants, bandages, and wound care', CURRENT_TIMESTAMP, CURRENT_TIMESTAMP), (12, 'Respiratory & Asthma', 'Inhalers, bronchodilators, and lung care', CURRENT_TIMESTAMP, CURRENT_TIMESTAMP), (13, 'Hormones & Steroids', 'Endocrine treatments and anti-inflammatory steroids', CURRENT_TIMESTAMP, CURRENT_TIMESTAMP), (14, 'CNS & Psychiatric', 'Neurological, anti-anxiety, and sleep aids', CURRENT_TIMESTAMP, CURRENT_TIMESTAMP), (15, 'Muscle Relaxants', 'Treatments for muscle spasms and stiffness', CURRENT_TIMESTAMP, CURRENT_TIMESTAMP)
2026-08-16T15:39:55.929Z DEBUG 260944 --- [pharmacy-inventory-management] [  restartedMain] o.s.jdbc.datasource.init.ScriptUtils     : 10 returned as update count for SQL: INSERT INTO suppliers (id, name, contact_person, phone, email, address, active, created_at, updated_at) VALUES (1, 'Apollo Pharmacy Distributors', 'Rajesh Sharma', '+91 98765 43210', 'rajesh@apollodist.in', '12, Link Road, Andheri West, Mumbai, Maharashtra 400053', true, CURRENT_TIMESTAMP, CURRENT_TIMESTAMP), (2, 'MedPlus Logistics', 'Sunil Verma', '+91 91234 56789', 'sunil@medplus.co.in', '45, MG Road, Indiranagar, Bengaluru, Karnataka 560038', true, CURRENT_TIMESTAMP, CURRENT_TIMESTAMP), (3, 'Cipla Supply Chain Ltd', 'Priya Patel', '+91 99887 66554', 'priya.patel@cipla-supply.in', '78, CG Road, Navrangpura, Ahmedabad, Gujarat 380009', true, CURRENT_TIMESTAMP, CURRENT_TIMESTAMP), (4, 'Sun Pharma Wholesalers', 'Amitabh Roy', '+91 98112 23344', 'amitabh@sunwholesalers.in', '102, Connaught Place, New Delhi, Delhi 110001', true, CURRENT_TIMESTAMP, CURRENT_TIMESTAMP), (5, 'Dr Reddys Pharma Depot', 'Kavita Reddy', '+91 97001 12233', 'kavita@drreddysdepot.in', '33, Banjara Hills, Road No 12, Hyderabad, Telangana 500034', true, CURRENT_TIMESTAMP, CURRENT_TIMESTAMP), (6, 'Mankind Pharma Supply', 'Vikram Singh', '+91 98450 98450', 'vikram@mankindsupply.in', '56, Park Street, Kolkata, West Bengal 700016', true, CURRENT_TIMESTAMP, CURRENT_TIMESTAMP), (7, 'Lupin Medical Agencies', 'Sanjay Kulkarni', '+91 98220 12345', 'sanjay@lupinagencies.in', '88, FC Road, Shivajinagar, Pune, Maharashtra 411005', true, CURRENT_TIMESTAMP, CURRENT_TIMESTAMP), (8, 'Zydus Health Distributors', 'Anil Mehta', '+91 99000 55443', 'anil@zydusdist.in', '21, SG Highway, Thaltej, Ahmedabad, Gujarat 380054', true, CURRENT_TIMESTAMP, CURRENT_TIMESTAMP), (9, 'Torrent Pharma Depot', 'Meena Iyer', '+91 94440 11223', 'meena@torrentdepot.in', '14, Anna Salai, T Nagar, Chennai, Tamil Nadu 600017', true, CURRENT_TIMESTAMP, CURRENT_TIMESTAMP), (10, 'Alkem Pharma Services', 'Rohan Gupta', '+91 98300 77889', 'rohan@alkemservices.in', '67, Boring Road, Patna, Bihar 800001', true, CURRENT_TIMESTAMP, CURRENT_TIMESTAMP)
2026-08-16T15:39:55.935Z DEBUG 260944 --- [pharmacy-inventory-management] [  restartedMain] o.s.jdbc.datasource.init.ScriptUtils     : 52 returned as update count for SQL: INSERT INTO medications (id, name, manufacturer, price, quantity, low_stock_threshold, expiration_date, type, description, batch_number, category_id, supplier_id, is_deleted, created_at, updated_at) VALUES (1, 'Dolo 650mg Tablet', 'Micro Labs Ltd', 30.50, 150, 20, DATEADD('DAY', -5, CURRENT_DATE), 'TABLET', 'Paracetamol 650mg used for fever and mild to moderate pain relief.', 'BATCH-IN-001', 2, 1, false, CURRENT_TIMESTAMP, CURRENT_TIMESTAMP), (2, 'Crocin 500mg Tablet', 'GlaxoSmithKline', 24.00, 120, 15, DATEADD('DAY', -2, CURRENT_DATE), 'TABLET', 'Fast acting analgesic and antipyretic for fever and headache.', 'BATCH-IN-002', 2, 1, false, CURRENT_TIMESTAMP, CURRENT_TIMESTAMP), (3, 'Combiflam Tablet', 'Sanofi India', 45.00, 5, 15, DATEADD('DAY', 3, CURRENT_DATE), 'TABLET', 'Ibuprofen 400mg + Paracetamol 325mg combination for joint and muscle pain.', 'BATCH-IN-003', 1, 2, false, CURRENT_TIMESTAMP, CURRENT_TIMESTAMP), (4, 'Zerodol-SP Tablet', 'Ipca Laboratories', 115.00, 80, 15, DATEADD('DAY', 5, CURRENT_DATE), 'TABLET', 'Aceclofenac 100mg + Paracetamol 325mg + Serratiopeptidase 15mg for swelling and pain.', 'BATCH-IN-004', 1, 3, false, CURRENT_TIMESTAMP, CURRENT_TIMESTAMP), (5, 'Sumo 100mg/325mg Tablet', 'Alkem Laboratories', 88.00, 4, 10, DATEADD('DAY', 12, CURRENT_DATE), 'TABLET', 'Nimesulide + Paracetamol combination for acute pain and inflammatory fever.', 'BATCH-IN-005', 1, 10, false, CURRENT_TIMESTAMP, CURRENT_TIMESTAMP), (6, 'Pan 40mg Tablet', 'Alkem Laboratories', 155.00, 90, 15, DATEADD('DAY', 18, CURRENT_DATE), 'TABLET', 'Pantoprazole gastro-resistant tablet for hyperacidity, GERD, and stomach ulcers.', 'BATCH-IN-006', 4, 10, false, CURRENT_TIMESTAMP, CURRENT_TIMESTAMP), (7, 'Pantocid D SR Capsule', 'Sun Pharma', 198.50, 60, 10, DATEADD('DAY', 25, CURRENT_DATE), 'CAPSULE', 'Pantoprazole 40mg + Domperidone 30mg SR for acidity with nausea.', 'BATCH-IN-007', 4, 4, false, CURRENT_TIMESTAMP, CURRENT_TIMESTAMP), (8, 'Omez 20mg Capsule', 'Dr Reddys Laboratories', 62.00, 110, 20, DATEADD('DAY', 28, CURRENT_DATE), 'CAPSULE', 'Omeprazole 20mg for peptic ulcer disease and heartburn relief.', 'BATCH-IN-008', 4, 5, false, CURRENT_TIMESTAMP, CURRENT_TIMESTAMP), (9, 'Digene Gel Syrup 200ml', 'Abbott India', 142.00, 35, 8, DATEADD('DAY', 45, CURRENT_DATE), 'SYRUP', 'Antacid liquid providing quick relief from acidity, gas, and bloat.', 'BATCH-IN-009', 4, 2, false, CURRENT_TIMESTAMP, CURRENT_TIMESTAMP), (10, 'Gelusil MPS Syrup 200ml', 'Pfizer India', 130.00, 40, 10, DATEADD('DAY', 60, CURRENT_DATE), 'SYRUP', 'Antacid and anti-flatulent liquid syrup for stomach acidity.', 'BATCH-IN-010', 4, 2, false, CURRENT_TIMESTAMP, CURRENT_TIMESTAMP), (11, 'Azithral 500mg Tablet', 'Alembic Pharmaceuticals', 121.50, 45, 10, DATEADD('DAY', 90, CURRENT_DATE), 'TABLET', 'Azithromycin 500mg antibiotic for throat, chest, and skin infections.', 'BATCH-IN-011', 3, 1, false, CURRENT_TIMESTAMP, CURRENT_TIMESTAMP), (12, 'Moxikind-CV 625 Tablet', 'Mankind Pharma', 204.00, 70, 15, DATEADD('DAY', 120, CURRENT_DATE), 'TABLET', 'Amoxicillin 500mg + Clavulanic Acid 125mg broad spectrum antibiotic.', 'BATCH-IN-012', 3, 6, false, CURRENT_TIMESTAMP, CURRENT_TIMESTAMP), (13, 'Augmentin 625 Duo Tablet', 'GlaxoSmithKline', 223.00, 65, 12, DATEADD('DAY', 150, CURRENT_DATE), 'TABLET', 'Potent antibacterial for severe respiratory, urinary, and dental infections.', 'BATCH-IN-013', 3, 1, false, CURRENT_TIMESTAMP, CURRENT_TIMESTAMP), (14, 'Ciplox 500mg Tablet', 'Cipla Ltd', 42.00, 85, 20, DATEADD('DAY', 180, CURRENT_DATE), 'TABLET', 'Ciprofloxacin 500mg fluoroquinolone antibiotic.', 'BATCH-IN-014', 3, 3, false, CURRENT_TIMESTAMP, CURRENT_TIMESTAMP), (15, 'Taxim-O 200mg Tablet', 'Alkem Laboratories', 112.00, 50, 10, DATEADD('DAY', 200, CURRENT_DATE), 'TABLET', 'Cefixime 200mg oral cephalosporin antibiotic.', 'BATCH-IN-015', 3, 10, false, CURRENT_TIMESTAMP, CURRENT_TIMESTAMP), (16, 'Azee 500mg Tablet', 'Cipla Ltd', 118.00, 55, 12, DATEADD('DAY', 210, CURRENT_DATE), 'TABLET', 'Azithromycin tablet for bacterial respiratory tract infections.', 'BATCH-IN-016', 3, 3, false, CURRENT_TIMESTAMP, CURRENT_TIMESTAMP), (17, 'Allegra 120mg Tablet', 'Sanofi India', 210.00, 40, 10, DATEADD('DAY', 240, CURRENT_DATE), 'TABLET', 'Fexofenadine 120mg non-drowsy anti-allergy medication.', 'BATCH-IN-017', 5, 2, false, CURRENT_TIMESTAMP, CURRENT_TIMESTAMP), (18, 'Cetzine 10mg Tablet', 'Dr Reddys Laboratories', 22.00, 140, 25, DATEADD('DAY', 270, CURRENT_DATE), 'TABLET', 'Cetirizine 10mg for allergic rhinitis, sneezing, and hives.', 'BATCH-IN-018', 5, 5, false, CURRENT_TIMESTAMP, CURRENT_TIMESTAMP), (19, 'Levocet 5mg Tablet', 'Cipla Ltd', 48.00, 100, 20, DATEADD('DAY', 300, CURRENT_DATE), 'TABLET', 'Levocetirizine 5mg for allergic cold and skin allergies.', 'BATCH-IN-019', 5, 3, false, CURRENT_TIMESTAMP, CURRENT_TIMESTAMP), (20, 'Avil 25mg Tablet', 'Sanofi India', 12.50, 200, 30, DATEADD('DAY', 330, CURRENT_DATE), 'TABLET', 'Pheniramine maleate anti-allergy tablet for itching and motion sickness.', 'BATCH-IN-020', 5, 2, false, CURRENT_TIMESTAMP, CURRENT_TIMESTAMP), (21, 'Ascoril LS Syrup 100ml', 'Glenmark Pharmaceuticals', 118.00, 50, 12, DATEADD('DAY', 360, CURRENT_DATE), 'SYRUP', 'Levosalbutamol + Ambroxol + Guaiphenesin mucolytic cough syrup for wet cough.', 'BATCH-IN-021', 2, 7, false, CURRENT_TIMESTAMP, CURRENT_TIMESTAMP), (22, 'Benadryl Cough Syrup 150ml', 'Johnson & Johnson', 135.00, 60, 15, DATEADD('DAY', 380, CURRENT_DATE), 'SYRUP', 'Soothes dry cough and throat irritation.', 'BATCH-IN-022', 2, 1, false, CURRENT_TIMESTAMP, CURRENT_TIMESTAMP), (23, 'Alex Cough Syrup 100ml', 'Glenmark Pharmaceuticals', 125.00, 45, 10, DATEADD('DAY', 400, CURRENT_DATE), 'SYRUP', 'Dextromethorphan + Chlorpheniramine dry cough formula.', 'BATCH-IN-023', 2, 7, false, CURRENT_TIMESTAMP, CURRENT_TIMESTAMP), (24, 'Glycomet 500mg Tablet', 'USV Private Ltd', 32.00, 180, 30, DATEADD('DAY', 420, CURRENT_DATE), 'TABLET', 'Metformin 500mg for type-2 diabetes blood sugar management.', 'BATCH-IN-024', 7, 2, false, CURRENT_TIMESTAMP, CURRENT_TIMESTAMP), (25, 'Glycomet GP 2 Tablet', 'USV Private Ltd', 145.00, 90, 15, DATEADD('DAY', 450, CURRENT_DATE), 'TABLET', 'Metformin 500mg + Glimepiride 2mg dual diabetes control.', 'BATCH-IN-025', 7, 2, false, CURRENT_TIMESTAMP, CURRENT_TIMESTAMP), (26, 'Janumet 50mg/500mg Tablet', 'MSD India', 580.00, 30, 8, DATEADD('DAY', 480, CURRENT_DATE), 'TABLET', 'Sitagliptin + Metformin advanced oral antidiabetic.', 'BATCH-IN-026', 7, 4, false, CURRENT_TIMESTAMP, CURRENT_TIMESTAMP), (27, 'Amlokind 5mg Tablet', 'Mankind Pharma', 18.50, 220, 30, DATEADD('DAY', 500, CURRENT_DATE), 'TABLET', 'Amlodipine 5mg calcium channel blocker for hypertension.', 'BATCH-IN-027', 8, 6, false, CURRENT_TIMESTAMP, CURRENT_TIMESTAMP), (28, 'Telmikind 40mg Tablet', 'Mankind Pharma', 52.00, 130, 20, DATEADD('DAY', 520, CURRENT_DATE), 'TABLET', 'Telmisartan 40mg angiotensin receptor blocker for BP control.', 'BATCH-IN-028', 8, 6, false, CURRENT_TIMESTAMP, CURRENT_TIMESTAMP), (29, 'Losar 50mg Tablet', 'Torrent Pharmaceuticals', 86.00, 95, 15, DATEADD('DAY', 540, CURRENT_DATE), 'TABLET', 'Losartan potassium 50mg for high blood pressure.', 'BATCH-IN-029', 8, 9, false, CURRENT_TIMESTAMP, CURRENT_TIMESTAMP), (30, 'Ciplar 10mg Tablet', 'Cipla Ltd', 24.50, 110, 20, DATEADD('DAY', 560, CURRENT_DATE), 'TABLET', 'Propranolol 10mg beta-blocker for BP and anxiety tremors.', 'BATCH-IN-030', 8, 3, false, CURRENT_TIMESTAMP, CURRENT_TIMESTAMP), (31, 'Atorva 10mg Tablet', 'Zydus Cadila', 98.00, 85, 15, DATEADD('DAY', 580, CURRENT_DATE), 'TABLET', 'Atorvastatin 10mg for cholesterol management.', 'BATCH-IN-031', 8, 8, false, CURRENT_TIMESTAMP, CURRENT_TIMESTAMP), (32, 'Ecosprin 75mg Tablet', 'USV Private Ltd', 9.50, 300, 50, DATEADD('DAY', 600, CURRENT_DATE), 'TABLET', 'Low-dose Aspirin 75mg blood thinner for heart health.', 'BATCH-IN-032', 8, 2, false, CURRENT_TIMESTAMP, CURRENT_TIMESTAMP), (33, 'Becosules Capsules (20s)', 'Pfizer India', 50.00, 160, 25, DATEADD('DAY', 620, CURRENT_DATE), 'CAPSULE', 'B-Complex with Vitamin C for immunity, mouth ulcers, and energy.', 'BATCH-IN-033', 6, 2, false, CURRENT_TIMESTAMP, CURRENT_TIMESTAMP), (34, 'Limcee 500mg Chewable Tablet', 'Abbott India', 25.50, 250, 40, DATEADD('DAY', 640, CURRENT_DATE), 'TABLET', 'Vitamin C 500mg chewable tablets for immunity.', 'BATCH-IN-034', 6, 2, false, CURRENT_TIMESTAMP, CURRENT_TIMESTAMP), (35, 'Shelcal 500mg Tablet', 'Torrent Pharmaceuticals', 132.00, 110, 20, DATEADD('DAY', 660, CURRENT_DATE), 'TABLET', 'Calcium 500mg + Vitamin D3 250IU for bone density.', 'BATCH-IN-035', 6, 9, false, CURRENT_TIMESTAMP, CURRENT_TIMESTAMP), (36, 'Urisept 100mg Capsule', 'Lupin Ltd', 165.00, 40, 10, DATEADD('DAY', 680, CURRENT_DATE), 'CAPSULE', 'Nitrofurantoin for urinary tract infections.', 'BATCH-IN-036', 3, 7, false, CURRENT_TIMESTAMP, CURRENT_TIMESTAMP), (37, 'Electral ORS Sachet 21.8g', 'FDC Ltd', 22.00, 400, 50, DATEADD('DAY', 700, CURRENT_DATE), 'POWDER', 'WHO formula Oral Rehydration Salts for dehydration and diarrhea.', 'BATCH-IN-037', 6, 1, false, CURRENT_TIMESTAMP, CURRENT_TIMESTAMP), (38, 'Betadine 10% Ointment 15g', 'Win-Medicare', 72.00, 80, 15, DATEADD('DAY', 720, CURRENT_DATE), 'CREAM', 'Povidone-Iodine antiseptic ointment for wounds and cuts.', 'BATCH-IN-038', 11, 4, false, CURRENT_TIMESTAMP, CURRENT_TIMESTAMP), (39, 'Volini Pain Relief Gel 30g', 'Sun Pharma', 145.00, 65, 12, DATEADD('DAY', 740, CURRENT_DATE), 'GEL', 'Diclofenac gel for quick joint, neck, and back pain relief.', 'BATCH-IN-039', 1, 4, false, CURRENT_TIMESTAMP, CURRENT_TIMESTAMP), (40, 'Omnigel 30g Tube', 'Cipla Ltd', 110.00, 75, 15, DATEADD('DAY', 760, CURRENT_DATE), 'GEL', 'Topical pain relief gel for sprains and strains.', 'BATCH-IN-040', 1, 3, false, CURRENT_TIMESTAMP, CURRENT_TIMESTAMP), (41, 'Candid B Cream 20g', 'Glenmark Pharmaceuticals', 185.00, 50, 10, DATEADD('DAY', 780, CURRENT_DATE), 'CREAM', 'Clotrimazole + Beclomethasone for fungal skin infections.', 'BATCH-IN-041', 9, 7, false, CURRENT_TIMESTAMP, CURRENT_TIMESTAMP), (42, 'Boroline Antiseptic Cream 20g', 'G D Pharmaceuticals', 42.00, 120, 20, DATEADD('DAY', 800, CURRENT_DATE), 'CREAM', 'Ayurvedic antiseptic cream for dry skin and minor cuts.', 'BATCH-IN-042', 9, 6, false, CURRENT_TIMESTAMP, CURRENT_TIMESTAMP), (43, 'Otrivin Adult Nasal Drops 10ml', 'GlaxoSmithKline', 108.00, 70, 15, DATEADD('DAY', 820, CURRENT_DATE), 'DROPS', 'Xylometazoline nasal decongestant for blocked nose.', 'BATCH-IN-043', 2, 1, false, CURRENT_TIMESTAMP, CURRENT_TIMESTAMP), (44, 'Ciplox Eye/Ear Drops 10ml', 'Cipla Ltd', 21.00, 150, 25, DATEADD('DAY', 840, CURRENT_DATE), 'DROPS', 'Ciprofloxacin eye and ear antibacterial drops.', 'BATCH-IN-044', 10, 3, false, CURRENT_TIMESTAMP, CURRENT_TIMESTAMP), (45, 'Asthalin Inhaler 100mcg', 'Cipla Ltd', 162.00, 45, 10, DATEADD('DAY', 860, CURRENT_DATE), 'INHALER', 'Salbutamol inhaler for asthma and bronchospasm relief.', 'BATCH-IN-045', 12, 3, false, CURRENT_TIMESTAMP, CURRENT_TIMESTAMP), (46, 'Foracort 200 Synchrobreathe', 'Cipla Ltd', 525.00, 25, 5, DATEADD('DAY', 880, CURRENT_DATE), 'INHALER', 'Formoterol + Budesonide breath-actuated inhaler for asthma.', 'BATCH-IN-046', 12, 3, false, CURRENT_TIMESTAMP, CURRENT_TIMESTAMP), (47, 'Deriphyllin Retard 150mg', 'Zydus Healthcare', 34.00, 110, 20, DATEADD('DAY', 900, CURRENT_DATE), 'TABLET', 'Etofylline + Theophylline for asthma and chronic bronchitis.', 'BATCH-IN-047', 12, 8, false, CURRENT_TIMESTAMP, CURRENT_TIMESTAMP), (48, 'Thyronorm 50mcg Tablet', 'Abbott India', 185.00, 100, 15, DATEADD('DAY', 920, CURRENT_DATE), 'TABLET', 'Levothyroxine sodium for hypothyroidism management.', 'BATCH-IN-048', 13, 2, false, CURRENT_TIMESTAMP, CURRENT_TIMESTAMP), (49, 'Dexamethasone 0.5mg Tablet', 'Zydus Cadila', 8.50, 300, 50, DATEADD('DAY', 940, CURRENT_DATE), 'TABLET', 'Corticosteroid for severe allergic and inflammatory conditions.', 'BATCH-IN-049', 13, 8, false, CURRENT_TIMESTAMP, CURRENT_TIMESTAMP), (50, 'Myospaz Tablet', 'Win-Medicare', 168.00, 60, 10, DATEADD('DAY', 960, CURRENT_DATE), 'TABLET', 'Paracetamol + Chlorzoxazone muscle relaxant for back pain.', 'BATCH-IN-050', 15, 4, false, CURRENT_TIMESTAMP, CURRENT_TIMESTAMP), (51, 'Alprax 0.25mg Tablet', 'Torrent Pharmaceuticals', 29.00, 90, 15, DATEADD('DAY', 980, CURRENT_DATE), 'TABLET', 'Alprazolam 0.25mg for anxiety and panic disorders.', 'BATCH-IN-051', 14, 9, false, CURRENT_TIMESTAMP, CURRENT_TIMESTAMP), (52, 'Evion 400mg Capsule', 'Procter & Gamble Health', 38.50, 180, 25, DATEADD('DAY', 1000, CURRENT_DATE), 'CAPSULE', 'Vitamin E 400mg capsule for skin, hair, and antioxidant protection.', 'BATCH-IN-052', 6, 2, false, CURRENT_TIMESTAMP, CURRENT_TIMESTAMP)
2026-08-16T15:39:55.937Z DEBUG 260944 --- [pharmacy-inventory-management] [  restartedMain] o.s.jdbc.datasource.init.ScriptUtils     : 10 returned as update count for SQL: INSERT INTO sales (sale_date, quantity, unit_price, cost_price, total_price, medication_id, created_at) VALUES (CURRENT_DATE, 5, 30.50, 21.35, 152.50, 1, CURRENT_TIMESTAMP), (CURRENT_DATE, 3, 155.00, 108.50, 465.00, 6, CURRENT_TIMESTAMP), (DATEADD('DAY', -1, CURRENT_DATE), 2, 204.00, 142.80, 408.00, 12, CURRENT_TIMESTAMP), (DATEADD('DAY', -2, CURRENT_DATE), 4, 132.00, 92.40, 528.00, 35, CURRENT_TIMESTAMP), (DATEADD('DAY', -3, CURRENT_DATE), 10, 24.00, 16.80, 240.00, 2, CURRENT_TIMESTAMP), (DATEADD('DAY', -4, CURRENT_DATE), 1, 525.00, 367.50, 525.00, 46, CURRENT_TIMESTAMP), (DATEADD('DAY', -5, CURRENT_DATE), 6, 25.50, 17.85, 153.00, 34, CURRENT_TIMESTAMP), (DATEADD('DAY', -6, CURRENT_DATE), 2, 198.50, 138.95, 397.00, 7, CURRENT_TIMESTAMP), (DATEADD('MONTH', -1, CURRENT_DATE), 15, 30.50, 21.35, 457.50, 1, CURRENT_TIMESTAMP), (DATEADD('MONTH', -2, CURRENT_DATE), 20, 45.00, 31.50, 900.00, 3, CURRENT_TIMESTAMP)
2026-08-16T15:39:55.937Z DEBUG 260944 --- [pharmacy-inventory-management] [  restartedMain] o.s.jdbc.datasource.init.ScriptUtils     : Executed SQL script from file [/app/target/classes/data.sql] in 16 ms.
2026-08-16T15:39:56.439Z  WARN 260944 --- [pharmacy-inventory-management] [  restartedMain] JpaBaseConfiguration$JpaWebConfiguration : spring.jpa.open-in-view is enabled by default. Therefore, database queries may be performed during view rendering. Explicitly configure spring.jpa.open-in-view to disable this warning
2026-08-16T15:39:56.451Z  INFO 260944 --- [pharmacy-inventory-management] [  restartedMain] o.s.b.a.w.s.WelcomePageHandlerMapping    : Adding welcome page: class path resource [static/index.html]
2026-08-16T15:39:56.653Z  WARN 260944 --- [pharmacy-inventory-management] [  restartedMain] o.s.b.d.a.OptionalLiveReloadServer       : Unable to start LiveReload server
2026-08-16T15:39:56.702Z  INFO 260944 --- [pharmacy-inventory-management] [  restartedMain] o.s.b.w.embedded.tomcat.TomcatWebServer  : Tomcat started on port 8088 (http) with context path ''
2026-08-16T15:39:56.708Z  INFO 260944 --- [pharmacy-inventory-management] [  restartedMain] c.p.i.InventoryManagementApplication     : Started InventoryManagementApplication in 2.997 seconds (process running for 1632.729)
2026-08-16T15:39:56.719Z  INFO 260944 --- [pharmacy-inventory-management] [  restartedMain] .ConditionEvaluationDeltaLoggingListener : Condition evaluation unchanged
2026-08-16T15:42:08.389Z  INFO 260944 --- [pharmacy-inventory-management] [nio-8088-exec-1] o.a.c.c.C.[Tomcat].[localhost].[/]       : Initializing Spring DispatcherServlet 'dispatcherServlet'
2026-08-16T15:42:08.389Z  INFO 260944 --- [pharmacy-inventory-management] [nio-8088-exec-1] o.s.web.servlet.DispatcherServlet        : Initializing Servlet 'dispatcherServlet'
2026-08-16T15:42:08.392Z  INFO 260944 --- [pharmacy-inventory-management] [nio-8088-exec-1] o.s.web.servlet.DispatcherServlet        : Completed initialization in 3 ms
Hibernate:
    select
        u1_0.id
    from
        users u1_0
    where
        u1_0.email=?
    fetch
        first ? rows only
Hibernate:
    insert
    into
        users
        (created_at, email, full_name, password, role, id)
    values
        (?, ?, ?, ?, ?, default)
Hibernate:
    select
        u1_0.id,
        u1_0.created_at,
        u1_0.email,
        u1_0.full_name,
        u1_0.password,
        u1_0.role
    from
        users u1_0
    where
        u1_0.email=?
Hibernate:
    select
        u1_0.id,
        u1_0.created_at,
        u1_0.email,
        u1_0.full_name,
        u1_0.password,
        u1_0.role
    from
        users u1_0
    where
        u1_0.email=?
2026-08-16T15:42:16.484Z  INFO 260944 --- [pharmacy-inventory-management] [nio-8088-exec-4] c.p.i.service.impl.SupplierServiceImpl   : Retrieving all suppliers
Hibernate:
    select
        m1_0.id,
        m1_0.batch_number,
        m1_0.category_id,
        m1_0.created_at,
        m1_0.is_deleted,
        m1_0.description,
        m1_0.expiration_date,
        m1_0.low_stock_threshold,
        m1_0.manufacturer,
        m1_0.name,
        m1_0.price,
        m1_0.quantity,
        m1_0.supplier_id,
        m1_0.type,
        m1_0.updated_at
    from
        medications m1_0
    where
        not(m1_0.is_deleted)
Hibernate:
    select
        c1_0.id,
        c1_0.created_at,
        c1_0.description,
        c1_0.name,
        c1_0.updated_at
    from
        categories c1_0
Hibernate:
    select
        s1_0.id,
        s1_0.cost_price,
        s1_0.created_at,
        s1_0.medication_id,
        s1_0.quantity,
        s1_0.sale_date,
        s1_0.total_price,
        s1_0.unit_price
    from
        sales s1_0
Hibernate:
    select
        s1_0.id,
        s1_0.active,
        s1_0.address,
        s1_0.contact_person,
        s1_0.created_at,
        s1_0.email,
        s1_0.name,
        s1_0.phone,
        s1_0.updated_at
    from
        suppliers s1_0
2026-08-16T15:42:16.518Z  INFO 260944 --- [pharmacy-inventory-management] [nio-8088-exec-4] c.p.i.service.impl.SupplierServiceImpl   : Successfully retrieved 10 suppliers
2026-08-16T15:42:16.555Z  INFO 260944 --- [pharmacy-inventory-management] [io-8088-exec-10] c.p.i.service.impl.SupplierServiceImpl   : Retrieving all suppliers
Hibernate:
    select
        s1_0.id,
        s1_0.active,
        s1_0.address,
        s1_0.contact_person,
        s1_0.created_at,
        s1_0.email,
        s1_0.name,
        s1_0.phone,
        s1_0.updated_at
    from
        suppliers s1_0
Hibernate:
    select
        m1_0.category_id,
        m1_0.id,
        m1_0.batch_number,
        m1_0.created_at,
        m1_0.is_deleted,
        m1_0.description,
        m1_0.expiration_date,
        m1_0.low_stock_threshold,
        m1_0.manufacturer,
        m1_0.name,
        m1_0.price,
        m1_0.quantity,
        m1_0.supplier_id,
        m1_0.type,
        m1_0.updated_at
    from
        medications m1_0
    where
        m1_0.category_id=?
Hibernate:
    select
        c1_0.id,
        c1_0.created_at,
        c1_0.description,
        c1_0.name,
        c1_0.updated_at
    from
        categories c1_0
    where
        c1_0.id=?
2026-08-16T15:42:16.619Z  INFO 260944 --- [pharmacy-inventory-management] [io-8088-exec-10] c.p.i.service.impl.SupplierServiceImpl   : Successfully retrieved 10 suppliers
Hibernate:
    select
        m1_0.id,
        m1_0.batch_number,
        m1_0.category_id,
        m1_0.created_at,
        m1_0.is_deleted,
        m1_0.description,
        m1_0.expiration_date,
        m1_0.low_stock_threshold,
        m1_0.manufacturer,
        m1_0.name,
        m1_0.price,
        m1_0.quantity,
        m1_0.supplier_id,
        m1_0.type,
        m1_0.updated_at
    from
        medications m1_0
    where
        m1_0.id=?
Hibernate:
    select
        s1_0.id,
        s1_0.active,
        s1_0.address,
        s1_0.contact_person,
        s1_0.created_at,
        s1_0.email,
        s1_0.name,
        s1_0.phone,
        s1_0.updated_at
    from
        suppliers s1_0
    where
        s1_0.id=?
Hibernate:
    select
        c1_0.id,
        c1_0.created_at,
        c1_0.description,
        c1_0.name,
        c1_0.updated_at
    from
        categories c1_0
    where
        c1_0.id=?
Hibernate:
    select
        s1_0.id,
        s1_0.active,
        s1_0.address,
        s1_0.contact_person,
        s1_0.created_at,
        s1_0.email,
        s1_0.name,
        s1_0.phone,
        s1_0.updated_at
    from
        suppliers s1_0
    where
        s1_0.id=?
Hibernate:
    select
        s1_0.id,
        s1_0.active,
        s1_0.address,
        s1_0.contact_person,
        s1_0.created_at,
        s1_0.email,
        s1_0.name,
        s1_0.phone,
        s1_0.updated_at
    from
        suppliers s1_0
    where
        s1_0.id=?
Hibernate:
    select
        m1_0.category_id,
        m1_0.id,
        m1_0.batch_number,
        m1_0.created_at,
        m1_0.is_deleted,
        m1_0.description,
        m1_0.expiration_date,
        m1_0.low_stock_threshold,
        m1_0.manufacturer,
        m1_0.name,
        m1_0.price,
        m1_0.quantity,
        m1_0.supplier_id,
        m1_0.type,
        m1_0.updated_at
    from
        medications m1_0
    where
        m1_0.category_id=?
Hibernate:
    select
        s1_0.id,
        s1_0.active,
        s1_0.address,
        s1_0.contact_person,
        s1_0.created_at,
        s1_0.email,
        s1_0.name,
        s1_0.phone,
        s1_0.updated_at
    from
        suppliers s1_0
    where
        s1_0.id=?
Hibernate:
    select
        c1_0.id,
        c1_0.created_at,
        c1_0.description,
        c1_0.name,
        c1_0.updated_at
    from
        categories c1_0
    where
        c1_0.id=?
Hibernate:
    select
        s1_0.id,
        s1_0.active,
        s1_0.address,
        s1_0.contact_person,
        s1_0.created_at,
        s1_0.email,
        s1_0.name,
        s1_0.phone,
        s1_0.updated_at
    from
        suppliers s1_0
    where
        s1_0.id=?
Hibernate:
    select
        s1_0.id,
        s1_0.active,
        s1_0.address,
        s1_0.contact_person,
        s1_0.created_at,
        s1_0.email,
        s1_0.name,
        s1_0.phone,
        s1_0.updated_at
    from
        suppliers s1_0
    where
        s1_0.id=?
Hibernate:
    select
        c1_0.id,
        c1_0.created_at,
        c1_0.description,
        c1_0.name,
        c1_0.updated_at
    from
        categories c1_0
    where
        c1_0.id=?
Hibernate:
    select
        s1_0.id,
        s1_0.active,
        s1_0.address,
        s1_0.contact_person,
        s1_0.created_at,
        s1_0.email,
        s1_0.name,
        s1_0.phone,
        s1_0.updated_at
    from
        suppliers s1_0
    where
        s1_0.id=?
Hibernate:
    select
        c1_0.id,
        c1_0.created_at,
        c1_0.description,
        c1_0.name,
        c1_0.updated_at
    from
        categories c1_0
    where
        c1_0.id=?
Hibernate:
    select
        c1_0.id,
        c1_0.created_at,
        c1_0.description,
        c1_0.name,
        c1_0.updated_at
    from
        categories c1_0
    where
        c1_0.id=?
Hibernate:
    select
        s1_0.id,
        s1_0.active,
        s1_0.address,
        s1_0.contact_person,
        s1_0.created_at,
        s1_0.email,
        s1_0.name,
        s1_0.phone,
        s1_0.updated_at
    from
        suppliers s1_0
    where
        s1_0.id=?
Hibernate:
    select
        c1_0.id,
        c1_0.created_at,
        c1_0.description,
        c1_0.name,
        c1_0.updated_at
    from
        categories c1_0
    where
        c1_0.id=?
Hibernate:
    select
        c1_0.id,
        c1_0.created_at,
        c1_0.description,
        c1_0.name,
        c1_0.updated_at
    from
        categories c1_0
    where
        c1_0.id=?
Hibernate:
    select
        m1_0.category_id,
        m1_0.id,
        m1_0.batch_number,
        m1_0.created_at,
        m1_0.is_deleted,
        m1_0.description,
        m1_0.expiration_date,
        m1_0.low_stock_threshold,
        m1_0.manufacturer,
        m1_0.name,
        m1_0.price,
        m1_0.quantity,
        m1_0.supplier_id,
        m1_0.type,
        m1_0.updated_at
    from
        medications m1_0
    where
        m1_0.category_id=?
Hibernate:
    select
        s1_0.id,
        s1_0.active,
        s1_0.address,
        s1_0.contact_person,
        s1_0.created_at,
        s1_0.email,
        s1_0.name,
        s1_0.phone,
        s1_0.updated_at
    from
        suppliers s1_0
    where
        s1_0.id=?
Hibernate:
    select
        s1_0.id,
        s1_0.active,
        s1_0.address,
        s1_0.contact_person,
        s1_0.created_at,
        s1_0.email,
        s1_0.name,
        s1_0.phone,
        s1_0.updated_at
    from
        suppliers s1_0
    where
        s1_0.id=?
Hibernate:
    select
        c1_0.id,
        c1_0.created_at,
        c1_0.description,
        c1_0.name,
        c1_0.updated_at
    from
        categories c1_0
    where
        c1_0.id=?
Hibernate:
    select
        c1_0.id,
        c1_0.created_at,
        c1_0.description,
        c1_0.name,
        c1_0.updated_at
    from
        categories c1_0
    where
        c1_0.id=?
Hibernate:
    select
        c1_0.id,
        c1_0.created_at,
        c1_0.description,
        c1_0.name,
        c1_0.updated_at
    from
        categories c1_0
    where
        c1_0.id=?
Hibernate:
    select
        c1_0.id,
        c1_0.created_at,
        c1_0.description,
        c1_0.name,
        c1_0.updated_at
    from
        categories c1_0
    where
        c1_0.id=?
Hibernate:
    select
        m1_0.category_id,
        m1_0.id,
        m1_0.batch_number,
        m1_0.created_at,
        m1_0.is_deleted,
        m1_0.description,
        m1_0.expiration_date,
        m1_0.low_stock_threshold,
        m1_0.manufacturer,
        m1_0.name,
        m1_0.price,
        m1_0.quantity,
        m1_0.supplier_id,
        m1_0.type,
        m1_0.updated_at
    from
        medications m1_0
    where
        m1_0.category_id=?
Hibernate:
    select
        m1_0.category_id,
        m1_0.id,
        m1_0.batch_number,
        m1_0.created_at,
        m1_0.is_deleted,
        m1_0.description,
        m1_0.expiration_date,
        m1_0.low_stock_threshold,
        m1_0.manufacturer,
        m1_0.name,
        m1_0.price,
        m1_0.quantity,
        m1_0.supplier_id,
        m1_0.type,
        m1_0.updated_at
    from
        medications m1_0
    where
        m1_0.category_id=?
Hibernate:
    select
        c1_0.id,
        c1_0.created_at,
        c1_0.description,
        c1_0.name,
        c1_0.updated_at
    from
        categories c1_0
    where
        c1_0.id=?
Hibernate:
    select
        c1_0.id,
        c1_0.created_at,
        c1_0.description,
        c1_0.name,
        c1_0.updated_at
    from
        categories c1_0
    where
        c1_0.id=?
2026-08-16T15:42:16.665Z  INFO 260944 --- [pharmacy-inventory-management] [nio-8088-exec-1] c.p.i.service.impl.SupplierServiceImpl   : Retrieving all suppliers
Hibernate:
    select
        m1_0.category_id,
        m1_0.id,
        m1_0.batch_number,
        m1_0.created_at,
        m1_0.is_deleted,
        m1_0.description,
        m1_0.expiration_date,
        m1_0.low_stock_threshold,
        m1_0.manufacturer,
        m1_0.name,
        m1_0.price,
        m1_0.quantity,
        m1_0.supplier_id,
        m1_0.type,
        m1_0.updated_at
    from
        medications m1_0
    where
        m1_0.category_id=?
Hibernate:
    select
        m1_0.category_id,
        m1_0.id,
        m1_0.batch_number,
        m1_0.created_at,
        m1_0.is_deleted,
        m1_0.description,
        m1_0.expiration_date,
        m1_0.low_stock_threshold,
        m1_0.manufacturer,
        m1_0.name,
        m1_0.price,
        m1_0.quantity,
        m1_0.supplier_id,
        m1_0.type,
        m1_0.updated_at
    from
        medications m1_0
    where
        m1_0.category_id=?
Hibernate:
    select
        m1_0.category_id,
        m1_0.id,
        m1_0.batch_number,
        m1_0.created_at,
        m1_0.is_deleted,
        m1_0.description,
        m1_0.expiration_date,
        m1_0.low_stock_threshold,
        m1_0.manufacturer,
        m1_0.name,
        m1_0.price,
        m1_0.quantity,
        m1_0.supplier_id,
        m1_0.type,
        m1_0.updated_at
    from
        medications m1_0
    where
        m1_0.category_id=?
Hibernate:
    select
        c1_0.id,
        c1_0.created_at,
        c1_0.description,
        c1_0.name,
        c1_0.updated_at
    from
        categories c1_0
    where
        c1_0.id=?
Hibernate:
    select
        c1_0.id,
        c1_0.created_at,
        c1_0.description,
        c1_0.name,
        c1_0.updated_at
    from
        categories c1_0
    where
        c1_0.id=?
Hibernate:
    select
        s1_0.id,
        s1_0.active,
        s1_0.address,
        s1_0.contact_person,
        s1_0.created_at,
        s1_0.email,
        s1_0.name,
        s1_0.phone,
        s1_0.updated_at
    from
        suppliers s1_0
2026-08-16T15:42:16.682Z  INFO 260944 --- [pharmacy-inventory-management] [nio-8088-exec-1] c.p.i.service.impl.SupplierServiceImpl   : Successfully retrieved 10 suppliers
Hibernate:
    select
        m1_0.category_id,
        m1_0.id,
        m1_0.batch_number,
        m1_0.created_at,
        m1_0.is_deleted,
        m1_0.description,
        m1_0.expiration_date,
        m1_0.low_stock_threshold,
        m1_0.manufacturer,
        m1_0.name,
        m1_0.price,
        m1_0.quantity,
        m1_0.supplier_id,
        m1_0.type,
        m1_0.updated_at
    from
        medications m1_0
    where
        m1_0.category_id=?
Hibernate:
    select
        m1_0.category_id,
        m1_0.id,
        m1_0.batch_number,
        m1_0.created_at,
        m1_0.is_deleted,
        m1_0.description,
        m1_0.expiration_date,
        m1_0.low_stock_threshold,
        m1_0.manufacturer,
        m1_0.name,
        m1_0.price,
        m1_0.quantity,
        m1_0.supplier_id,
        m1_0.type,
        m1_0.updated_at
    from
        medications m1_0
    where
        m1_0.category_id=?
Hibernate:
    select
        m1_0.category_id,
        m1_0.id,
        m1_0.batch_number,
        m1_0.created_at,
        m1_0.is_deleted,
        m1_0.description,
        m1_0.expiration_date,
        m1_0.low_stock_threshold,
        m1_0.manufacturer,
        m1_0.name,
        m1_0.price,
        m1_0.quantity,
        m1_0.supplier_id,
        m1_0.type,
        m1_0.updated_at
    from
        medications m1_0
    where
        m1_0.category_id=?
Hibernate:
    select
        m1_0.category_id,
        m1_0.id,
        m1_0.batch_number,
        m1_0.created_at,
        m1_0.is_deleted,
        m1_0.description,
        m1_0.expiration_date,
        m1_0.low_stock_threshold,
        m1_0.manufacturer,
        m1_0.name,
        m1_0.price,
        m1_0.quantity,
        m1_0.supplier_id,
        m1_0.type,
        m1_0.updated_at
    from
        medications m1_0
    where
        m1_0.category_id=?
Hibernate:
    select
        m1_0.category_id,
        m1_0.id,
        m1_0.batch_number,
        m1_0.created_at,
        m1_0.is_deleted,
        m1_0.description,
        m1_0.expiration_date,
        m1_0.low_stock_threshold,
        m1_0.manufacturer,
        m1_0.name,
        m1_0.price,
        m1_0.quantity,
        m1_0.supplier_id,
        m1_0.type,
        m1_0.updated_at
    from
        medications m1_0
    where
        m1_0.category_id=?
Hibernate:
    select
        m1_0.category_id,
        m1_0.id,
        m1_0.batch_number,
        m1_0.created_at,
        m1_0.is_deleted,
        m1_0.description,
        m1_0.expiration_date,
        m1_0.low_stock_threshold,
        m1_0.manufacturer,
        m1_0.name,
        m1_0.price,
        m1_0.quantity,
        m1_0.supplier_id,
        m1_0.type,
        m1_0.updated_at
    from
        medications m1_0
    where
        m1_0.category_id=?
Hibernate:
    select
        m1_0.category_id,
        m1_0.id,
        m1_0.batch_number,
        m1_0.created_at,
        m1_0.is_deleted,
        m1_0.description,
        m1_0.expiration_date,
        m1_0.low_stock_threshold,
        m1_0.manufacturer,
        m1_0.name,
        m1_0.price,
        m1_0.quantity,
        m1_0.supplier_id,
        m1_0.type,
        m1_0.updated_at
    from
        medications m1_0
    where
        m1_0.category_id=?
Hibernate:
    select
        m1_0.category_id,
        m1_0.id,
        m1_0.batch_number,
        m1_0.created_at,
        m1_0.is_deleted,
        m1_0.description,
        m1_0.expiration_date,
        m1_0.low_stock_threshold,
        m1_0.manufacturer,
        m1_0.name,
        m1_0.price,
        m1_0.quantity,
        m1_0.supplier_id,
        m1_0.type,
        m1_0.updated_at
    from
        medications m1_0
    where
        m1_0.category_id=?
Hibernate:
    select
        m1_0.id,
        m1_0.batch_number,
        m1_0.category_id,
        m1_0.created_at,
        m1_0.is_deleted,
        m1_0.description,
        m1_0.expiration_date,
        m1_0.low_stock_threshold,
        m1_0.manufacturer,
        m1_0.name,
        m1_0.price,
        m1_0.quantity,
        m1_0.supplier_id,
        m1_0.type,
        m1_0.updated_at
    from
        medications m1_0
    where
        not(m1_0.is_deleted)
Hibernate:
    select
        c1_0.id,
        c1_0.created_at,
        c1_0.description,
        c1_0.name,
        c1_0.updated_at
    from
        categories c1_0
Hibernate:
    select
        s1_0.id,
        s1_0.cost_price,
        s1_0.created_at,
        s1_0.medication_id,
        s1_0.quantity,
        s1_0.sale_date,
        s1_0.total_price,
        s1_0.unit_price
    from
        sales s1_0
Hibernate:
    select
        m1_0.category_id,
        m1_0.id,
        m1_0.batch_number,
        m1_0.created_at,
        m1_0.is_deleted,
        m1_0.description,
        m1_0.expiration_date,
        m1_0.low_stock_threshold,
        m1_0.manufacturer,
        m1_0.name,
        m1_0.price,
        m1_0.quantity,
        m1_0.supplier_id,
        m1_0.type,
        m1_0.updated_at
    from
        medications m1_0
    where
        m1_0.category_id=?
Hibernate:
    select
        m1_0.category_id,
        m1_0.id,
        m1_0.batch_number,
        m1_0.created_at,
        m1_0.is_deleted,
        m1_0.description,
        m1_0.expiration_date,
        m1_0.low_stock_threshold,
        m1_0.manufacturer,
        m1_0.name,
        m1_0.price,
        m1_0.quantity,
        m1_0.supplier_id,
        m1_0.type,
        m1_0.updated_at
    from
        medications m1_0
    where
        m1_0.category_id=?
Hibernate:
    select
        c1_0.id,
        c1_0.created_at,
        c1_0.description,
        c1_0.name,
        c1_0.updated_at
    from
        categories c1_0
    where
        c1_0.id=?
Hibernate:
    select
        s1_0.id,
        s1_0.active,
        s1_0.address,
        s1_0.contact_person,
        s1_0.created_at,
        s1_0.email,
        s1_0.name,
        s1_0.phone,
        s1_0.updated_at
    from
        suppliers s1_0
    where
        s1_0.id=?
Hibernate:
    select
        c1_0.id,
        c1_0.created_at,
        c1_0.description,
        c1_0.name,
        c1_0.updated_at
    from
        categories c1_0
    where
        c1_0.id=?
Hibernate:
    select
        m1_0.id,
        m1_0.batch_number,
        m1_0.category_id,
        m1_0.created_at,
        m1_0.is_deleted,
        m1_0.description,
        m1_0.expiration_date,
        m1_0.low_stock_threshold,
        m1_0.manufacturer,
        m1_0.name,
        m1_0.price,
        m1_0.quantity,
        m1_0.supplier_id,
        m1_0.type,
        m1_0.updated_at
    from
        medications m1_0
    where
        m1_0.id=?
Hibernate:
    select
        m1_0.category_id,
        m1_0.id,
        m1_0.batch_number,
        m1_0.created_at,
        m1_0.is_deleted,
        m1_0.description,
        m1_0.expiration_date,
        m1_0.low_stock_threshold,
        m1_0.manufacturer,
        m1_0.name,
        m1_0.price,
        m1_0.quantity,
        m1_0.supplier_id,
        m1_0.type,
        m1_0.updated_at
    from
        medications m1_0
    where
        m1_0.category_id=?
Hibernate:
    select
        m1_0.category_id,
        m1_0.id,
        m1_0.batch_number,
        m1_0.created_at,
        m1_0.is_deleted,
        m1_0.description,
        m1_0.expiration_date,
        m1_0.low_stock_threshold,
        m1_0.manufacturer,
        m1_0.name,
        m1_0.price,
        m1_0.quantity,
        m1_0.supplier_id,
        m1_0.type,
        m1_0.updated_at
    from
        medications m1_0
    where
        m1_0.category_id=?
Hibernate:
    select
        c1_0.id,
        c1_0.created_at,
        c1_0.description,
        c1_0.name,
        c1_0.updated_at
    from
        categories c1_0
    where
        c1_0.id=?
Hibernate:
    select
        m1_0.category_id,
        m1_0.id,
        m1_0.batch_number,
        m1_0.created_at,
        m1_0.is_deleted,
        m1_0.description,
        m1_0.expiration_date,
        m1_0.low_stock_threshold,
        m1_0.manufacturer,
        m1_0.name,
        m1_0.price,
        m1_0.quantity,
        m1_0.supplier_id,
        m1_0.type,
        m1_0.updated_at
    from
        medications m1_0
    where
        m1_0.category_id=?
Hibernate:
    select
        s1_0.id,
        s1_0.active,
        s1_0.address,
        s1_0.contact_person,
        s1_0.created_at,
        s1_0.email,
        s1_0.name,
        s1_0.phone,
        s1_0.updated_at
    from
        suppliers s1_0
    where
        s1_0.id=?
Hibernate:
    select
        s1_0.id,
        s1_0.active,
        s1_0.address,
        s1_0.contact_person,
        s1_0.created_at,
        s1_0.email,
        s1_0.name,
        s1_0.phone,
        s1_0.updated_at
    from
        suppliers s1_0
    where
        s1_0.id=?
Hibernate:
    select
        s1_0.id,
        s1_0.active,
        s1_0.address,
        s1_0.contact_person,
        s1_0.created_at,
        s1_0.email,
        s1_0.name,
        s1_0.phone,
        s1_0.updated_at
    from
        suppliers s1_0
    where
        s1_0.id=?
Hibernate:
    select
        c1_0.id,
        c1_0.created_at,
        c1_0.description,
        c1_0.name,
        c1_0.updated_at
    from
        categories c1_0
    where
        c1_0.id=?
Hibernate:
    select
        s1_0.id,
        s1_0.active,
        s1_0.address,
        s1_0.contact_person,
        s1_0.created_at,
        s1_0.email,
        s1_0.name,
        s1_0.phone,
        s1_0.updated_at
    from
        suppliers s1_0
    where
        s1_0.id=?
Hibernate:
    select
        s1_0.id,
        s1_0.active,
        s1_0.address,
        s1_0.contact_person,
        s1_0.created_at,
        s1_0.email,
        s1_0.name,
        s1_0.phone,
        s1_0.updated_at
    from
        suppliers s1_0
    where
        s1_0.id=?
Hibernate:
    select
        c1_0.id,
        c1_0.created_at,
        c1_0.description,
        c1_0.name,
        c1_0.updated_at
    from
        categories c1_0
    where
        c1_0.id=?
Hibernate:
    select
        m1_0.category_id,
        m1_0.id,
        m1_0.batch_number,
        m1_0.created_at,
        m1_0.is_deleted,
        m1_0.description,
        m1_0.expiration_date,
        m1_0.low_stock_threshold,
        m1_0.manufacturer,
        m1_0.name,
        m1_0.price,
        m1_0.quantity,
        m1_0.supplier_id,
        m1_0.type,
        m1_0.updated_at
    from
        medications m1_0
    where
        m1_0.category_id=?
Hibernate:
    select
        m1_0.category_id,
        m1_0.id,
        m1_0.batch_number,
        m1_0.created_at,
        m1_0.is_deleted,
        m1_0.description,
        m1_0.expiration_date,
        m1_0.low_stock_threshold,
        m1_0.manufacturer,
        m1_0.name,
        m1_0.price,
        m1_0.quantity,
        m1_0.supplier_id,
        m1_0.type,
        m1_0.updated_at
    from
        medications m1_0
    where
        m1_0.category_id=?
Hibernate:
    select
        m1_0.category_id,
        m1_0.id,
        m1_0.batch_number,
        m1_0.created_at,
        m1_0.is_deleted,
        m1_0.description,
        m1_0.expiration_date,
        m1_0.low_stock_threshold,
        m1_0.manufacturer,
        m1_0.name,
        m1_0.price,
        m1_0.quantity,
        m1_0.supplier_id,
        m1_0.type,
        m1_0.updated_at
    from
        medications m1_0
    where
        m1_0.category_id=?
Hibernate:
    select
        s1_0.id,
        s1_0.active,
        s1_0.address,
        s1_0.contact_person,
        s1_0.created_at,
        s1_0.email,
        s1_0.name,
        s1_0.phone,
        s1_0.updated_at
    from
        suppliers s1_0
    where
        s1_0.id=?
Hibernate:
    select
        c1_0.id,
        c1_0.created_at,
        c1_0.description,
        c1_0.name,
        c1_0.updated_at
    from
        categories c1_0
    where
        c1_0.id=?
Hibernate:
    select
        s1_0.id,
        s1_0.active,
        s1_0.address,
        s1_0.contact_person,
        s1_0.created_at,
        s1_0.email,
        s1_0.name,
        s1_0.phone,
        s1_0.updated_at
    from
        suppliers s1_0
    where
        s1_0.id=?
Hibernate:
    select
        c1_0.id,
        c1_0.created_at,
        c1_0.description,
        c1_0.name,
        c1_0.updated_at
    from
        categories c1_0
    where
        c1_0.id=?
Hibernate:
    select
        c1_0.id,
        c1_0.created_at,
        c1_0.description,
        c1_0.name,
        c1_0.updated_at
    from
        categories c1_0
    where
        c1_0.id=?
Hibernate:
    select
        s1_0.id,
        s1_0.active,
        s1_0.address,
        s1_0.contact_person,
        s1_0.created_at,
        s1_0.email,
        s1_0.name,
        s1_0.phone,
        s1_0.updated_at
    from
        suppliers s1_0
    where
        s1_0.id=?
Hibernate:
    select
        s1_0.id,
        s1_0.active,
        s1_0.address,
        s1_0.contact_person,
        s1_0.created_at,
        s1_0.email,
        s1_0.name,
        s1_0.phone,
        s1_0.updated_at
    from
        suppliers s1_0
    where
        s1_0.id=?
Hibernate:
    select
        c1_0.id,
        c1_0.created_at,
        c1_0.description,
        c1_0.name,
        c1_0.updated_at
    from
        categories c1_0
    where
        c1_0.id=?
Hibernate:
    select
        c1_0.id,
        c1_0.created_at,
        c1_0.description,
        c1_0.name,
        c1_0.updated_at
    from
        categories c1_0
    where
        c1_0.id=?
Hibernate:
    select
        c1_0.id,
        c1_0.created_at,
        c1_0.description,
        c1_0.name,
        c1_0.updated_at
    from
        categories c1_0
    where
        c1_0.id=?
Hibernate:
    select
        c1_0.id,
        c1_0.created_at,
        c1_0.description,
        c1_0.name,
        c1_0.updated_at
    from
        categories c1_0
    where
        c1_0.id=?
Hibernate:
    select
        c1_0.id,
        c1_0.created_at,
        c1_0.description,
        c1_0.name,
        c1_0.updated_at
    from
        categories c1_0
    where
        c1_0.id=?
Hibernate:
    select
        m1_0.category_id,
        m1_0.id,
        m1_0.batch_number,
        m1_0.created_at,
        m1_0.is_deleted,
        m1_0.description,
        m1_0.expiration_date,
        m1_0.low_stock_threshold,
        m1_0.manufacturer,
        m1_0.name,
        m1_0.price,
        m1_0.quantity,
        m1_0.supplier_id,
        m1_0.type,
        m1_0.updated_at
    from
        medications m1_0
    where
        m1_0.category_id=?
Hibernate:
    select
        c1_0.id,
        c1_0.created_at,
        c1_0.description,
        c1_0.name,
        c1_0.updated_at
    from
        categories c1_0
    where
        c1_0.id=?
Hibernate:
    select
        c1_0.id,
        c1_0.created_at,
        c1_0.description,
        c1_0.name,
        c1_0.updated_at
    from
        categories c1_0
    where
        c1_0.id=?
Hibernate:
    select
        c1_0.id,
        c1_0.created_at,
        c1_0.description,
        c1_0.name,
        c1_0.updated_at
    from
        categories c1_0
    where
        c1_0.id=?
Hibernate:
    select
        m1_0.category_id,
        m1_0.id,
        m1_0.batch_number,
        m1_0.created_at,
        m1_0.is_deleted,
        m1_0.description,
        m1_0.expiration_date,
        m1_0.low_stock_threshold,
        m1_0.manufacturer,
        m1_0.name,
        m1_0.price,
        m1_0.quantity,
        m1_0.supplier_id,
        m1_0.type,
        m1_0.updated_at
    from
        medications m1_0
    where
        m1_0.category_id=?
Hibernate:
    select
        m1_0.category_id,
        m1_0.id,
        m1_0.batch_number,
        m1_0.created_at,
        m1_0.is_deleted,
        m1_0.description,
        m1_0.expiration_date,
        m1_0.low_stock_threshold,
        m1_0.manufacturer,
        m1_0.name,
        m1_0.price,
        m1_0.quantity,
        m1_0.supplier_id,
        m1_0.type,
        m1_0.updated_at
    from
        medications m1_0
    where
        m1_0.category_id=?
Hibernate:
    select
        m1_0.category_id,
        m1_0.id,
        m1_0.batch_number,
        m1_0.created_at,
        m1_0.is_deleted,
        m1_0.description,
        m1_0.expiration_date,
        m1_0.low_stock_threshold,
        m1_0.manufacturer,
        m1_0.name,
        m1_0.price,
        m1_0.quantity,
        m1_0.supplier_id,
        m1_0.type,
        m1_0.updated_at
    from
        medications m1_0
    where
        m1_0.category_id=?
Hibernate:
    select
        m1_0.category_id,
        m1_0.id,
        m1_0.batch_number,
        m1_0.created_at,
        m1_0.is_deleted,
        m1_0.description,
        m1_0.expiration_date,
        m1_0.low_stock_threshold,
        m1_0.manufacturer,
        m1_0.name,
        m1_0.price,
        m1_0.quantity,
        m1_0.supplier_id,
        m1_0.type,
        m1_0.updated_at
    from
        medications m1_0
    where
        m1_0.category_id=?
Hibernate:
    select
        m1_0.category_id,
        m1_0.id,
        m1_0.batch_number,
        m1_0.created_at,
        m1_0.is_deleted,
        m1_0.description,
        m1_0.expiration_date,
        m1_0.low_stock_threshold,
        m1_0.manufacturer,
        m1_0.name,
        m1_0.price,
        m1_0.quantity,
        m1_0.supplier_id,
        m1_0.type,
        m1_0.updated_at
    from
        medications m1_0
    where
        m1_0.category_id=?
Hibernate:
    select
        m1_0.category_id,
        m1_0.id,
        m1_0.batch_number,
        m1_0.created_at,
        m1_0.is_deleted,
        m1_0.description,
        m1_0.expiration_date,
        m1_0.low_stock_threshold,
        m1_0.manufacturer,
        m1_0.name,
        m1_0.price,
        m1_0.quantity,
        m1_0.supplier_id,
        m1_0.type,
        m1_0.updated_at
    from
        medications m1_0
    where
        m1_0.category_id=?
Hibernate:
    select
        m1_0.category_id,
        m1_0.id,
        m1_0.batch_number,
        m1_0.created_at,
        m1_0.is_deleted,
        m1_0.description,
        m1_0.expiration_date,
        m1_0.low_stock_threshold,
        m1_0.manufacturer,
        m1_0.name,
        m1_0.price,
        m1_0.quantity,
        m1_0.supplier_id,
        m1_0.type,
        m1_0.updated_at
    from
        medications m1_0
    where
        m1_0.category_id=?
Hibernate:
    select
        m1_0.id,
        m1_0.batch_number,
        m1_0.category_id,
        m1_0.created_at,
        m1_0.is_deleted,
        m1_0.description,
        m1_0.expiration_date,
        m1_0.low_stock_threshold,
        m1_0.manufacturer,
        m1_0.name,
        m1_0.price,
        m1_0.quantity,
        m1_0.supplier_id,
        m1_0.type,
        m1_0.updated_at
    from
        medications m1_0
    where
        not(m1_0.is_deleted)
Hibernate:
    select
        s1_0.id,
        s1_0.cost_price,
        s1_0.created_at,
        s1_0.medication_id,
        s1_0.quantity,
        s1_0.sale_date,
        s1_0.total_price,
        s1_0.unit_price
    from
        sales s1_0
Hibernate:
    select
        c1_0.id,
        c1_0.created_at,
        c1_0.description,
        c1_0.name,
        c1_0.updated_at
    from
        categories c1_0
Hibernate:
    select
        m1_0.category_id,
        m1_0.id,
        m1_0.batch_number,
        m1_0.created_at,
        m1_0.is_deleted,
        m1_0.description,
        m1_0.expiration_date,
        m1_0.low_stock_threshold,
        m1_0.manufacturer,
        m1_0.name,
        m1_0.price,
        m1_0.quantity,
        m1_0.supplier_id,
        m1_0.type,
        m1_0.updated_at
    from
        medications m1_0
    where
        m1_0.category_id=?
Hibernate:
    select
        m1_0.id,
        m1_0.batch_number,
        m1_0.category_id,
        m1_0.created_at,
        m1_0.is_deleted,
        m1_0.description,
        m1_0.expiration_date,
        m1_0.low_stock_threshold,
        m1_0.manufacturer,
        m1_0.name,
        m1_0.price,
        m1_0.quantity,
        m1_0.supplier_id,
        m1_0.type,
        m1_0.updated_at
    from
        medications m1_0
    where
        m1_0.id=?
Hibernate:
    select
        m1_0.category_id,
        m1_0.id,
        m1_0.batch_number,
        m1_0.created_at,
        m1_0.is_deleted,
        m1_0.description,
        m1_0.expiration_date,
        m1_0.low_stock_threshold,
        m1_0.manufacturer,
        m1_0.name,
        m1_0.price,
        m1_0.quantity,
        m1_0.supplier_id,
        m1_0.type,
        m1_0.updated_at
    from
        medications m1_0
    where
        m1_0.category_id=?
Hibernate:
    select
        c1_0.id,
        c1_0.created_at,
        c1_0.description,
        c1_0.name,
        c1_0.updated_at
    from
        categories c1_0
    where
        c1_0.id=?
Hibernate:
    select
        m1_0.category_id,
        m1_0.id,
        m1_0.batch_number,
        m1_0.created_at,
        m1_0.is_deleted,
        m1_0.description,
        m1_0.expiration_date,
        m1_0.low_stock_threshold,
        m1_0.manufacturer,
        m1_0.name,
        m1_0.price,
        m1_0.quantity,
        m1_0.supplier_id,
        m1_0.type,
        m1_0.updated_at
    from
        medications m1_0
    where
        m1_0.category_id=?
Hibernate:
    select
        m1_0.category_id,
        m1_0.id,
        m1_0.batch_number,
        m1_0.created_at,
        m1_0.is_deleted,
        m1_0.description,
        m1_0.expiration_date,
        m1_0.low_stock_threshold,
        m1_0.manufacturer,
        m1_0.name,
        m1_0.price,
        m1_0.quantity,
        m1_0.supplier_id,
        m1_0.type,
        m1_0.updated_at
    from
        medications m1_0
    where
        m1_0.category_id=?
Hibernate:
    select
        m1_0.category_id,
        m1_0.id,
        m1_0.batch_number,
        m1_0.created_at,
        m1_0.is_deleted,
        m1_0.description,
        m1_0.expiration_date,
        m1_0.low_stock_threshold,
        m1_0.manufacturer,
        m1_0.name,
        m1_0.price,
        m1_0.quantity,
        m1_0.supplier_id,
        m1_0.type,
        m1_0.updated_at
    from
        medications m1_0
    where
        m1_0.category_id=?
Hibernate:
    select
        m1_0.category_id,
        m1_0.id,
        m1_0.batch_number,
        m1_0.created_at,
        m1_0.is_deleted,
        m1_0.description,
        m1_0.expiration_date,
        m1_0.low_stock_threshold,
        m1_0.manufacturer,
        m1_0.name,
        m1_0.price,
        m1_0.quantity,
        m1_0.supplier_id,
        m1_0.type,
        m1_0.updated_at
    from
        medications m1_0
    where
        m1_0.category_id=?
Hibernate:
    select
        c1_0.id,
        c1_0.created_at,
        c1_0.description,
        c1_0.name,
        c1_0.updated_at
    from
        categories c1_0
    where
        c1_0.id=?
Hibernate:
    select
        s1_0.id,
        s1_0.active,
        s1_0.address,
        s1_0.contact_person,
        s1_0.created_at,
        s1_0.email,
        s1_0.name,
        s1_0.phone,
        s1_0.updated_at
    from
        suppliers s1_0
    where
        s1_0.id=?
Hibernate:
    select
        m1_0.category_id,
        m1_0.id,
        m1_0.batch_number,
        m1_0.created_at,
        m1_0.is_deleted,
        m1_0.description,
        m1_0.expiration_date,
        m1_0.low_stock_threshold,
        m1_0.manufacturer,
        m1_0.name,
        m1_0.price,
        m1_0.quantity,
        m1_0.supplier_id,
        m1_0.type,
        m1_0.updated_at
    from
        medications m1_0
    where
        m1_0.category_id=?
Hibernate:
    select
        c1_0.id,
        c1_0.created_at,
        c1_0.description,
        c1_0.name,
        c1_0.updated_at
    from
        categories c1_0
    where
        c1_0.id=?
Hibernate:
    select
        m1_0.category_id,
        m1_0.id,
        m1_0.batch_number,
        m1_0.created_at,
        m1_0.is_deleted,
        m1_0.description,
        m1_0.expiration_date,
        m1_0.low_stock_threshold,
        m1_0.manufacturer,
        m1_0.name,
        m1_0.price,
        m1_0.quantity,
        m1_0.supplier_id,
        m1_0.type,
        m1_0.updated_at
    from
        medications m1_0
    where
        m1_0.category_id=?
Hibernate:
    select
        s1_0.id,
        s1_0.active,
        s1_0.address,
        s1_0.contact_person,
        s1_0.created_at,
        s1_0.email,
        s1_0.name,
        s1_0.phone,
        s1_0.updated_at
    from
        suppliers s1_0
    where
        s1_0.id=?
Hibernate:
    select
        s1_0.id,
        s1_0.active,
        s1_0.address,
        s1_0.contact_person,
        s1_0.created_at,
        s1_0.email,
        s1_0.name,
        s1_0.phone,
        s1_0.updated_at
    from
        suppliers s1_0
    where
        s1_0.id=?
Hibernate:
    select
        m1_0.category_id,
        m1_0.id,
        m1_0.batch_number,
        m1_0.created_at,
        m1_0.is_deleted,
        m1_0.description,
        m1_0.expiration_date,
        m1_0.low_stock_threshold,
        m1_0.manufacturer,
        m1_0.name,
        m1_0.price,
        m1_0.quantity,
        m1_0.supplier_id,
        m1_0.type,
        m1_0.updated_at
    from
        medications m1_0
    where
        m1_0.category_id=?
Hibernate:
    select
        s1_0.id,
        s1_0.active,
        s1_0.address,
        s1_0.contact_person,
        s1_0.created_at,
        s1_0.email,
        s1_0.name,
        s1_0.phone,
        s1_0.updated_at
    from
        suppliers s1_0
    where
        s1_0.id=?
Hibernate:
    select
        c1_0.id,
        c1_0.created_at,
        c1_0.description,
        c1_0.name,
        c1_0.updated_at
    from
        categories c1_0
    where
        c1_0.id=?
Hibernate:
    select
        m1_0.category_id,
        m1_0.id,
        m1_0.batch_number,
        m1_0.created_at,
        m1_0.is_deleted,
        m1_0.description,
        m1_0.expiration_date,
        m1_0.low_stock_threshold,
        m1_0.manufacturer,
        m1_0.name,
        m1_0.price,
        m1_0.quantity,
        m1_0.supplier_id,
        m1_0.type,
        m1_0.updated_at
    from
        medications m1_0
    where
        m1_0.category_id=?
Hibernate:
    select
        m1_0.category_id,
        m1_0.id,
        m1_0.batch_number,
        m1_0.created_at,
        m1_0.is_deleted,
        m1_0.description,
        m1_0.expiration_date,
        m1_0.low_stock_threshold,
        m1_0.manufacturer,
        m1_0.name,
        m1_0.price,
        m1_0.quantity,
        m1_0.supplier_id,
        m1_0.type,
        m1_0.updated_at
    from
        medications m1_0
    where
        m1_0.category_id=?
Hibernate:
    select
        m1_0.category_id,
        m1_0.id,
        m1_0.batch_number,
        m1_0.created_at,
        m1_0.is_deleted,
        m1_0.description,
        m1_0.expiration_date,
        m1_0.low_stock_threshold,
        m1_0.manufacturer,
        m1_0.name,
        m1_0.price,
        m1_0.quantity,
        m1_0.supplier_id,
        m1_0.type,
        m1_0.updated_at
    from
        medications m1_0
    where
        m1_0.category_id=?
Hibernate:
    select
        m1_0.category_id,
        m1_0.id,
        m1_0.batch_number,
        m1_0.created_at,
        m1_0.is_deleted,
        m1_0.description,
        m1_0.expiration_date,
        m1_0.low_stock_threshold,
        m1_0.manufacturer,
        m1_0.name,
        m1_0.price,
        m1_0.quantity,
        m1_0.supplier_id,
        m1_0.type,
        m1_0.updated_at
    from
        medications m1_0
    where
        m1_0.category_id=?
Hibernate:
    select
        m1_0.category_id,
        m1_0.id,
        m1_0.batch_number,
        m1_0.created_at,
        m1_0.is_deleted,
        m1_0.description,
        m1_0.expiration_date,
        m1_0.low_stock_threshold,
        m1_0.manufacturer,
        m1_0.name,
        m1_0.price,
        m1_0.quantity,
        m1_0.supplier_id,
        m1_0.type,
        m1_0.updated_at
    from
        medications m1_0
    where
        m1_0.category_id=?
Hibernate:
    select
        m1_0.category_id,
        m1_0.id,
        m1_0.batch_number,
        m1_0.created_at,
        m1_0.is_deleted,
        m1_0.description,
        m1_0.expiration_date,
        m1_0.low_stock_threshold,
        m1_0.manufacturer,
        m1_0.name,
        m1_0.price,
        m1_0.quantity,
        m1_0.supplier_id,
        m1_0.type,
        m1_0.updated_at
    from
        medications m1_0
    where
        m1_0.category_id=?
Hibernate:
    select
        m1_0.category_id,
        m1_0.id,
        m1_0.batch_number,
        m1_0.created_at,
        m1_0.is_deleted,
        m1_0.description,
        m1_0.expiration_date,
        m1_0.low_stock_threshold,
        m1_0.manufacturer,
        m1_0.name,
        m1_0.price,
        m1_0.quantity,
        m1_0.supplier_id,
        m1_0.type,
        m1_0.updated_at
    from
        medications m1_0
    where
        m1_0.category_id=?
Hibernate:
    select
        s1_0.id,
        s1_0.active,
        s1_0.address,
        s1_0.contact_person,
        s1_0.created_at,
        s1_0.email,
        s1_0.name,
        s1_0.phone,
        s1_0.updated_at
    from
        suppliers s1_0
    where
        s1_0.id=?
Hibernate:
    select
        s1_0.id,
        s1_0.active,
        s1_0.address,
        s1_0.contact_person,
        s1_0.created_at,
        s1_0.email,
        s1_0.name,
        s1_0.phone,
        s1_0.updated_at
    from
        suppliers s1_0
    where
        s1_0.id=?
Hibernate:
    select
        c1_0.id,
        c1_0.created_at,
        c1_0.description,
        c1_0.name,
        c1_0.updated_at
    from
        categories c1_0
    where
        c1_0.id=?
Hibernate:
    select
        s1_0.id,
        s1_0.active,
        s1_0.address,
        s1_0.contact_person,
        s1_0.created_at,
        s1_0.email,
        s1_0.name,
        s1_0.phone,
        s1_0.updated_at
    from
        suppliers s1_0
    where
        s1_0.id=?
Hibernate:
    select
        c1_0.id,
        c1_0.created_at,
        c1_0.description,
        c1_0.name,
        c1_0.updated_at
    from
        categories c1_0
    where
        c1_0.id=?
Hibernate:
    select
        s1_0.id,
        s1_0.active,
        s1_0.address,
        s1_0.contact_person,
        s1_0.created_at,
        s1_0.email,
        s1_0.name,
        s1_0.phone,
        s1_0.updated_at
    from
        suppliers s1_0
    where
        s1_0.id=?
Hibernate:
    select
        c1_0.id,
        c1_0.created_at,
        c1_0.description,
        c1_0.name,
        c1_0.updated_at
    from
        categories c1_0
    where
        c1_0.id=?
Hibernate:
    select
        c1_0.id,
        c1_0.created_at,
        c1_0.description,
        c1_0.name,
        c1_0.updated_at
    from
        categories c1_0
    where
        c1_0.id=?
Hibernate:
    select
        s1_0.id,
        s1_0.active,
        s1_0.address,
        s1_0.contact_person,
        s1_0.created_at,
        s1_0.email,
        s1_0.name,
        s1_0.phone,
        s1_0.updated_at
    from
        suppliers s1_0
    where
        s1_0.id=?
Hibernate:
    select
        s1_0.id,
        s1_0.active,
        s1_0.address,
        s1_0.contact_person,
        s1_0.created_at,
        s1_0.email,
        s1_0.name,
        s1_0.phone,
        s1_0.updated_at
    from
        suppliers s1_0
    where
        s1_0.id=?
Hibernate:
    select
        c1_0.id,
        c1_0.created_at,
        c1_0.description,
        c1_0.name,
        c1_0.updated_at
    from
        categories c1_0
    where
        c1_0.id=?
Hibernate:
    select
        c1_0.id,
        c1_0.created_at,
        c1_0.description,
        c1_0.name,
        c1_0.updated_at
    from
        categories c1_0
    where
        c1_0.id=?
Hibernate:
    select
        c1_0.id,
        c1_0.created_at,
        c1_0.description,
        c1_0.name,
        c1_0.updated_at
    from
        categories c1_0
    where
        c1_0.id=?
Hibernate:
    select
        c1_0.id,
        c1_0.created_at,
        c1_0.description,
        c1_0.name,
        c1_0.updated_at
    from
        categories c1_0
    where
        c1_0.id=?
Hibernate:
    select
        c1_0.id,
        c1_0.created_at,
        c1_0.description,
        c1_0.name,
        c1_0.updated_at
    from
        categories c1_0
    where
        c1_0.id=?
Hibernate:
    select
        c1_0.id,
        c1_0.created_at,
        c1_0.description,
        c1_0.name,
        c1_0.updated_at
    from
        categories c1_0
    where
        c1_0.id=?
Hibernate:
    select
        c1_0.id,
        c1_0.created_at,
        c1_0.description,
        c1_0.name,
        c1_0.updated_at
    from
        categories c1_0
    where
        c1_0.id=?
Hibernate:
    select
        c1_0.id,
        c1_0.created_at,
        c1_0.description,
        c1_0.name,
        c1_0.updated_at
    from
        categories c1_0
    where
        c1_0.id=?
2026-08-16T15:42:16.937Z  WARN 260944 --- [pharmacy-inventory-management] [nio-8088-exec-7] .m.m.a.ExceptionHandlerExceptionResolver : Resolved [org.springframework.http.converter.HttpMessageNotWritableException: Could not write JSON: Infinite recursion (StackOverflowError)]
2026-08-16T15:42:16.939Z  WARN 260944 --- [pharmacy-inventory-management] [nio-8088-exec-9] .m.m.a.ExceptionHandlerExceptionResolver : Resolved [org.springframework.http.converter.HttpMessageNotWritableException: Could not write JSON: Infinite recursion (StackOverflowError)]
2026-08-16T15:42:16.949Z  WARN 260944 --- [pharmacy-inventory-management] [nio-8088-exec-6] .m.m.a.ExceptionHandlerExceptionResolver : Resolved [org.springframework.http.converter.HttpMessageNotWritableException: Could not write JSON: Infinite recursion (StackOverflowError)]
Hibernate:
    select
        s1_0.id,
        s1_0.cost_price,
        s1_0.created_at,
        s1_0.medication_id,
        s1_0.quantity,
        s1_0.sale_date,
        s1_0.total_price,
        s1_0.unit_price
    from
        sales s1_0
Hibernate:
    select
        m1_0.id,
        m1_0.batch_number,
        m1_0.category_id,
        m1_0.created_at,
        m1_0.is_deleted,
        m1_0.description,
        m1_0.expiration_date,
        m1_0.low_stock_threshold,
        m1_0.manufacturer,
        m1_0.name,
        m1_0.price,
        m1_0.quantity,
        m1_0.supplier_id,
        m1_0.type,
        m1_0.updated_at
    from
        medications m1_0
    where
        m1_0.id=?
Hibernate:
    select
        c1_0.id,
        c1_0.created_at,
        c1_0.description,
        c1_0.name,
        c1_0.updated_at
    from
        categories c1_0
    where
        c1_0.id=?
Hibernate:
    select
        m1_0.category_id,
        m1_0.id,
        m1_0.batch_number,
        m1_0.created_at,
        m1_0.is_deleted,
        m1_0.description,
        m1_0.expiration_date,
        m1_0.low_stock_threshold,
        m1_0.manufacturer,
        m1_0.name,
        m1_0.price,
        m1_0.quantity,
        m1_0.supplier_id,
        m1_0.type,
        m1_0.updated_at
    from
        medications m1_0
    where
        m1_0.category_id=?
2026-08-16T15:42:18.280Z  WARN 260944 --- [pharmacy-inventory-management] [nio-8088-exec-1] .m.m.a.ExceptionHandlerExceptionResolver : Resolved [org.springframework.http.converter.HttpMessageNotWritableException: Could not write JSON: Infinite recursion (StackOverflowError)]
Hibernate:
    select
        m1_0.id,
        m1_0.batch_number,
        m1_0.category_id,
        m1_0.created_at,
        m1_0.is_deleted,
        m1_0.description,
        m1_0.expiration_date,
        m1_0.low_stock_threshold,
        m1_0.manufacturer,
        m1_0.name,
        m1_0.price,
        m1_0.quantity,
        m1_0.supplier_id,
        m1_0.type,
        m1_0.updated_at
    from
        medications m1_0
    where
        not(m1_0.is_deleted)
Hibernate:
    select
        c1_0.id,
        c1_0.created_at,
        c1_0.description,
        c1_0.name,
        c1_0.updated_at
    from
        categories c1_0
    where
        c1_0.id=?
Hibernate:
    select
        s1_0.id,
        s1_0.active,
        s1_0.address,
        s1_0.contact_person,
        s1_0.created_at,
        s1_0.email,
        s1_0.name,
        s1_0.phone,
        s1_0.updated_at
    from
        suppliers s1_0
    where
        s1_0.id=?
Hibernate:
    select
        c1_0.id,
        c1_0.created_at,
        c1_0.description,
        c1_0.name,
        c1_0.updated_at
    from
        categories c1_0
    where
        c1_0.id=?
Hibernate:
    select
        s1_0.id,
        s1_0.active,
        s1_0.address,
        s1_0.contact_person,
        s1_0.created_at,
        s1_0.email,
        s1_0.name,
        s1_0.phone,
        s1_0.updated_at
    from
        suppliers s1_0
    where
        s1_0.id=?
Hibernate:
    select
        s1_0.id,
        s1_0.active,
        s1_0.address,
        s1_0.contact_person,
        s1_0.created_at,
        s1_0.email,
        s1_0.name,
        s1_0.phone,
        s1_0.updated_at
    from
        suppliers s1_0
    where
        s1_0.id=?
Hibernate:
    select
        s1_0.id,
        s1_0.active,
        s1_0.address,
        s1_0.contact_person,
        s1_0.created_at,
        s1_0.email,
        s1_0.name,
        s1_0.phone,
        s1_0.updated_at
    from
        suppliers s1_0
    where
        s1_0.id=?
Hibernate:
    select
        c1_0.id,
        c1_0.created_at,
        c1_0.description,
        c1_0.name,
        c1_0.updated_at
    from
        categories c1_0
    where
        c1_0.id=?
Hibernate:
    select
        s1_0.id,
        s1_0.active,
        s1_0.address,
        s1_0.contact_person,
        s1_0.created_at,
        s1_0.email,
        s1_0.name,
        s1_0.phone,
        s1_0.updated_at
    from
        suppliers s1_0
    where
        s1_0.id=?
Hibernate:
    select
        s1_0.id,
        s1_0.active,
        s1_0.address,
        s1_0.contact_person,
        s1_0.created_at,
        s1_0.email,
        s1_0.name,
        s1_0.phone,
        s1_0.updated_at
    from
        suppliers s1_0
    where
        s1_0.id=?
Hibernate:
    select
        c1_0.id,
        c1_0.created_at,
        c1_0.description,
        c1_0.name,
        c1_0.updated_at
    from
        categories c1_0
    where
        c1_0.id=?
Hibernate:
    select
        s1_0.id,
        s1_0.active,
        s1_0.address,
        s1_0.contact_person,
        s1_0.created_at,
        s1_0.email,
        s1_0.name,
        s1_0.phone,
        s1_0.updated_at
    from
        suppliers s1_0
    where
        s1_0.id=?
Hibernate:
    select
        c1_0.id,
        c1_0.created_at,
        c1_0.description,
        c1_0.name,
        c1_0.updated_at
    from
        categories c1_0
    where
        c1_0.id=?
Hibernate:
    select
        s1_0.id,
        s1_0.active,
        s1_0.address,
        s1_0.contact_person,
        s1_0.created_at,
        s1_0.email,
        s1_0.name,
        s1_0.phone,
        s1_0.updated_at
    from
        suppliers s1_0
    where
        s1_0.id=?
Hibernate:
    select
        c1_0.id,
        c1_0.created_at,
        c1_0.description,
        c1_0.name,
        c1_0.updated_at
    from
        categories c1_0
    where
        c1_0.id=?
Hibernate:
    select
        c1_0.id,
        c1_0.created_at,
        c1_0.description,
        c1_0.name,
        c1_0.updated_at
    from
        categories c1_0
    where
        c1_0.id=?
Hibernate:
    select
        s1_0.id,
        s1_0.active,
        s1_0.address,
        s1_0.contact_person,
        s1_0.created_at,
        s1_0.email,
        s1_0.name,
        s1_0.phone,
        s1_0.updated_at
    from
        suppliers s1_0
    where
        s1_0.id=?
Hibernate:
    select
        s1_0.id,
        s1_0.active,
        s1_0.address,
        s1_0.contact_person,
        s1_0.created_at,
        s1_0.email,
        s1_0.name,
        s1_0.phone,
        s1_0.updated_at
    from
        suppliers s1_0
    where
        s1_0.id=?
Hibernate:
    select
        c1_0.id,
        c1_0.created_at,
        c1_0.description,
        c1_0.name,
        c1_0.updated_at
    from
        categories c1_0
    where
        c1_0.id=?
Hibernate:
    select
        c1_0.id,
        c1_0.created_at,
        c1_0.description,
        c1_0.name,
        c1_0.updated_at
    from
        categories c1_0
    where
        c1_0.id=?
Hibernate:
    select
        c1_0.id,
        c1_0.created_at,
        c1_0.description,
        c1_0.name,
        c1_0.updated_at
    from
        categories c1_0
    where
        c1_0.id=?
Hibernate:
    select
        c1_0.id,
        c1_0.created_at,
        c1_0.description,
        c1_0.name,
        c1_0.updated_at
    from
        categories c1_0
    where
        c1_0.id=?
Hibernate:
    select
        c1_0.id,
        c1_0.created_at,
        c1_0.description,
        c1_0.name,
        c1_0.updated_at
    from
        categories c1_0
    where
        c1_0.id=?
Hibernate:
    select
        c1_0.id,
        c1_0.created_at,
        c1_0.description,
        c1_0.name,
        c1_0.updated_at
    from
        categories c1_0
    where
        c1_0.id=?
Hibernate:
    select
        c1_0.id,
        c1_0.created_at,
        c1_0.description,
        c1_0.name,
        c1_0.updated_at
    from
        categories c1_0
    where
        c1_0.id=?
Hibernate:
    select
        c1_0.id,
        c1_0.created_at,
        c1_0.description,
        c1_0.name,
        c1_0.updated_at
    from
        categories c1_0
    where
        c1_0.id=?
2026-08-16T15:44:05.672Z  INFO 260944 --- [pharmacy-inventory-management] [   File Watcher] rtingClassPathChangeChangedEventListener : Restarting due to 62 class path changes (0 additions, 56 deletions, 6 modifications)
2026-08-16T15:44:05.698Z  INFO 260944 --- [pharmacy-inventory-management] [      Thread-21] j.LocalContainerEntityManagerFactoryBean : Closing JPA EntityManagerFactory for persistence unit 'default'
Hibernate:
    drop table if exists categories cascade
Hibernate:
    drop table if exists medications cascade
Hibernate:
    drop table if exists sales cascade
Hibernate:
    drop table if exists suppliers cascade
Hibernate:
    drop table if exists users cascade
2026-08-16T15:44:05.708Z  WARN 260944 --- [pharmacy-inventory-management] [      Thread-21] o.s.b.f.support.DisposableBeanAdapter    : Invocation of destroy method failed on bean with name 'inMemoryDatabaseShutdownExecutor': org.h2.jdbc.JdbcSQLNonTransientConnectionException: Database is already closed (to disable automatic closing at VM shutdown, add ";DB_CLOSE_ON_EXIT=FALSE" to the db URL) [90121-224]
2026-08-16T15:44:05.710Z  INFO 260944 --- [pharmacy-inventory-management] [      Thread-21] com.zaxxer.hikari.HikariDataSource       : HikariPool-5 - Shutdown initiated...
2026-08-16T15:44:05.713Z  INFO 260944 --- [pharmacy-inventory-management] [      Thread-21] com.zaxxer.hikari.HikariDataSource       : HikariPool-5 - Shutdown completed.

  .   ____          _            __ _ _
 /\\ / ___'_ __ _ _(_)_ __  __ _ \ \ \ \
( ( )\___ | '_ | '_| | '_ \/ _` | \ \ \ \
 \\/  ___)| |_)| | | | | || (_| |  ) ) ) )
  '  |____| .__|_| |_|_| |_\__, | / / / /
 =========|_|==============|___/=/_/_/_/
 :: Spring Boot ::                (v3.2.0)

2026-08-16T15:44:05.968Z  INFO 260944 --- [pharmacy-inventory-management] [  restartedMain] c.p.i.InventoryManagementApplication     : Starting InventoryManagementApplication using Java 21.0.10 with PID 260944 (/app/target/classes started by jules in /app)
2026-08-16T15:44:05.969Z DEBUG 260944 --- [pharmacy-inventory-management] [  restartedMain] c.p.i.InventoryManagementApplication     : Running with Spring Boot v3.2.0, Spring v6.1.1
2026-08-16T15:44:05.970Z  INFO 260944 --- [pharmacy-inventory-management] [  restartedMain] c.p.i.InventoryManagementApplication     : No active profile set, falling back to 1 default profile: "default"
2026-08-16T15:44:06.174Z  INFO 260944 --- [pharmacy-inventory-management] [  restartedMain] .s.d.r.c.RepositoryConfigurationDelegate : Bootstrapping Spring Data JPA repositories in DEFAULT mode.
2026-08-16T15:44:06.194Z  INFO 260944 --- [pharmacy-inventory-management] [  restartedMain] .s.d.r.c.RepositoryConfigurationDelegate : Finished Spring Data repository scanning in 19 ms. Found 4 JPA repository interfaces.
2026-08-16T15:44:06.238Z  WARN 260944 --- [pharmacy-inventory-management] [  restartedMain] ConfigServletWebServerApplicationContext : Exception encountered during context initialization - cancelling refresh attempt: java.lang.NullPointerException: Cannot read field "generatedClass" because "data" is null
2026-08-16T15:44:06.242Z  INFO 260944 --- [pharmacy-inventory-management] [  restartedMain] .s.b.a.l.ConditionEvaluationReportLogger :

Error starting ApplicationContext. To display the condition evaluation report re-run your application with 'debug' enabled.
2026-08-16T15:44:06.245Z ERROR 260944 --- [pharmacy-inventory-management] [  restartedMain] o.s.boot.SpringApplication               : Application run failed

java.lang.NullPointerException: Cannot read field "generatedClass" because "data" is null
	at org.springframework.cglib.proxy.Enhancer.nextInstance(Enhancer.java:783) ~[spring-core-6.1.1.jar:6.1.1]
	at org.springframework.cglib.core.AbstractClassGenerator.create(AbstractClassGenerator.java:321) ~[spring-core-6.1.1.jar:6.1.1]
	at org.springframework.cglib.proxy.Enhancer.createHelper(Enhancer.java:562) ~[spring-core-6.1.1.jar:6.1.1]
	at org.springframework.cglib.proxy.Enhancer.createClass(Enhancer.java:407) ~[spring-core-6.1.1.jar:6.1.1]
	at org.springframework.context.annotation.ConfigurationClassEnhancer.createClass(ConfigurationClassEnhancer.java:138) ~[spring-context-6.1.1.jar:6.1.1]
	at org.springframework.context.annotation.ConfigurationClassEnhancer.enhance(ConfigurationClassEnhancer.java:109) ~[spring-context-6.1.1.jar:6.1.1]
	at org.springframework.context.annotation.ConfigurationClassPostProcessor.enhanceConfigurationClasses(ConfigurationClassPostProcessor.java:533) ~[spring-context-6.1.1.jar:6.1.1]
	at org.springframework.context.annotation.ConfigurationClassPostProcessor.postProcessBeanFactory(ConfigurationClassPostProcessor.java:310) ~[spring-context-6.1.1.jar:6.1.1]
	at org.springframework.context.support.PostProcessorRegistrationDelegate.invokeBeanFactoryPostProcessors(PostProcessorRegistrationDelegate.java:363) ~[spring-context-6.1.1.jar:6.1.1]
	at org.springframework.context.support.PostProcessorRegistrationDelegate.invokeBeanFactoryPostProcessors(PostProcessorRegistrationDelegate.java:153) ~[spring-context-6.1.1.jar:6.1.1]
	at org.springframework.context.support.AbstractApplicationContext.invokeBeanFactoryPostProcessors(AbstractApplicationContext.java:775) ~[spring-context-6.1.1.jar:6.1.1]
	at org.springframework.context.support.AbstractApplicationContext.refresh(AbstractApplicationContext.java:597) ~[spring-context-6.1.1.jar:6.1.1]
	at org.springframework.boot.web.servlet.context.ServletWebServerApplicationContext.refresh(ServletWebServerApplicationContext.java:146) ~[spring-boot-3.2.0.jar:3.2.0]
	at org.springframework.boot.SpringApplication.refresh(SpringApplication.java:753) ~[spring-boot-3.2.0.jar:3.2.0]
	at org.springframework.boot.SpringApplication.refreshContext(SpringApplication.java:455) ~[spring-boot-3.2.0.jar:3.2.0]
	at org.springframework.boot.SpringApplication.run(SpringApplication.java:323) ~[spring-boot-3.2.0.jar:3.2.0]
	at org.springframework.boot.SpringApplication.run(SpringApplication.java:1342) ~[spring-boot-3.2.0.jar:3.2.0]
	at org.springframework.boot.SpringApplication.run(SpringApplication.java:1331) ~[spring-boot-3.2.0.jar:3.2.0]
	at com.pharmacy.inventory.InventoryManagementApplication.main(InventoryManagementApplication.java:10) ~[classes/:na]
	at java.base/jdk.internal.reflect.DirectMethodHandleAccessor.invoke(DirectMethodHandleAccessor.java:103) ~[na:na]
	at java.base/java.lang.reflect.Method.invoke(Method.java:580) ~[na:na]
	at org.springframework.boot.devtools.restart.RestartLauncher.run(RestartLauncher.java:50) ~[spring-boot-devtools-3.2.0.jar:3.2.0]


  .   ____          _            __ _ _
 /\\ / ___'_ __ _ _(_)_ __  __ _ \ \ \ \
( ( )\___ | '_ | '_| | '_ \/ _` | \ \ \ \
 \\/  ___)| |_)| | | | | || (_| |  ) ) ) )
  '  |____| .__|_| |_|_| |_\__, | / / / /
 =========|_|==============|___/=/_/_/_/
 :: Spring Boot ::                (v3.2.0)

2026-08-16T15:44:07.683Z  INFO 260944 --- [pharmacy-inventory-management] [  restartedMain] c.p.i.InventoryManagementApplication     : Starting InventoryManagementApplication using Java 21.0.10 with PID 260944 (/app/target/classes started by jules in /app)
2026-08-16T15:44:07.683Z DEBUG 260944 --- [pharmacy-inventory-management] [  restartedMain] c.p.i.InventoryManagementApplication     : Running with Spring Boot v3.2.0, Spring v6.1.1
2026-08-16T15:44:07.683Z  INFO 260944 --- [pharmacy-inventory-management] [  restartedMain] c.p.i.InventoryManagementApplication     : No active profile set, falling back to 1 default profile: "default"
2026-08-16T15:44:07.861Z  INFO 260944 --- [pharmacy-inventory-management] [  restartedMain] .s.d.r.c.RepositoryConfigurationDelegate : Bootstrapping Spring Data JPA repositories in DEFAULT mode.
2026-08-16T15:44:07.884Z  INFO 260944 --- [pharmacy-inventory-management] [  restartedMain] .s.d.r.c.RepositoryConfigurationDelegate : Finished Spring Data repository scanning in 21 ms. Found 6 JPA repository interfaces.
2026-08-16T15:44:08.162Z  INFO 260944 --- [pharmacy-inventory-management] [  restartedMain] o.s.b.w.embedded.tomcat.TomcatWebServer  : Tomcat initialized with port 8088 (http)
2026-08-16T15:44:08.171Z  INFO 260944 --- [pharmacy-inventory-management] [  restartedMain] o.apache.catalina.core.StandardService   : Starting service [Tomcat]
2026-08-16T15:44:08.171Z  INFO 260944 --- [pharmacy-inventory-management] [  restartedMain] o.apache.catalina.core.StandardEngine    : Starting Servlet engine: [Apache Tomcat/10.1.16]
2026-08-16T15:44:08.197Z  INFO 260944 --- [pharmacy-inventory-management] [  restartedMain] o.a.c.c.C.[Tomcat].[localhost].[/]       : Initializing Spring embedded WebApplicationContext
2026-08-16T15:44:08.197Z  INFO 260944 --- [pharmacy-inventory-management] [  restartedMain] w.s.c.ServletWebServerApplicationContext : Root WebApplicationContext: initialization completed in 513 ms
2026-08-16T15:44:08.237Z  INFO 260944 --- [pharmacy-inventory-management] [  restartedMain] com.zaxxer.hikari.HikariDataSource       : HikariPool-6 - Starting...
2026-08-16T15:44:08.248Z  INFO 260944 --- [pharmacy-inventory-management] [  restartedMain] com.zaxxer.hikari.pool.HikariPool        : HikariPool-6 - Added connection conn50: url=jdbc:h2:mem:pharmacydb user=SA
2026-08-16T15:44:08.249Z  INFO 260944 --- [pharmacy-inventory-management] [  restartedMain] com.zaxxer.hikari.HikariDataSource       : HikariPool-6 - Start completed.
2026-08-16T15:44:08.250Z  INFO 260944 --- [pharmacy-inventory-management] [  restartedMain] o.s.b.a.h2.H2ConsoleAutoConfiguration    : H2 console available at '/h2-console'. Database available at 'jdbc:h2:mem:pharmacydb'
2026-08-16T15:44:08.297Z  INFO 260944 --- [pharmacy-inventory-management] [  restartedMain] o.hibernate.jpa.internal.util.LogHelper  : HHH000204: Processing PersistenceUnitInfo [name: default]
2026-08-16T15:44:08.300Z  INFO 260944 --- [pharmacy-inventory-management] [  restartedMain] o.h.c.internal.RegionFactoryInitiator    : HHH000026: Second-level cache disabled
2026-08-16T15:44:08.304Z  INFO 260944 --- [pharmacy-inventory-management] [  restartedMain] o.s.o.j.p.SpringPersistenceUnitInfo      : No LoadTimeWeaver setup: ignoring JPA class transformer
2026-08-16T15:44:08.306Z  WARN 260944 --- [pharmacy-inventory-management] [  restartedMain] org.hibernate.orm.deprecation            : HHH90000025: H2Dialect does not need to be specified explicitly using 'hibernate.dialect' (remove the property setting and it will be selected by default)
2026-08-16T15:44:08.458Z  INFO 260944 --- [pharmacy-inventory-management] [  restartedMain] o.h.e.t.j.p.i.JtaPlatformInitiator       : HHH000489: No JTA platform available (set 'hibernate.transaction.jta.platform' to enable JTA platform integration)
Hibernate:
    drop table if exists categories cascade
Hibernate:
    drop table if exists medications cascade
Hibernate:
    drop table if exists sales cascade
Hibernate:
    drop table if exists suppliers cascade
Hibernate:
    drop table if exists users cascade
Hibernate:
    create table categories (
        created_at timestamp(6),
        id bigint generated by default as identity,
        updated_at timestamp(6),
        description varchar(500),
        name varchar(255) not null unique,
        primary key (id)
    )
Hibernate:
    create table medications (
        expiration_date date,
        is_deleted boolean,
        low_stock_threshold integer,
        price numeric(10,2) not null,
        quantity integer not null,
        category_id bigint,
        created_at timestamp(6),
        id bigint generated by default as identity,
        supplier_id bigint,
        updated_at timestamp(6),
        description varchar(1000),
        batch_number varchar(255),
        manufacturer varchar(255),
        name varchar(255) not null,
        type varchar(255),
        primary key (id)
    )
Hibernate:
    create table sales (
        cost_price numeric(10,2),
        quantity integer not null,
        sale_date date not null,
        total_price numeric(10,2) not null,
        unit_price numeric(10,2) not null,
        created_at timestamp(6),
        id bigint generated by default as identity,
        medication_id bigint not null,
        primary key (id)
    )
Hibernate:
    create table suppliers (
        active boolean default true not null,
        created_at timestamp(6),
        id bigint generated by default as identity,
        updated_at timestamp(6),
        address varchar(500),
        contact_person varchar(255),
        email varchar(255) not null unique,
        name varchar(255) not null,
        phone varchar(255) not null,
        primary key (id)
    )
Hibernate:
    create table users (
        created_at timestamp(6),
        id bigint generated by default as identity,
        email varchar(255) not null unique,
        full_name varchar(255) not null,
        password varchar(255) not null,
        role varchar(255) not null,
        primary key (id)
    )
Hibernate:
    alter table if exists medications
       add constraint FKmf1t7pw4h0df5jr8gld0uf05k
       foreign key (category_id)
       references categories
Hibernate:
    alter table if exists medications
       add constraint FK94rldjohkfmifdk13m2i03g70
       foreign key (supplier_id)
       references suppliers
Hibernate:
    alter table if exists sales
       add constraint FKaawj0sejy9oq9li56m5hum7tp
       foreign key (medication_id)
       references medications
2026-08-16T15:44:08.474Z  INFO 260944 --- [pharmacy-inventory-management] [  restartedMain] j.LocalContainerEntityManagerFactoryBean : Initialized JPA EntityManagerFactory for persistence unit 'default'
2026-08-16T15:44:08.710Z DEBUG 260944 --- [pharmacy-inventory-management] [  restartedMain] o.s.jdbc.datasource.init.ScriptUtils     : Executing SQL script from file [/app/target/classes/schema.sql]
2026-08-16T15:44:08.711Z DEBUG 260944 --- [pharmacy-inventory-management] [  restartedMain] o.s.jdbc.datasource.init.ScriptUtils     : 0 returned as update count for SQL: CREATE TABLE IF NOT EXISTS categories ( id BIGINT AUTO_INCREMENT PRIMARY KEY, name VARCHAR(255) NOT NULL UNIQUE, description VARCHAR(1000), created_at TIMESTAMP, updated_at TIMESTAMP )
2026-08-16T15:44:08.711Z DEBUG 260944 --- [pharmacy-inventory-management] [  restartedMain] o.s.jdbc.datasource.init.ScriptUtils     : 0 returned as update count for SQL: CREATE TABLE IF NOT EXISTS suppliers ( id BIGINT AUTO_INCREMENT PRIMARY KEY, name VARCHAR(255) NOT NULL, contact_person VARCHAR(255) NOT NULL, phone VARCHAR(50) NOT NULL, email VARCHAR(255), address VARCHAR(500), active BOOLEAN DEFAULT TRUE NOT NULL, created_at TIMESTAMP, updated_at TIMESTAMP )
2026-08-16T15:44:08.712Z DEBUG 260944 --- [pharmacy-inventory-management] [  restartedMain] o.s.jdbc.datasource.init.ScriptUtils     : 0 returned as update count for SQL: CREATE TABLE IF NOT EXISTS medications ( id BIGINT AUTO_INCREMENT PRIMARY KEY, name VARCHAR(255) NOT NULL UNIQUE, description VARCHAR(1000), quantity INTEGER NOT NULL, price DOUBLE PRECISION NOT NULL, expiration_date DATE, low_stock_threshold INTEGER DEFAULT 10, manufacturer VARCHAR(255), batch_number VARCHAR(100), type VARCHAR(50), is_deleted BOOLEAN DEFAULT FALSE, category_id BIGINT, supplier_id BIGINT, created_at TIMESTAMP, updated_at TIMESTAMP, FOREIGN KEY (category_id) REFERENCES categories(id), FOREIGN KEY (supplier_id) REFERENCES suppliers(id) )
2026-08-16T15:44:08.712Z DEBUG 260944 --- [pharmacy-inventory-management] [  restartedMain] o.s.jdbc.datasource.init.ScriptUtils     : 0 returned as update count for SQL: CREATE TABLE IF NOT EXISTS users ( id BIGINT AUTO_INCREMENT PRIMARY KEY, full_name VARCHAR(255) NOT NULL, email VARCHAR(255) NOT NULL UNIQUE, password VARCHAR(255) NOT NULL, role VARCHAR(50) NOT NULL, created_at TIMESTAMP )
2026-08-16T15:44:08.712Z DEBUG 260944 --- [pharmacy-inventory-management] [  restartedMain] o.s.jdbc.datasource.init.ScriptUtils     : 0 returned as update count for SQL: CREATE TABLE IF NOT EXISTS sales ( id BIGINT AUTO_INCREMENT PRIMARY KEY, sale_date DATE NOT NULL, quantity INTEGER NOT NULL, unit_price NUMERIC(10,2) NOT NULL, cost_price NUMERIC(10,2), total_price NUMERIC(10,2) NOT NULL, medication_id BIGINT NOT NULL, created_at TIMESTAMP, FOREIGN KEY (medication_id) REFERENCES medications(id) )
2026-08-16T15:44:08.712Z DEBUG 260944 --- [pharmacy-inventory-management] [  restartedMain] o.s.jdbc.datasource.init.ScriptUtils     : 0 returned as update count for SQL: CREATE INDEX IF NOT EXISTS idx_users_email ON users(email)
2026-08-16T15:44:08.713Z DEBUG 260944 --- [pharmacy-inventory-management] [  restartedMain] o.s.jdbc.datasource.init.ScriptUtils     : 0 returned as update count for SQL: CREATE INDEX IF NOT EXISTS idx_sales_date ON sales(sale_date)
2026-08-16T15:44:08.713Z DEBUG 260944 --- [pharmacy-inventory-management] [  restartedMain] o.s.jdbc.datasource.init.ScriptUtils     : 0 returned as update count for SQL: CREATE INDEX IF NOT EXISTS idx_sales_medication ON sales(medication_id)
2026-08-16T15:44:08.713Z DEBUG 260944 --- [pharmacy-inventory-management] [  restartedMain] o.s.jdbc.datasource.init.ScriptUtils     : 0 returned as update count for SQL: CREATE INDEX IF NOT EXISTS idx_medication_name ON medications(name)
2026-08-16T15:44:08.714Z DEBUG 260944 --- [pharmacy-inventory-management] [  restartedMain] o.s.jdbc.datasource.init.ScriptUtils     : 0 returned as update count for SQL: CREATE INDEX IF NOT EXISTS idx_medication_type ON medications(type)
2026-08-16T15:44:08.714Z DEBUG 260944 --- [pharmacy-inventory-management] [  restartedMain] o.s.jdbc.datasource.init.ScriptUtils     : 0 returned as update count for SQL: CREATE INDEX IF NOT EXISTS idx_medication_category ON medications(category_id)
2026-08-16T15:44:08.715Z DEBUG 260944 --- [pharmacy-inventory-management] [  restartedMain] o.s.jdbc.datasource.init.ScriptUtils     : 0 returned as update count for SQL: CREATE INDEX IF NOT EXISTS idx_medication_supplier ON medications(supplier_id)
2026-08-16T15:44:08.715Z DEBUG 260944 --- [pharmacy-inventory-management] [  restartedMain] o.s.jdbc.datasource.init.ScriptUtils     : 0 returned as update count for SQL: CREATE INDEX IF NOT EXISTS idx_category_name ON categories(name)
2026-08-16T15:44:08.715Z DEBUG 260944 --- [pharmacy-inventory-management] [  restartedMain] o.s.jdbc.datasource.init.ScriptUtils     : 0 returned as update count for SQL: CREATE INDEX IF NOT EXISTS idx_supplier_name ON suppliers(name)
2026-08-16T15:44:08.715Z DEBUG 260944 --- [pharmacy-inventory-management] [  restartedMain] o.s.jdbc.datasource.init.ScriptUtils     : Executed SQL script from file [/app/target/classes/schema.sql] in 5 ms.
2026-08-16T15:44:08.716Z DEBUG 260944 --- [pharmacy-inventory-management] [  restartedMain] o.s.jdbc.datasource.init.ScriptUtils     : Executing SQL script from file [/app/target/classes/data.sql]
2026-08-16T15:44:08.721Z DEBUG 260944 --- [pharmacy-inventory-management] [  restartedMain] o.s.jdbc.datasource.init.ScriptUtils     : 0 returned as update count for SQL: DELETE FROM sales
2026-08-16T15:44:08.722Z DEBUG 260944 --- [pharmacy-inventory-management] [  restartedMain] o.s.jdbc.datasource.init.ScriptUtils     : 0 returned as update count for SQL: DELETE FROM medications
2026-08-16T15:44:08.722Z DEBUG 260944 --- [pharmacy-inventory-management] [  restartedMain] o.s.jdbc.datasource.init.ScriptUtils     : 0 returned as update count for SQL: DELETE FROM categories
2026-08-16T15:44:08.722Z DEBUG 260944 --- [pharmacy-inventory-management] [  restartedMain] o.s.jdbc.datasource.init.ScriptUtils     : 0 returned as update count for SQL: DELETE FROM suppliers
2026-08-16T15:44:08.722Z DEBUG 260944 --- [pharmacy-inventory-management] [  restartedMain] o.s.jdbc.datasource.init.ScriptUtils     : 0 returned as update count for SQL: DELETE FROM users
2026-08-16T15:44:08.725Z DEBUG 260944 --- [pharmacy-inventory-management] [  restartedMain] o.s.jdbc.datasource.init.ScriptUtils     : 15 returned as update count for SQL: INSERT INTO categories (id, name, description, created_at, updated_at) VALUES (1, 'Analgesics & Pain Relief', 'Pain relief and anti-inflammatory medications', CURRENT_TIMESTAMP, CURRENT_TIMESTAMP), (2, 'Fever & Cold', 'Antipyretics, cold, cough, and decongestants', CURRENT_TIMESTAMP, CURRENT_TIMESTAMP), (3, 'Antibiotics & Antifungals', 'Anti-bacterial and anti-fungal treatments', CURRENT_TIMESTAMP, CURRENT_TIMESTAMP), (4, 'Antacids & Gastrointestinal', 'Medications for acidity, GERD, and digestion', CURRENT_TIMESTAMP, CURRENT_TIMESTAMP), (5, 'Antihistamines & Allergy', 'Allergy relief and anti-histamine drugs', CURRENT_TIMESTAMP, CURRENT_TIMESTAMP), (6, 'Vitamins & Supplements', 'Nutritional supplements and mineral formulas', CURRENT_TIMESTAMP, CURRENT_TIMESTAMP), (7, 'Antidiabetics', 'Blood sugar control and diabetes management', CURRENT_TIMESTAMP, CURRENT_TIMESTAMP), (8, 'Cardiovascular & BP', 'Hypertension, heart, and cholesterol medications', CURRENT_TIMESTAMP, CURRENT_TIMESTAMP), (9, 'Skin Care & Topical', 'Creams, ointments, and dermatological remedies', CURRENT_TIMESTAMP, CURRENT_TIMESTAMP), (10, 'Eye & Ear Care', 'Ophthalmic and otic drops', CURRENT_TIMESTAMP, CURRENT_TIMESTAMP), (11, 'First Aid & Antiseptics', 'Disinfectants, bandages, and wound care', CURRENT_TIMESTAMP, CURRENT_TIMESTAMP), (12, 'Respiratory & Asthma', 'Inhalers, bronchodilators, and lung care', CURRENT_TIMESTAMP, CURRENT_TIMESTAMP), (13, 'Hormones & Steroids', 'Endocrine treatments and anti-inflammatory steroids', CURRENT_TIMESTAMP, CURRENT_TIMESTAMP), (14, 'CNS & Psychiatric', 'Neurological, anti-anxiety, and sleep aids', CURRENT_TIMESTAMP, CURRENT_TIMESTAMP), (15, 'Muscle Relaxants', 'Treatments for muscle spasms and stiffness', CURRENT_TIMESTAMP, CURRENT_TIMESTAMP)
2026-08-16T15:44:08.726Z DEBUG 260944 --- [pharmacy-inventory-management] [  restartedMain] o.s.jdbc.datasource.init.ScriptUtils     : 10 returned as update count for SQL: INSERT INTO suppliers (id, name, contact_person, phone, email, address, active, created_at, updated_at) VALUES (1, 'Apollo Pharmacy Distributors', 'Rajesh Sharma', '+91 98765 43210', 'rajesh@apollodist.in', '12, Link Road, Andheri West, Mumbai, Maharashtra 400053', true, CURRENT_TIMESTAMP, CURRENT_TIMESTAMP), (2, 'MedPlus Logistics', 'Sunil Verma', '+91 91234 56789', 'sunil@medplus.co.in', '45, MG Road, Indiranagar, Bengaluru, Karnataka 560038', true, CURRENT_TIMESTAMP, CURRENT_TIMESTAMP), (3, 'Cipla Supply Chain Ltd', 'Priya Patel', '+91 99887 66554', 'priya.patel@cipla-supply.in', '78, CG Road, Navrangpura, Ahmedabad, Gujarat 380009', true, CURRENT_TIMESTAMP, CURRENT_TIMESTAMP), (4, 'Sun Pharma Wholesalers', 'Amitabh Roy', '+91 98112 23344', 'amitabh@sunwholesalers.in', '102, Connaught Place, New Delhi, Delhi 110001', true, CURRENT_TIMESTAMP, CURRENT_TIMESTAMP), (5, 'Dr Reddys Pharma Depot', 'Kavita Reddy', '+91 97001 12233', 'kavita@drreddysdepot.in', '33, Banjara Hills, Road No 12, Hyderabad, Telangana 500034', true, CURRENT_TIMESTAMP, CURRENT_TIMESTAMP), (6, 'Mankind Pharma Supply', 'Vikram Singh', '+91 98450 98450', 'vikram@mankindsupply.in', '56, Park Street, Kolkata, West Bengal 700016', true, CURRENT_TIMESTAMP, CURRENT_TIMESTAMP), (7, 'Lupin Medical Agencies', 'Sanjay Kulkarni', '+91 98220 12345', 'sanjay@lupinagencies.in', '88, FC Road, Shivajinagar, Pune, Maharashtra 411005', true, CURRENT_TIMESTAMP, CURRENT_TIMESTAMP), (8, 'Zydus Health Distributors', 'Anil Mehta', '+91 99000 55443', 'anil@zydusdist.in', '21, SG Highway, Thaltej, Ahmedabad, Gujarat 380054', true, CURRENT_TIMESTAMP, CURRENT_TIMESTAMP), (9, 'Torrent Pharma Depot', 'Meena Iyer', '+91 94440 11223', 'meena@torrentdepot.in', '14, Anna Salai, T Nagar, Chennai, Tamil Nadu 600017', true, CURRENT_TIMESTAMP, CURRENT_TIMESTAMP), (10, 'Alkem Pharma Services', 'Rohan Gupta', '+91 98300 77889', 'rohan@alkemservices.in', '67, Boring Road, Patna, Bihar 800001', true, CURRENT_TIMESTAMP, CURRENT_TIMESTAMP)
2026-08-16T15:44:08.731Z DEBUG 260944 --- [pharmacy-inventory-management] [  restartedMain] o.s.jdbc.datasource.init.ScriptUtils     : 52 returned as update count for SQL: INSERT INTO medications (id, name, manufacturer, price, quantity, low_stock_threshold, expiration_date, type, description, batch_number, category_id, supplier_id, is_deleted, created_at, updated_at) VALUES (1, 'Dolo 650mg Tablet', 'Micro Labs Ltd', 30.50, 150, 20, DATEADD('DAY', -5, CURRENT_DATE), 'TABLET', 'Paracetamol 650mg used for fever and mild to moderate pain relief.', 'BATCH-IN-001', 2, 1, false, CURRENT_TIMESTAMP, CURRENT_TIMESTAMP), (2, 'Crocin 500mg Tablet', 'GlaxoSmithKline', 24.00, 120, 15, DATEADD('DAY', -2, CURRENT_DATE), 'TABLET', 'Fast acting analgesic and antipyretic for fever and headache.', 'BATCH-IN-002', 2, 1, false, CURRENT_TIMESTAMP, CURRENT_TIMESTAMP), (3, 'Combiflam Tablet', 'Sanofi India', 45.00, 5, 15, DATEADD('DAY', 3, CURRENT_DATE), 'TABLET', 'Ibuprofen 400mg + Paracetamol 325mg combination for joint and muscle pain.', 'BATCH-IN-003', 1, 2, false, CURRENT_TIMESTAMP, CURRENT_TIMESTAMP), (4, 'Zerodol-SP Tablet', 'Ipca Laboratories', 115.00, 80, 15, DATEADD('DAY', 5, CURRENT_DATE), 'TABLET', 'Aceclofenac 100mg + Paracetamol 325mg + Serratiopeptidase 15mg for swelling and pain.', 'BATCH-IN-004', 1, 3, false, CURRENT_TIMESTAMP, CURRENT_TIMESTAMP), (5, 'Sumo 100mg/325mg Tablet', 'Alkem Laboratories', 88.00, 4, 10, DATEADD('DAY', 12, CURRENT_DATE), 'TABLET', 'Nimesulide + Paracetamol combination for acute pain and inflammatory fever.', 'BATCH-IN-005', 1, 10, false, CURRENT_TIMESTAMP, CURRENT_TIMESTAMP), (6, 'Pan 40mg Tablet', 'Alkem Laboratories', 155.00, 90, 15, DATEADD('DAY', 18, CURRENT_DATE), 'TABLET', 'Pantoprazole gastro-resistant tablet for hyperacidity, GERD, and stomach ulcers.', 'BATCH-IN-006', 4, 10, false, CURRENT_TIMESTAMP, CURRENT_TIMESTAMP), (7, 'Pantocid D SR Capsule', 'Sun Pharma', 198.50, 60, 10, DATEADD('DAY', 25, CURRENT_DATE), 'CAPSULE', 'Pantoprazole 40mg + Domperidone 30mg SR for acidity with nausea.', 'BATCH-IN-007', 4, 4, false, CURRENT_TIMESTAMP, CURRENT_TIMESTAMP), (8, 'Omez 20mg Capsule', 'Dr Reddys Laboratories', 62.00, 110, 20, DATEADD('DAY', 28, CURRENT_DATE), 'CAPSULE', 'Omeprazole 20mg for peptic ulcer disease and heartburn relief.', 'BATCH-IN-008', 4, 5, false, CURRENT_TIMESTAMP, CURRENT_TIMESTAMP), (9, 'Digene Gel Syrup 200ml', 'Abbott India', 142.00, 35, 8, DATEADD('DAY', 45, CURRENT_DATE), 'SYRUP', 'Antacid liquid providing quick relief from acidity, gas, and bloat.', 'BATCH-IN-009', 4, 2, false, CURRENT_TIMESTAMP, CURRENT_TIMESTAMP), (10, 'Gelusil MPS Syrup 200ml', 'Pfizer India', 130.00, 40, 10, DATEADD('DAY', 60, CURRENT_DATE), 'SYRUP', 'Antacid and anti-flatulent liquid syrup for stomach acidity.', 'BATCH-IN-010', 4, 2, false, CURRENT_TIMESTAMP, CURRENT_TIMESTAMP), (11, 'Azithral 500mg Tablet', 'Alembic Pharmaceuticals', 121.50, 45, 10, DATEADD('DAY', 90, CURRENT_DATE), 'TABLET', 'Azithromycin 500mg antibiotic for throat, chest, and skin infections.', 'BATCH-IN-011', 3, 1, false, CURRENT_TIMESTAMP, CURRENT_TIMESTAMP), (12, 'Moxikind-CV 625 Tablet', 'Mankind Pharma', 204.00, 70, 15, DATEADD('DAY', 120, CURRENT_DATE), 'TABLET', 'Amoxicillin 500mg + Clavulanic Acid 125mg broad spectrum antibiotic.', 'BATCH-IN-012', 3, 6, false, CURRENT_TIMESTAMP, CURRENT_TIMESTAMP), (13, 'Augmentin 625 Duo Tablet', 'GlaxoSmithKline', 223.00, 65, 12, DATEADD('DAY', 150, CURRENT_DATE), 'TABLET', 'Potent antibacterial for severe respiratory, urinary, and dental infections.', 'BATCH-IN-013', 3, 1, false, CURRENT_TIMESTAMP, CURRENT_TIMESTAMP), (14, 'Ciplox 500mg Tablet', 'Cipla Ltd', 42.00, 85, 20, DATEADD('DAY', 180, CURRENT_DATE), 'TABLET', 'Ciprofloxacin 500mg fluoroquinolone antibiotic.', 'BATCH-IN-014', 3, 3, false, CURRENT_TIMESTAMP, CURRENT_TIMESTAMP), (15, 'Taxim-O 200mg Tablet', 'Alkem Laboratories', 112.00, 50, 10, DATEADD('DAY', 200, CURRENT_DATE), 'TABLET', 'Cefixime 200mg oral cephalosporin antibiotic.', 'BATCH-IN-015', 3, 10, false, CURRENT_TIMESTAMP, CURRENT_TIMESTAMP), (16, 'Azee 500mg Tablet', 'Cipla Ltd', 118.00, 55, 12, DATEADD('DAY', 210, CURRENT_DATE), 'TABLET', 'Azithromycin tablet for bacterial respiratory tract infections.', 'BATCH-IN-016', 3, 3, false, CURRENT_TIMESTAMP, CURRENT_TIMESTAMP), (17, 'Allegra 120mg Tablet', 'Sanofi India', 210.00, 40, 10, DATEADD('DAY', 240, CURRENT_DATE), 'TABLET', 'Fexofenadine 120mg non-drowsy anti-allergy medication.', 'BATCH-IN-017', 5, 2, false, CURRENT_TIMESTAMP, CURRENT_TIMESTAMP), (18, 'Cetzine 10mg Tablet', 'Dr Reddys Laboratories', 22.00, 140, 25, DATEADD('DAY', 270, CURRENT_DATE), 'TABLET', 'Cetirizine 10mg for allergic rhinitis, sneezing, and hives.', 'BATCH-IN-018', 5, 5, false, CURRENT_TIMESTAMP, CURRENT_TIMESTAMP), (19, 'Levocet 5mg Tablet', 'Cipla Ltd', 48.00, 100, 20, DATEADD('DAY', 300, CURRENT_DATE), 'TABLET', 'Levocetirizine 5mg for allergic cold and skin allergies.', 'BATCH-IN-019', 5, 3, false, CURRENT_TIMESTAMP, CURRENT_TIMESTAMP), (20, 'Avil 25mg Tablet', 'Sanofi India', 12.50, 200, 30, DATEADD('DAY', 330, CURRENT_DATE), 'TABLET', 'Pheniramine maleate anti-allergy tablet for itching and motion sickness.', 'BATCH-IN-020', 5, 2, false, CURRENT_TIMESTAMP, CURRENT_TIMESTAMP), (21, 'Ascoril LS Syrup 100ml', 'Glenmark Pharmaceuticals', 118.00, 50, 12, DATEADD('DAY', 360, CURRENT_DATE), 'SYRUP', 'Levosalbutamol + Ambroxol + Guaiphenesin mucolytic cough syrup for wet cough.', 'BATCH-IN-021', 2, 7, false, CURRENT_TIMESTAMP, CURRENT_TIMESTAMP), (22, 'Benadryl Cough Syrup 150ml', 'Johnson & Johnson', 135.00, 60, 15, DATEADD('DAY', 380, CURRENT_DATE), 'SYRUP', 'Soothes dry cough and throat irritation.', 'BATCH-IN-022', 2, 1, false, CURRENT_TIMESTAMP, CURRENT_TIMESTAMP), (23, 'Alex Cough Syrup 100ml', 'Glenmark Pharmaceuticals', 125.00, 45, 10, DATEADD('DAY', 400, CURRENT_DATE), 'SYRUP', 'Dextromethorphan + Chlorpheniramine dry cough formula.', 'BATCH-IN-023', 2, 7, false, CURRENT_TIMESTAMP, CURRENT_TIMESTAMP), (24, 'Glycomet 500mg Tablet', 'USV Private Ltd', 32.00, 180, 30, DATEADD('DAY', 420, CURRENT_DATE), 'TABLET', 'Metformin 500mg for type-2 diabetes blood sugar management.', 'BATCH-IN-024', 7, 2, false, CURRENT_TIMESTAMP, CURRENT_TIMESTAMP), (25, 'Glycomet GP 2 Tablet', 'USV Private Ltd', 145.00, 90, 15, DATEADD('DAY', 450, CURRENT_DATE), 'TABLET', 'Metformin 500mg + Glimepiride 2mg dual diabetes control.', 'BATCH-IN-025', 7, 2, false, CURRENT_TIMESTAMP, CURRENT_TIMESTAMP), (26, 'Janumet 50mg/500mg Tablet', 'MSD India', 580.00, 30, 8, DATEADD('DAY', 480, CURRENT_DATE), 'TABLET', 'Sitagliptin + Metformin advanced oral antidiabetic.', 'BATCH-IN-026', 7, 4, false, CURRENT_TIMESTAMP, CURRENT_TIMESTAMP), (27, 'Amlokind 5mg Tablet', 'Mankind Pharma', 18.50, 220, 30, DATEADD('DAY', 500, CURRENT_DATE), 'TABLET', 'Amlodipine 5mg calcium channel blocker for hypertension.', 'BATCH-IN-027', 8, 6, false, CURRENT_TIMESTAMP, CURRENT_TIMESTAMP), (28, 'Telmikind 40mg Tablet', 'Mankind Pharma', 52.00, 130, 20, DATEADD('DAY', 520, CURRENT_DATE), 'TABLET', 'Telmisartan 40mg angiotensin receptor blocker for BP control.', 'BATCH-IN-028', 8, 6, false, CURRENT_TIMESTAMP, CURRENT_TIMESTAMP), (29, 'Losar 50mg Tablet', 'Torrent Pharmaceuticals', 86.00, 95, 15, DATEADD('DAY', 540, CURRENT_DATE), 'TABLET', 'Losartan potassium 50mg for high blood pressure.', 'BATCH-IN-029', 8, 9, false, CURRENT_TIMESTAMP, CURRENT_TIMESTAMP), (30, 'Ciplar 10mg Tablet', 'Cipla Ltd', 24.50, 110, 20, DATEADD('DAY', 560, CURRENT_DATE), 'TABLET', 'Propranolol 10mg beta-blocker for BP and anxiety tremors.', 'BATCH-IN-030', 8, 3, false, CURRENT_TIMESTAMP, CURRENT_TIMESTAMP), (31, 'Atorva 10mg Tablet', 'Zydus Cadila', 98.00, 85, 15, DATEADD('DAY', 580, CURRENT_DATE), 'TABLET', 'Atorvastatin 10mg for cholesterol management.', 'BATCH-IN-031', 8, 8, false, CURRENT_TIMESTAMP, CURRENT_TIMESTAMP), (32, 'Ecosprin 75mg Tablet', 'USV Private Ltd', 9.50, 300, 50, DATEADD('DAY', 600, CURRENT_DATE), 'TABLET', 'Low-dose Aspirin 75mg blood thinner for heart health.', 'BATCH-IN-032', 8, 2, false, CURRENT_TIMESTAMP, CURRENT_TIMESTAMP), (33, 'Becosules Capsules (20s)', 'Pfizer India', 50.00, 160, 25, DATEADD('DAY', 620, CURRENT_DATE), 'CAPSULE', 'B-Complex with Vitamin C for immunity, mouth ulcers, and energy.', 'BATCH-IN-033', 6, 2, false, CURRENT_TIMESTAMP, CURRENT_TIMESTAMP), (34, 'Limcee 500mg Chewable Tablet', 'Abbott India', 25.50, 250, 40, DATEADD('DAY', 640, CURRENT_DATE), 'TABLET', 'Vitamin C 500mg chewable tablets for immunity.', 'BATCH-IN-034', 6, 2, false, CURRENT_TIMESTAMP, CURRENT_TIMESTAMP), (35, 'Shelcal 500mg Tablet', 'Torrent Pharmaceuticals', 132.00, 110, 20, DATEADD('DAY', 660, CURRENT_DATE), 'TABLET', 'Calcium 500mg + Vitamin D3 250IU for bone density.', 'BATCH-IN-035', 6, 9, false, CURRENT_TIMESTAMP, CURRENT_TIMESTAMP), (36, 'Urisept 100mg Capsule', 'Lupin Ltd', 165.00, 40, 10, DATEADD('DAY', 680, CURRENT_DATE), 'CAPSULE', 'Nitrofurantoin for urinary tract infections.', 'BATCH-IN-036', 3, 7, false, CURRENT_TIMESTAMP, CURRENT_TIMESTAMP), (37, 'Electral ORS Sachet 21.8g', 'FDC Ltd', 22.00, 400, 50, DATEADD('DAY', 700, CURRENT_DATE), 'POWDER', 'WHO formula Oral Rehydration Salts for dehydration and diarrhea.', 'BATCH-IN-037', 6, 1, false, CURRENT_TIMESTAMP, CURRENT_TIMESTAMP), (38, 'Betadine 10% Ointment 15g', 'Win-Medicare', 72.00, 80, 15, DATEADD('DAY', 720, CURRENT_DATE), 'CREAM', 'Povidone-Iodine antiseptic ointment for wounds and cuts.', 'BATCH-IN-038', 11, 4, false, CURRENT_TIMESTAMP, CURRENT_TIMESTAMP), (39, 'Volini Pain Relief Gel 30g', 'Sun Pharma', 145.00, 65, 12, DATEADD('DAY', 740, CURRENT_DATE), 'GEL', 'Diclofenac gel for quick joint, neck, and back pain relief.', 'BATCH-IN-039', 1, 4, false, CURRENT_TIMESTAMP, CURRENT_TIMESTAMP), (40, 'Omnigel 30g Tube', 'Cipla Ltd', 110.00, 75, 15, DATEADD('DAY', 760, CURRENT_DATE), 'GEL', 'Topical pain relief gel for sprains and strains.', 'BATCH-IN-040', 1, 3, false, CURRENT_TIMESTAMP, CURRENT_TIMESTAMP), (41, 'Candid B Cream 20g', 'Glenmark Pharmaceuticals', 185.00, 50, 10, DATEADD('DAY', 780, CURRENT_DATE), 'CREAM', 'Clotrimazole + Beclomethasone for fungal skin infections.', 'BATCH-IN-041', 9, 7, false, CURRENT_TIMESTAMP, CURRENT_TIMESTAMP), (42, 'Boroline Antiseptic Cream 20g', 'G D Pharmaceuticals', 42.00, 120, 20, DATEADD('DAY', 800, CURRENT_DATE), 'CREAM', 'Ayurvedic antiseptic cream for dry skin and minor cuts.', 'BATCH-IN-042', 9, 6, false, CURRENT_TIMESTAMP, CURRENT_TIMESTAMP), (43, 'Otrivin Adult Nasal Drops 10ml', 'GlaxoSmithKline', 108.00, 70, 15, DATEADD('DAY', 820, CURRENT_DATE), 'DROPS', 'Xylometazoline nasal decongestant for blocked nose.', 'BATCH-IN-043', 2, 1, false, CURRENT_TIMESTAMP, CURRENT_TIMESTAMP), (44, 'Ciplox Eye/Ear Drops 10ml', 'Cipla Ltd', 21.00, 150, 25, DATEADD('DAY', 840, CURRENT_DATE), 'DROPS', 'Ciprofloxacin eye and ear antibacterial drops.', 'BATCH-IN-044', 10, 3, false, CURRENT_TIMESTAMP, CURRENT_TIMESTAMP), (45, 'Asthalin Inhaler 100mcg', 'Cipla Ltd', 162.00, 45, 10, DATEADD('DAY', 860, CURRENT_DATE), 'INHALER', 'Salbutamol inhaler for asthma and bronchospasm relief.', 'BATCH-IN-045', 12, 3, false, CURRENT_TIMESTAMP, CURRENT_TIMESTAMP), (46, 'Foracort 200 Synchrobreathe', 'Cipla Ltd', 525.00, 25, 5, DATEADD('DAY', 880, CURRENT_DATE), 'INHALER', 'Formoterol + Budesonide breath-actuated inhaler for asthma.', 'BATCH-IN-046', 12, 3, false, CURRENT_TIMESTAMP, CURRENT_TIMESTAMP), (47, 'Deriphyllin Retard 150mg', 'Zydus Healthcare', 34.00, 110, 20, DATEADD('DAY', 900, CURRENT_DATE), 'TABLET', 'Etofylline + Theophylline for asthma and chronic bronchitis.', 'BATCH-IN-047', 12, 8, false, CURRENT_TIMESTAMP, CURRENT_TIMESTAMP), (48, 'Thyronorm 50mcg Tablet', 'Abbott India', 185.00, 100, 15, DATEADD('DAY', 920, CURRENT_DATE), 'TABLET', 'Levothyroxine sodium for hypothyroidism management.', 'BATCH-IN-048', 13, 2, false, CURRENT_TIMESTAMP, CURRENT_TIMESTAMP), (49, 'Dexamethasone 0.5mg Tablet', 'Zydus Cadila', 8.50, 300, 50, DATEADD('DAY', 940, CURRENT_DATE), 'TABLET', 'Corticosteroid for severe allergic and inflammatory conditions.', 'BATCH-IN-049', 13, 8, false, CURRENT_TIMESTAMP, CURRENT_TIMESTAMP), (50, 'Myospaz Tablet', 'Win-Medicare', 168.00, 60, 10, DATEADD('DAY', 960, CURRENT_DATE), 'TABLET', 'Paracetamol + Chlorzoxazone muscle relaxant for back pain.', 'BATCH-IN-050', 15, 4, false, CURRENT_TIMESTAMP, CURRENT_TIMESTAMP), (51, 'Alprax 0.25mg Tablet', 'Torrent Pharmaceuticals', 29.00, 90, 15, DATEADD('DAY', 980, CURRENT_DATE), 'TABLET', 'Alprazolam 0.25mg for anxiety and panic disorders.', 'BATCH-IN-051', 14, 9, false, CURRENT_TIMESTAMP, CURRENT_TIMESTAMP), (52, 'Evion 400mg Capsule', 'Procter & Gamble Health', 38.50, 180, 25, DATEADD('DAY', 1000, CURRENT_DATE), 'CAPSULE', 'Vitamin E 400mg capsule for skin, hair, and antioxidant protection.', 'BATCH-IN-052', 6, 2, false, CURRENT_TIMESTAMP, CURRENT_TIMESTAMP)
2026-08-16T15:44:08.733Z DEBUG 260944 --- [pharmacy-inventory-management] [  restartedMain] o.s.jdbc.datasource.init.ScriptUtils     : 10 returned as update count for SQL: INSERT INTO sales (sale_date, quantity, unit_price, cost_price, total_price, medication_id, created_at) VALUES (CURRENT_DATE, 5, 30.50, 21.35, 152.50, 1, CURRENT_TIMESTAMP), (CURRENT_DATE, 3, 155.00, 108.50, 465.00, 6, CURRENT_TIMESTAMP), (DATEADD('DAY', -1, CURRENT_DATE), 2, 204.00, 142.80, 408.00, 12, CURRENT_TIMESTAMP), (DATEADD('DAY', -2, CURRENT_DATE), 4, 132.00, 92.40, 528.00, 35, CURRENT_TIMESTAMP), (DATEADD('DAY', -3, CURRENT_DATE), 10, 24.00, 16.80, 240.00, 2, CURRENT_TIMESTAMP), (DATEADD('DAY', -4, CURRENT_DATE), 1, 525.00, 367.50, 525.00, 46, CURRENT_TIMESTAMP), (DATEADD('DAY', -5, CURRENT_DATE), 6, 25.50, 17.85, 153.00, 34, CURRENT_TIMESTAMP), (DATEADD('DAY', -6, CURRENT_DATE), 2, 198.50, 138.95, 397.00, 7, CURRENT_TIMESTAMP), (DATEADD('MONTH', -1, CURRENT_DATE), 15, 30.50, 21.35, 457.50, 1, CURRENT_TIMESTAMP), (DATEADD('MONTH', -2, CURRENT_DATE), 20, 45.00, 31.50, 900.00, 3, CURRENT_TIMESTAMP)
2026-08-16T15:44:08.733Z DEBUG 260944 --- [pharmacy-inventory-management] [  restartedMain] o.s.jdbc.datasource.init.ScriptUtils     : Executed SQL script from file [/app/target/classes/data.sql] in 17 ms.
2026-08-16T15:44:09.163Z  WARN 260944 --- [pharmacy-inventory-management] [  restartedMain] JpaBaseConfiguration$JpaWebConfiguration : spring.jpa.open-in-view is enabled by default. Therefore, database queries may be performed during view rendering. Explicitly configure spring.jpa.open-in-view to disable this warning
2026-08-16T15:44:09.175Z  INFO 260944 --- [pharmacy-inventory-management] [  restartedMain] o.s.b.a.w.s.WelcomePageHandlerMapping    : Adding welcome page: class path resource [static/index.html]
2026-08-16T15:44:09.318Z  WARN 260944 --- [pharmacy-inventory-management] [  restartedMain] o.s.b.d.a.OptionalLiveReloadServer       : Unable to start LiveReload server
2026-08-16T15:44:09.336Z  INFO 260944 --- [pharmacy-inventory-management] [  restartedMain] o.s.b.w.embedded.tomcat.TomcatWebServer  : Tomcat started on port 8088 (http) with context path ''
2026-08-16T15:44:09.343Z  INFO 260944 --- [pharmacy-inventory-management] [  restartedMain] c.p.i.InventoryManagementApplication     : Started InventoryManagementApplication in 1.683 seconds (process running for 1885.363)
2026-08-16T15:44:09.345Z  INFO 260944 --- [pharmacy-inventory-management] [  restartedMain] .ConditionEvaluationDeltaLoggingListener : Condition evaluation unchanged
