[INFO] Scanning for projects...
Downloading from central: https://repo.maven.apache.org/maven2/io/github/git-commit-id/maven-metadata.xml
Downloading from central: https://repo.maven.apache.org/maven2/org/springframework/boot/maven-metadata.xml
Downloading from central: https://repo.maven.apache.org/maven2/org/jooq/maven-metadata.xml
Downloading from central: https://repo.maven.apache.org/maven2/org/flywaydb/maven-metadata.xml
Progress (1): 234 BProgress (2): 234 B | 255 BProgress (3): 234 B | 255 B | 398 BProgress (4): 234 B | 255 B | 398 B | 249 B                                           Downloaded from central: https://repo.maven.apache.org/maven2/org/flywaydb/maven-metadata.xml (234 B at 458 B/s)
Downloaded from central: https://repo.maven.apache.org/maven2/org/springframework/boot/maven-metadata.xml (249 B at 487 B/s)
Downloaded from central: https://repo.maven.apache.org/maven2/org/jooq/maven-metadata.xml (398 B at 778 B/s)
Downloaded from central: https://repo.maven.apache.org/maven2/io/github/git-commit-id/maven-metadata.xml (255 B at 501 B/s)
Downloading from central: https://repo.maven.apache.org/maven2/org/jetbrains/kotlin/maven-metadata.xml
Downloading from central: https://repo.maven.apache.org/maven2/org/liquibase/maven-metadata.xml
Downloading from central: https://repo.maven.apache.org/maven2/org/graalvm/buildtools/maven-metadata.xml
Downloading from central: https://repo.maven.apache.org/maven2/org/apache/maven/plugins/maven-metadata.xml
Progress (1): 242 BProgress (2): 242 B | 375 B                           Downloaded from central: https://repo.maven.apache.org/maven2/org/graalvm/buildtools/maven-metadata.xml (242 B at 7.3 kB/s)
Downloaded from central: https://repo.maven.apache.org/maven2/org/jetbrains/kotlin/maven-metadata.xml (375 B at 11 kB/s)
Progress (1): 394 B                   Downloading from central: https://repo.maven.apache.org/maven2/org/codehaus/mojo/maven-metadata.xml
Downloaded from central: https://repo.maven.apache.org/maven2/org/liquibase/maven-metadata.xml (394 B at 10 kB/s)
Progress (1): 3.2 kBProgress (1): 9.4 kBProgress (1): 14 kB                    Downloaded from central: https://repo.maven.apache.org/maven2/org/apache/maven/plugins/maven-metadata.xml (14 kB at 340 kB/s)
Progress (1): 3.7 kBProgress (1): 7.5 kBProgress (1): 13 kB Progress (1): 19 kBProgress (1): 20 kB                   Downloaded from central: https://repo.maven.apache.org/maven2/org/codehaus/mojo/maven-metadata.xml (20 kB at 422 kB/s)
[INFO]
[INFO] -----------------< com.pharmacy:inventory-management >------------------
[INFO] Building inventory-management 0.0.1-SNAPSHOT
[INFO]   from pom.xml
[INFO] --------------------------------[ jar ]---------------------------------
[INFO]
[INFO] >>> spring-boot:3.2.0:run (default-cli) > test-compile @ inventory-management >>>
[INFO]
[INFO] --- resources:3.3.1:resources (default-resources) @ inventory-management ---
[INFO] Copying 2 resources from src/main/resources to target/classes
[INFO] Copying 4 resources from src/main/resources to target/classes
[INFO]
[INFO] --- compiler:3.11.0:compile (default-compile) @ inventory-management ---
[INFO] Nothing to compile - all classes are up to date
[INFO]
[INFO] --- resources:3.3.1:testResources (default-testResources) @ inventory-management ---
[INFO] skip non existing resourceDirectory /app/src/test/resources
[INFO]
[INFO] --- compiler:3.11.0:testCompile (default-testCompile) @ inventory-management ---
[INFO] Nothing to compile - all classes are up to date
[INFO]
[INFO] <<< spring-boot:3.2.0:run (default-cli) < test-compile @ inventory-management <<<
[INFO]
[INFO]
[INFO] --- spring-boot:3.2.0:run (default-cli) @ inventory-management ---
[INFO] Attaching agents: []

  .   ____          _            __ _ _
 /\\ / ___'_ __ _ _(_)_ __  __ _ \ \ \ \
( ( )\___ | '_ | '_| | '_ \/ _` | \ \ \ \
 \\/  ___)| |_)| | | | | || (_| |  ) ) ) )
  '  |____| .__|_| |_|_| |_\__, | / / / /
 =========|_|==============|___/=/_/_/_/
 :: Spring Boot ::                (v3.2.0)

2026-08-15T14:38:48.840Z  INFO 91261 --- [pharmacy-inventory-management] [  restartedMain] c.p.i.InventoryManagementApplication     : Starting InventoryManagementApplication using Java 21.0.10 with PID 91261 (/app/target/classes started by jules in /app)
2026-08-15T14:38:48.841Z DEBUG 91261 --- [pharmacy-inventory-management] [  restartedMain] c.p.i.InventoryManagementApplication     : Running with Spring Boot v3.2.0, Spring v6.1.1
2026-08-15T14:38:48.842Z  INFO 91261 --- [pharmacy-inventory-management] [  restartedMain] c.p.i.InventoryManagementApplication     : No active profile set, falling back to 1 default profile: "default"
2026-08-15T14:38:48.891Z  INFO 91261 --- [pharmacy-inventory-management] [  restartedMain] .e.DevToolsPropertyDefaultsPostProcessor : Devtools property defaults active! Set 'spring.devtools.add-properties' to 'false' to disable
2026-08-15T14:38:48.891Z  INFO 91261 --- [pharmacy-inventory-management] [  restartedMain] .e.DevToolsPropertyDefaultsPostProcessor : For additional web related logging consider setting the 'logging.level.web' property to 'DEBUG'
2026-08-15T14:38:49.642Z  INFO 91261 --- [pharmacy-inventory-management] [  restartedMain] .s.d.r.c.RepositoryConfigurationDelegate : Bootstrapping Spring Data JPA repositories in DEFAULT mode.
2026-08-15T14:38:49.732Z  INFO 91261 --- [pharmacy-inventory-management] [  restartedMain] .s.d.r.c.RepositoryConfigurationDelegate : Finished Spring Data repository scanning in 81 ms. Found 6 JPA repository interfaces.
2026-08-15T14:38:50.344Z  INFO 91261 --- [pharmacy-inventory-management] [  restartedMain] o.s.b.w.embedded.tomcat.TomcatWebServer  : Tomcat initialized with port 8088 (http)
2026-08-15T14:38:50.356Z  INFO 91261 --- [pharmacy-inventory-management] [  restartedMain] o.apache.catalina.core.StandardService   : Starting service [Tomcat]
2026-08-15T14:38:50.357Z  INFO 91261 --- [pharmacy-inventory-management] [  restartedMain] o.apache.catalina.core.StandardEngine    : Starting Servlet engine: [Apache Tomcat/10.1.16]
2026-08-15T14:38:50.401Z  INFO 91261 --- [pharmacy-inventory-management] [  restartedMain] o.a.c.c.C.[Tomcat].[localhost].[/]       : Initializing Spring embedded WebApplicationContext
2026-08-15T14:38:50.402Z  INFO 91261 --- [pharmacy-inventory-management] [  restartedMain] w.s.c.ServletWebServerApplicationContext : Root WebApplicationContext: initialization completed in 1510 ms
2026-08-15T14:38:50.434Z  INFO 91261 --- [pharmacy-inventory-management] [  restartedMain] com.zaxxer.hikari.HikariDataSource       : HikariPool-1 - Starting...
2026-08-15T14:38:50.627Z  INFO 91261 --- [pharmacy-inventory-management] [  restartedMain] com.zaxxer.hikari.pool.HikariPool        : HikariPool-1 - Added connection conn0: url=jdbc:h2:mem:pharmacydb user=SA
2026-08-15T14:38:50.629Z  INFO 91261 --- [pharmacy-inventory-management] [  restartedMain] com.zaxxer.hikari.HikariDataSource       : HikariPool-1 - Start completed.
2026-08-15T14:38:50.642Z  INFO 91261 --- [pharmacy-inventory-management] [  restartedMain] o.s.b.a.h2.H2ConsoleAutoConfiguration    : H2 console available at '/h2-console'. Database available at 'jdbc:h2:mem:pharmacydb'
2026-08-15T14:38:50.756Z  INFO 91261 --- [pharmacy-inventory-management] [  restartedMain] o.hibernate.jpa.internal.util.LogHelper  : HHH000204: Processing PersistenceUnitInfo [name: default]
2026-08-15T14:38:50.802Z  INFO 91261 --- [pharmacy-inventory-management] [  restartedMain] org.hibernate.Version                    : HHH000412: Hibernate ORM core version 6.3.1.Final
2026-08-15T14:38:50.847Z  INFO 91261 --- [pharmacy-inventory-management] [  restartedMain] o.h.c.internal.RegionFactoryInitiator    : HHH000026: Second-level cache disabled
2026-08-15T14:38:51.097Z  INFO 91261 --- [pharmacy-inventory-management] [  restartedMain] o.s.o.j.p.SpringPersistenceUnitInfo      : No LoadTimeWeaver setup: ignoring JPA class transformer
2026-08-15T14:38:51.140Z  WARN 91261 --- [pharmacy-inventory-management] [  restartedMain] org.hibernate.orm.deprecation            : HHH90000025: H2Dialect does not need to be specified explicitly using 'hibernate.dialect' (remove the property setting and it will be selected by default)
2026-08-15T14:38:52.173Z  INFO 91261 --- [pharmacy-inventory-management] [  restartedMain] o.h.e.t.j.p.i.JtaPlatformInitiator       : HHH000489: No JTA platform available (set 'hibernate.transaction.jta.platform' to enable JTA platform integration)
Hibernate:
    drop table if exists categories cascade
Hibernate:
    drop table if exists medications cascade
Hibernate:
    drop table if exists sales cascade
Hibernate:
    drop table if exists suppliers cascade
Hibernate:
    drop table if exists users cascade
Hibernate:
    create table categories (
        created_at timestamp(6),
        id bigint generated by default as identity,
        updated_at timestamp(6),
        description varchar(500),
        name varchar(255) not null unique,
        primary key (id)
    )
Hibernate:
    create table medications (
        expiration_date date,
        is_deleted boolean,
        low_stock_threshold integer,
        price numeric(10,2) not null,
        quantity integer not null,
        category_id bigint,
        created_at timestamp(6),
        id bigint generated by default as identity,
        supplier_id bigint,
        updated_at timestamp(6),
        description varchar(1000),
        batch_number varchar(255),
        manufacturer varchar(255),
        name varchar(255) not null,
        type varchar(255),
        primary key (id)
    )
Hibernate:
    create table sales (
        cost_price numeric(10,2),
        quantity integer not null,
        sale_date date not null,
        total_price numeric(10,2) not null,
        unit_price numeric(10,2) not null,
        created_at timestamp(6),
        id bigint generated by default as identity,
        medication_id bigint not null,
        primary key (id)
    )
Hibernate:
    create table suppliers (
        active boolean default true not null,
        created_at timestamp(6),
        id bigint generated by default as identity,
        updated_at timestamp(6),
        address varchar(500),
        contact_person varchar(255),
        email varchar(255) not null unique,
        name varchar(255) not null,
        phone varchar(255) not null,
        primary key (id)
    )
Hibernate:
    create table users (
        created_at timestamp(6),
        id bigint generated by default as identity,
        email varchar(255) not null unique,
        full_name varchar(255) not null,
        password varchar(255) not null,
        role varchar(255) not null,
        primary key (id)
    )
Hibernate:
    alter table if exists medications
       add constraint FKmf1t7pw4h0df5jr8gld0uf05k
       foreign key (category_id)
       references categories
Hibernate:
    alter table if exists medications
       add constraint FK94rldjohkfmifdk13m2i03g70
       foreign key (supplier_id)
       references suppliers
Hibernate:
    alter table if exists sales
       add constraint FKaawj0sejy9oq9li56m5hum7tp
       foreign key (medication_id)
       references medications
2026-08-15T14:38:52.240Z  INFO 91261 --- [pharmacy-inventory-management] [  restartedMain] j.LocalContainerEntityManagerFactoryBean : Initialized JPA EntityManagerFactory for persistence unit 'default'
2026-08-15T14:38:52.695Z  INFO 91261 --- [pharmacy-inventory-management] [  restartedMain] o.s.d.j.r.query.QueryEnhancerFactory     : Hibernate is in classpath; If applicable, HQL parser will be used.
2026-08-15T14:38:54.072Z  WARN 91261 --- [pharmacy-inventory-management] [  restartedMain] JpaBaseConfiguration$JpaWebConfiguration : spring.jpa.open-in-view is enabled by default. Therefore, database queries may be performed during view rendering. Explicitly configure spring.jpa.open-in-view to disable this warning
2026-08-15T14:38:54.096Z  INFO 91261 --- [pharmacy-inventory-management] [  restartedMain] o.s.b.a.w.s.WelcomePageHandlerMapping    : Adding welcome page: class path resource [static/index.html]
2026-08-15T14:38:54.471Z  WARN 91261 --- [pharmacy-inventory-management] [  restartedMain] o.s.b.d.a.OptionalLiveReloadServer       : Unable to start LiveReload server
2026-08-15T14:38:54.514Z  INFO 91261 --- [pharmacy-inventory-management] [  restartedMain] o.s.b.w.embedded.tomcat.TomcatWebServer  : Tomcat started on port 8088 (http) with context path ''
2026-08-15T14:38:54.523Z  INFO 91261 --- [pharmacy-inventory-management] [  restartedMain] c.p.i.InventoryManagementApplication     : Started InventoryManagementApplication in 6.061 seconds (process running for 6.487)
2026-08-15T14:40:02.202Z  INFO 91261 --- [pharmacy-inventory-management] [nio-8088-exec-1] o.a.c.c.C.[Tomcat].[localhost].[/]       : Initializing Spring DispatcherServlet 'dispatcherServlet'
2026-08-15T14:40:02.202Z  INFO 91261 --- [pharmacy-inventory-management] [nio-8088-exec-1] o.s.web.servlet.DispatcherServlet        : Initializing Servlet 'dispatcherServlet'
2026-08-15T14:40:02.203Z  INFO 91261 --- [pharmacy-inventory-management] [nio-8088-exec-1] o.s.web.servlet.DispatcherServlet        : Completed initialization in 1 ms
2026-08-15T14:40:05.573Z  WARN 91261 --- [pharmacy-inventory-management] [nio-8088-exec-2] .m.m.a.ExceptionHandlerExceptionResolver : Resolved [java.lang.IllegalArgumentException: When allowCredentials is true, allowedOrigins cannot contain the special value "*" since that cannot be set on the "Access-Control-Allow-Origin" response header. To allow credentials to a set of origins, list them explicitly or consider using "allowedOriginPatterns" instead.]
2026-08-15T14:40:10.591Z  WARN 91261 --- [pharmacy-inventory-management] [nio-8088-exec-3] .m.m.a.ExceptionHandlerExceptionResolver : Resolved [java.lang.IllegalArgumentException: When allowCredentials is true, allowedOrigins cannot contain the special value "*" since that cannot be set on the "Access-Control-Allow-Origin" response header. To allow credentials to a set of origins, list them explicitly or consider using "allowedOriginPatterns" instead.]
2026-08-15T14:41:20.139Z  WARN 91261 --- [pharmacy-inventory-management] [nio-8088-exec-5] .m.m.a.ExceptionHandlerExceptionResolver : Resolved [java.lang.IllegalArgumentException: When allowCredentials is true, allowedOrigins cannot contain the special value "*" since that cannot be set on the "Access-Control-Allow-Origin" response header. To allow credentials to a set of origins, list them explicitly or consider using "allowedOriginPatterns" instead.]
2026-08-15T14:41:24.857Z  WARN 91261 --- [pharmacy-inventory-management] [nio-8088-exec-6] .m.m.a.ExceptionHandlerExceptionResolver : Resolved [java.lang.IllegalArgumentException: When allowCredentials is true, allowedOrigins cannot contain the special value "*" since that cannot be set on the "Access-Control-Allow-Origin" response header. To allow credentials to a set of origins, list them explicitly or consider using "allowedOriginPatterns" instead.]
2026-08-15T16:06:50.350Z  INFO 91261 --- [pharmacy-inventory-management] [   File Watcher] rtingClassPathChangeChangedEventListener : Restarting due to 56 class path changes (0 additions, 56 deletions, 0 modifications)
2026-08-15T16:06:50.971Z  INFO 91261 --- [pharmacy-inventory-management] [       Thread-1] j.LocalContainerEntityManagerFactoryBean : Closing JPA EntityManagerFactory for persistence unit 'default'
Hibernate:
    drop table if exists categories cascade
Hibernate:
    drop table if exists medications cascade
Hibernate:
    drop table if exists sales cascade
Hibernate:
    drop table if exists suppliers cascade
Hibernate:
    drop table if exists users cascade
2026-08-15T16:06:51.346Z  WARN 91261 --- [pharmacy-inventory-management] [       Thread-1] o.s.b.f.support.DisposableBeanAdapter    : Invocation of destroy method failed on bean with name 'inMemoryDatabaseShutdownExecutor': org.h2.jdbc.JdbcSQLNonTransientConnectionException: Database is already closed (to disable automatic closing at VM shutdown, add ";DB_CLOSE_ON_EXIT=FALSE" to the db URL) [90121-224]
2026-08-15T16:06:51.355Z  INFO 91261 --- [pharmacy-inventory-management] [       Thread-1] com.zaxxer.hikari.HikariDataSource       : HikariPool-1 - Shutdown initiated...
2026-08-15T16:06:51.406Z  INFO 91261 --- [pharmacy-inventory-management] [       Thread-1] com.zaxxer.hikari.HikariDataSource       : HikariPool-1 - Shutdown completed.

  .   ____          _            __ _ _
 /\\ / ___'_ __ _ _(_)_ __  __ _ \ \ \ \
( ( )\___ | '_ | '_| | '_ \/ _` | \ \ \ \
 \\/  ___)| |_)| | | | | || (_| |  ) ) ) )
  '  |____| .__|_| |_|_| |_\__, | / / / /
 =========|_|==============|___/=/_/_/_/
 :: Spring Boot ::                (v3.2.0)

2026-08-15T16:06:54.369Z  INFO 91261 --- [pharmacy-inventory-management] [  restartedMain] c.p.i.InventoryManagementApplication     : Starting InventoryManagementApplication using Java 21.0.10 with PID 91261 (/app/target/classes started by jules in /app)
2026-08-15T16:06:54.370Z DEBUG 91261 --- [pharmacy-inventory-management] [  restartedMain] c.p.i.InventoryManagementApplication     : Running with Spring Boot v3.2.0, Spring v6.1.1
2026-08-15T16:06:54.371Z  INFO 91261 --- [pharmacy-inventory-management] [  restartedMain] c.p.i.InventoryManagementApplication     : No active profile set, falling back to 1 default profile: "default"
2026-08-15T16:06:55.000Z  INFO 91261 --- [pharmacy-inventory-management] [  restartedMain] .s.d.r.c.RepositoryConfigurationDelegate : Bootstrapping Spring Data JPA repositories in DEFAULT mode.
2026-08-15T16:06:55.079Z  INFO 91261 --- [pharmacy-inventory-management] [  restartedMain] .s.d.r.c.RepositoryConfigurationDelegate : Finished Spring Data repository scanning in 76 ms. Found 6 JPA repository interfaces.
2026-08-15T16:06:55.429Z  INFO 91261 --- [pharmacy-inventory-management] [  restartedMain] o.s.b.w.embedded.tomcat.TomcatWebServer  : Tomcat initialized with port 8088 (http)
2026-08-15T16:06:55.433Z  INFO 91261 --- [pharmacy-inventory-management] [  restartedMain] o.apache.catalina.core.StandardService   : Starting service [Tomcat]
2026-08-15T16:06:55.433Z  INFO 91261 --- [pharmacy-inventory-management] [  restartedMain] o.apache.catalina.core.StandardEngine    : Starting Servlet engine: [Apache Tomcat/10.1.16]
2026-08-15T16:06:55.464Z  INFO 91261 --- [pharmacy-inventory-management] [  restartedMain] o.a.c.c.C.[Tomcat].[localhost].[/]       : Initializing Spring embedded WebApplicationContext
2026-08-15T16:06:55.465Z  INFO 91261 --- [pharmacy-inventory-management] [  restartedMain] w.s.c.ServletWebServerApplicationContext : Root WebApplicationContext: initialization completed in 1079 ms
2026-08-15T16:06:55.519Z  INFO 91261 --- [pharmacy-inventory-management] [  restartedMain] com.zaxxer.hikari.HikariDataSource       : HikariPool-2 - Starting...
2026-08-15T16:06:55.544Z  INFO 91261 --- [pharmacy-inventory-management] [  restartedMain] com.zaxxer.hikari.pool.HikariPool        : HikariPool-2 - Added connection conn10: url=jdbc:h2:mem:pharmacydb user=SA
2026-08-15T16:06:55.546Z  INFO 91261 --- [pharmacy-inventory-management] [  restartedMain] com.zaxxer.hikari.HikariDataSource       : HikariPool-2 - Start completed.
2026-08-15T16:06:55.546Z  INFO 91261 --- [pharmacy-inventory-management] [  restartedMain] o.s.b.a.h2.H2ConsoleAutoConfiguration    : H2 console available at '/h2-console'. Database available at 'jdbc:h2:mem:pharmacydb'
2026-08-15T16:06:55.662Z  INFO 91261 --- [pharmacy-inventory-management] [  restartedMain] o.hibernate.jpa.internal.util.LogHelper  : HHH000204: Processing PersistenceUnitInfo [name: default]
2026-08-15T16:06:55.682Z  INFO 91261 --- [pharmacy-inventory-management] [  restartedMain] o.h.c.internal.RegionFactoryInitiator    : HHH000026: Second-level cache disabled
2026-08-15T16:06:55.713Z  INFO 91261 --- [pharmacy-inventory-management] [  restartedMain] o.s.o.j.p.SpringPersistenceUnitInfo      : No LoadTimeWeaver setup: ignoring JPA class transformer
2026-08-15T16:06:55.726Z  WARN 91261 --- [pharmacy-inventory-management] [  restartedMain] org.hibernate.orm.deprecation            : HHH90000025: H2Dialect does not need to be specified explicitly using 'hibernate.dialect' (remove the property setting and it will be selected by default)
2026-08-15T16:06:56.599Z  INFO 91261 --- [pharmacy-inventory-management] [  restartedMain] o.h.e.t.j.p.i.JtaPlatformInitiator       : HHH000489: No JTA platform available (set 'hibernate.transaction.jta.platform' to enable JTA platform integration)
Hibernate:
    drop table if exists categories cascade
Hibernate:
    drop table if exists medications cascade
Hibernate:
    drop table if exists sales cascade
Hibernate:
    drop table if exists suppliers cascade
Hibernate:
    drop table if exists users cascade
Hibernate:
    create table categories (
        created_at timestamp(6),
        id bigint generated by default as identity,
        updated_at timestamp(6),
        description varchar(500),
        name varchar(255) not null unique,
        primary key (id)
    )
Hibernate:
    create table medications (
        expiration_date date,
        is_deleted boolean,
        low_stock_threshold integer,
        price numeric(10,2) not null,
        quantity integer not null,
        category_id bigint,
        created_at timestamp(6),
        id bigint generated by default as identity,
        supplier_id bigint,
        updated_at timestamp(6),
        description varchar(1000),
        batch_number varchar(255),
        manufacturer varchar(255),
        name varchar(255) not null,
        type varchar(255),
        primary key (id)
    )
Hibernate:
    create table sales (
        cost_price numeric(10,2),
        quantity integer not null,
        sale_date date not null,
        total_price numeric(10,2) not null,
        unit_price numeric(10,2) not null,
        created_at timestamp(6),
        id bigint generated by default as identity,
        medication_id bigint not null,
        primary key (id)
    )
Hibernate:
    create table suppliers (
        active boolean default true not null,
        created_at timestamp(6),
        id bigint generated by default as identity,
        updated_at timestamp(6),
        address varchar(500),
        contact_person varchar(255),
        email varchar(255) not null unique,
        name varchar(255) not null,
        phone varchar(255) not null,
        primary key (id)
    )
Hibernate:
    create table users (
        created_at timestamp(6),
        id bigint generated by default as identity,
        email varchar(255) not null unique,
        full_name varchar(255) not null,
        password varchar(255) not null,
        role varchar(255) not null,
        primary key (id)
    )
Hibernate:
    alter table if exists medications
       add constraint FKmf1t7pw4h0df5jr8gld0uf05k
       foreign key (category_id)
       references categories
Hibernate:
    alter table if exists medications
       add constraint FK94rldjohkfmifdk13m2i03g70
       foreign key (supplier_id)
       references suppliers
Hibernate:
    alter table if exists sales
       add constraint FKaawj0sejy9oq9li56m5hum7tp
       foreign key (medication_id)
       references medications
2026-08-15T16:06:56.671Z  INFO 91261 --- [pharmacy-inventory-management] [  restartedMain] j.LocalContainerEntityManagerFactoryBean : Initialized JPA EntityManagerFactory for persistence unit 'default'
2026-08-15T16:06:57.903Z  WARN 91261 --- [pharmacy-inventory-management] [  restartedMain] JpaBaseConfiguration$JpaWebConfiguration : spring.jpa.open-in-view is enabled by default. Therefore, database queries may be performed during view rendering. Explicitly configure spring.jpa.open-in-view to disable this warning
2026-08-15T16:06:57.922Z  INFO 91261 --- [pharmacy-inventory-management] [  restartedMain] o.s.b.a.w.s.WelcomePageHandlerMapping    : Adding welcome page: class path resource [static/index.html]
2026-08-15T16:06:58.131Z  WARN 91261 --- [pharmacy-inventory-management] [  restartedMain] o.s.b.d.a.OptionalLiveReloadServer       : Unable to start LiveReload server
2026-08-15T16:06:58.150Z  INFO 91261 --- [pharmacy-inventory-management] [  restartedMain] o.s.b.w.embedded.tomcat.TomcatWebServer  : Tomcat started on port 8088 (http) with context path ''
2026-08-15T16:06:58.155Z  INFO 91261 --- [pharmacy-inventory-management] [  restartedMain] c.p.i.InventoryManagementApplication     : Started InventoryManagementApplication in 3.98 seconds (process running for 614.423)
2026-08-15T16:06:58.159Z  INFO 91261 --- [pharmacy-inventory-management] [  restartedMain] .ConditionEvaluationDeltaLoggingListener : Condition evaluation unchanged
2026-08-15T16:06:59.536Z  INFO 91261 --- [pharmacy-inventory-management] [   File Watcher] rtingClassPathChangeChangedEventListener : Restarting due to 56 class path changes (56 additions, 0 deletions, 0 modifications)
2026-08-15T16:06:59.546Z  INFO 91261 --- [pharmacy-inventory-management] [       Thread-5] j.LocalContainerEntityManagerFactoryBean : Closing JPA EntityManagerFactory for persistence unit 'default'
Hibernate:
    drop table if exists categories cascade
Hibernate:
    drop table if exists medications cascade
Hibernate:
    drop table if exists sales cascade
Hibernate:
    drop table if exists suppliers cascade
Hibernate:
    drop table if exists users cascade
2026-08-15T16:06:59.554Z  WARN 91261 --- [pharmacy-inventory-management] [       Thread-5] o.s.b.f.support.DisposableBeanAdapter    : Invocation of destroy method failed on bean with name 'inMemoryDatabaseShutdownExecutor': org.h2.jdbc.JdbcSQLNonTransientConnectionException: Database is already closed (to disable automatic closing at VM shutdown, add ";DB_CLOSE_ON_EXIT=FALSE" to the db URL) [90121-224]
2026-08-15T16:06:59.555Z  INFO 91261 --- [pharmacy-inventory-management] [       Thread-5] com.zaxxer.hikari.HikariDataSource       : HikariPool-2 - Shutdown initiated...
2026-08-15T16:06:59.557Z  INFO 91261 --- [pharmacy-inventory-management] [       Thread-5] com.zaxxer.hikari.HikariDataSource       : HikariPool-2 - Shutdown completed.

  .   ____          _            __ _ _
 /\\ / ___'_ __ _ _(_)_ __  __ _ \ \ \ \
( ( )\___ | '_ | '_| | '_ \/ _` | \ \ \ \
 \\/  ___)| |_)| | | | | || (_| |  ) ) ) )
  '  |____| .__|_| |_|_| |_\__, | / / / /
 =========|_|==============|___/=/_/_/_/
 :: Spring Boot ::                (v3.2.0)

2026-08-15T16:06:59.702Z  INFO 91261 --- [pharmacy-inventory-management] [  restartedMain] c.p.i.InventoryManagementApplication     : Starting InventoryManagementApplication using Java 21.0.10 with PID 91261 (/app/target/classes started by jules in /app)
2026-08-15T16:06:59.703Z DEBUG 91261 --- [pharmacy-inventory-management] [  restartedMain] c.p.i.InventoryManagementApplication     : Running with Spring Boot v3.2.0, Spring v6.1.1
2026-08-15T16:06:59.704Z  INFO 91261 --- [pharmacy-inventory-management] [  restartedMain] c.p.i.InventoryManagementApplication     : No active profile set, falling back to 1 default profile: "default"
2026-08-15T16:06:59.900Z  INFO 91261 --- [pharmacy-inventory-management] [  restartedMain] .s.d.r.c.RepositoryConfigurationDelegate : Bootstrapping Spring Data JPA repositories in DEFAULT mode.
2026-08-15T16:06:59.925Z  INFO 91261 --- [pharmacy-inventory-management] [  restartedMain] .s.d.r.c.RepositoryConfigurationDelegate : Finished Spring Data repository scanning in 24 ms. Found 6 JPA repository interfaces.
2026-08-15T16:07:00.064Z  INFO 91261 --- [pharmacy-inventory-management] [  restartedMain] o.s.b.w.embedded.tomcat.TomcatWebServer  : Tomcat initialized with port 8088 (http)
2026-08-15T16:07:00.065Z  INFO 91261 --- [pharmacy-inventory-management] [  restartedMain] o.apache.catalina.core.StandardService   : Starting service [Tomcat]
2026-08-15T16:07:00.065Z  INFO 91261 --- [pharmacy-inventory-management] [  restartedMain] o.apache.catalina.core.StandardEngine    : Starting Servlet engine: [Apache Tomcat/10.1.16]
2026-08-15T16:07:00.078Z  INFO 91261 --- [pharmacy-inventory-management] [  restartedMain] o.a.c.c.C.[Tomcat].[localhost].[/]       : Initializing Spring embedded WebApplicationContext
2026-08-15T16:07:00.078Z  INFO 91261 --- [pharmacy-inventory-management] [  restartedMain] w.s.c.ServletWebServerApplicationContext : Root WebApplicationContext: initialization completed in 370 ms
2026-08-15T16:07:00.096Z  INFO 91261 --- [pharmacy-inventory-management] [  restartedMain] com.zaxxer.hikari.HikariDataSource       : HikariPool-3 - Starting...
2026-08-15T16:07:00.104Z  INFO 91261 --- [pharmacy-inventory-management] [  restartedMain] com.zaxxer.hikari.pool.HikariPool        : HikariPool-3 - Added connection conn20: url=jdbc:h2:mem:pharmacydb user=SA
2026-08-15T16:07:00.104Z  INFO 91261 --- [pharmacy-inventory-management] [  restartedMain] com.zaxxer.hikari.HikariDataSource       : HikariPool-3 - Start completed.
2026-08-15T16:07:00.105Z  INFO 91261 --- [pharmacy-inventory-management] [  restartedMain] o.s.b.a.h2.H2ConsoleAutoConfiguration    : H2 console available at '/h2-console'. Database available at 'jdbc:h2:mem:pharmacydb'
2026-08-15T16:07:00.135Z  INFO 91261 --- [pharmacy-inventory-management] [  restartedMain] o.hibernate.jpa.internal.util.LogHelper  : HHH000204: Processing PersistenceUnitInfo [name: default]
2026-08-15T16:07:00.138Z  INFO 91261 --- [pharmacy-inventory-management] [  restartedMain] o.h.c.internal.RegionFactoryInitiator    : HHH000026: Second-level cache disabled
2026-08-15T16:07:00.141Z  INFO 91261 --- [pharmacy-inventory-management] [  restartedMain] o.s.o.j.p.SpringPersistenceUnitInfo      : No LoadTimeWeaver setup: ignoring JPA class transformer
2026-08-15T16:07:00.142Z  WARN 91261 --- [pharmacy-inventory-management] [  restartedMain] org.hibernate.orm.deprecation            : HHH90000025: H2Dialect does not need to be specified explicitly using 'hibernate.dialect' (remove the property setting and it will be selected by default)
2026-08-15T16:07:00.335Z  INFO 91261 --- [pharmacy-inventory-management] [  restartedMain] o.h.e.t.j.p.i.JtaPlatformInitiator       : HHH000489: No JTA platform available (set 'hibernate.transaction.jta.platform' to enable JTA platform integration)
Hibernate:
    drop table if exists categories cascade
Hibernate:
    drop table if exists medications cascade
Hibernate:
    drop table if exists sales cascade
Hibernate:
    drop table if exists suppliers cascade
Hibernate:
    drop table if exists users cascade
Hibernate:
    create table categories (
        created_at timestamp(6),
        id bigint generated by default as identity,
        updated_at timestamp(6),
        description varchar(500),
        name varchar(255) not null unique,
        primary key (id)
    )
Hibernate:
    create table medications (
        expiration_date date,
        is_deleted boolean,
        low_stock_threshold integer,
        price numeric(10,2) not null,
        quantity integer not null,
        category_id bigint,
        created_at timestamp(6),
        id bigint generated by default as identity,
        supplier_id bigint,
        updated_at timestamp(6),
        description varchar(1000),
        batch_number varchar(255),
        manufacturer varchar(255),
        name varchar(255) not null,
        type varchar(255),
        primary key (id)
    )
Hibernate:
    create table sales (
        cost_price numeric(10,2),
        quantity integer not null,
        sale_date date not null,
        total_price numeric(10,2) not null,
        unit_price numeric(10,2) not null,
        created_at timestamp(6),
        id bigint generated by default as identity,
        medication_id bigint not null,
        primary key (id)
    )
Hibernate:
    create table suppliers (
        active boolean default true not null,
        created_at timestamp(6),
        id bigint generated by default as identity,
        updated_at timestamp(6),
        address varchar(500),
        contact_person varchar(255),
        email varchar(255) not null unique,
        name varchar(255) not null,
        phone varchar(255) not null,
        primary key (id)
    )
Hibernate:
    create table users (
        created_at timestamp(6),
        id bigint generated by default as identity,
        email varchar(255) not null unique,
        full_name varchar(255) not null,
        password varchar(255) not null,
        role varchar(255) not null,
        primary key (id)
    )
Hibernate:
    alter table if exists medications
       add constraint FKmf1t7pw4h0df5jr8gld0uf05k
       foreign key (category_id)
       references categories
Hibernate:
    alter table if exists medications
       add constraint FK94rldjohkfmifdk13m2i03g70
       foreign key (supplier_id)
       references suppliers
Hibernate:
    alter table if exists sales
       add constraint FKaawj0sejy9oq9li56m5hum7tp
       foreign key (medication_id)
       references medications
2026-08-15T16:07:00.356Z  INFO 91261 --- [pharmacy-inventory-management] [  restartedMain] j.LocalContainerEntityManagerFactoryBean : Initialized JPA EntityManagerFactory for persistence unit 'default'
2026-08-15T16:07:00.915Z  WARN 91261 --- [pharmacy-inventory-management] [  restartedMain] JpaBaseConfiguration$JpaWebConfiguration : spring.jpa.open-in-view is enabled by default. Therefore, database queries may be performed during view rendering. Explicitly configure spring.jpa.open-in-view to disable this warning
2026-08-15T16:07:00.923Z  INFO 91261 --- [pharmacy-inventory-management] [  restartedMain] o.s.b.a.w.s.WelcomePageHandlerMapping    : Adding welcome page: class path resource [static/index.html]
2026-08-15T16:07:01.029Z  WARN 91261 --- [pharmacy-inventory-management] [  restartedMain] o.s.b.d.a.OptionalLiveReloadServer       : Unable to start LiveReload server
2026-08-15T16:07:01.043Z  INFO 91261 --- [pharmacy-inventory-management] [  restartedMain] o.s.b.w.embedded.tomcat.TomcatWebServer  : Tomcat started on port 8088 (http) with context path ''
2026-08-15T16:07:01.047Z  INFO 91261 --- [pharmacy-inventory-management] [  restartedMain] c.p.i.InventoryManagementApplication     : Started InventoryManagementApplication in 1.386 seconds (process running for 617.315)
2026-08-15T16:07:01.049Z  INFO 91261 --- [pharmacy-inventory-management] [  restartedMain] .ConditionEvaluationDeltaLoggingListener : Condition evaluation unchanged
2026-08-15T16:07:50.556Z  INFO 91261 --- [pharmacy-inventory-management] [   File Watcher] rtingClassPathChangeChangedEventListener : Restarting due to 62 class path changes (0 additions, 56 deletions, 6 modifications)
2026-08-15T16:07:50.566Z  INFO 91261 --- [pharmacy-inventory-management] [      Thread-10] j.LocalContainerEntityManagerFactoryBean : Closing JPA EntityManagerFactory for persistence unit 'default'
Hibernate:
    drop table if exists categories cascade
Hibernate:
    drop table if exists medications cascade
Hibernate:
    drop table if exists sales cascade
Hibernate:
    drop table if exists suppliers cascade
Hibernate:
    drop table if exists users cascade
2026-08-15T16:07:50.573Z  WARN 91261 --- [pharmacy-inventory-management] [      Thread-10] o.s.b.f.support.DisposableBeanAdapter    : Invocation of destroy method failed on bean with name 'inMemoryDatabaseShutdownExecutor': org.h2.jdbc.JdbcSQLNonTransientConnectionException: Database is already closed (to disable automatic closing at VM shutdown, add ";DB_CLOSE_ON_EXIT=FALSE" to the db URL) [90121-224]
2026-08-15T16:07:50.574Z  INFO 91261 --- [pharmacy-inventory-management] [      Thread-10] com.zaxxer.hikari.HikariDataSource       : HikariPool-3 - Shutdown initiated...
2026-08-15T16:07:50.576Z  INFO 91261 --- [pharmacy-inventory-management] [      Thread-10] com.zaxxer.hikari.HikariDataSource       : HikariPool-3 - Shutdown completed.

  .   ____          _            __ _ _
 /\\ / ___'_ __ _ _(_)_ __  __ _ \ \ \ \
( ( )\___ | '_ | '_| | '_ \/ _` | \ \ \ \
 \\/  ___)| |_)| | | | | || (_| |  ) ) ) )
  '  |____| .__|_| |_|_| |_\__, | / / / /
 =========|_|==============|___/=/_/_/_/
 :: Spring Boot ::                (v3.2.0)

2026-08-15T16:07:50.783Z  INFO 91261 --- [pharmacy-inventory-management] [  restartedMain] c.p.i.InventoryManagementApplication     : Starting InventoryManagementApplication using Java 21.0.10 with PID 91261 (/app/target/classes started by jules in /app)
2026-08-15T16:07:50.784Z DEBUG 91261 --- [pharmacy-inventory-management] [  restartedMain] c.p.i.InventoryManagementApplication     : Running with Spring Boot v3.2.0, Spring v6.1.1
2026-08-15T16:07:50.784Z  INFO 91261 --- [pharmacy-inventory-management] [  restartedMain] c.p.i.InventoryManagementApplication     : No active profile set, falling back to 1 default profile: "default"
2026-08-15T16:07:50.944Z  INFO 91261 --- [pharmacy-inventory-management] [  restartedMain] .s.d.r.c.RepositoryConfigurationDelegate : Bootstrapping Spring Data JPA repositories in DEFAULT mode.
2026-08-15T16:07:50.946Z  INFO 91261 --- [pharmacy-inventory-management] [  restartedMain] .s.d.r.c.RepositoryConfigurationDelegate : Finished Spring Data repository scanning in 1 ms. Found 0 JPA repository interfaces.
2026-08-15T16:07:51.083Z  INFO 91261 --- [pharmacy-inventory-management] [  restartedMain] o.s.b.w.embedded.tomcat.TomcatWebServer  : Tomcat initialized with port 8088 (http)
2026-08-15T16:07:51.085Z  INFO 91261 --- [pharmacy-inventory-management] [  restartedMain] o.apache.catalina.core.StandardService   : Starting service [Tomcat]
2026-08-15T16:07:51.085Z  INFO 91261 --- [pharmacy-inventory-management] [  restartedMain] o.apache.catalina.core.StandardEngine    : Starting Servlet engine: [Apache Tomcat/10.1.16]
2026-08-15T16:07:51.097Z  INFO 91261 --- [pharmacy-inventory-management] [  restartedMain] o.a.c.c.C.[Tomcat].[localhost].[/]       : Initializing Spring embedded WebApplicationContext
2026-08-15T16:07:51.100Z  INFO 91261 --- [pharmacy-inventory-management] [  restartedMain] w.s.c.ServletWebServerApplicationContext : Root WebApplicationContext: initialization completed in 311 ms
2026-08-15T16:07:51.115Z  INFO 91261 --- [pharmacy-inventory-management] [  restartedMain] com.zaxxer.hikari.HikariDataSource       : HikariPool-4 - Starting...
2026-08-15T16:07:51.127Z  INFO 91261 --- [pharmacy-inventory-management] [  restartedMain] com.zaxxer.hikari.pool.HikariPool        : HikariPool-4 - Added connection conn30: url=jdbc:h2:mem:pharmacydb user=SA
2026-08-15T16:07:51.128Z  INFO 91261 --- [pharmacy-inventory-management] [  restartedMain] com.zaxxer.hikari.HikariDataSource       : HikariPool-4 - Start completed.
2026-08-15T16:07:51.128Z  INFO 91261 --- [pharmacy-inventory-management] [  restartedMain] o.s.b.a.h2.H2ConsoleAutoConfiguration    : H2 console available at '/h2-console'. Database available at 'jdbc:h2:mem:pharmacydb'
2026-08-15T16:07:51.162Z  INFO 91261 --- [pharmacy-inventory-management] [  restartedMain] o.hibernate.jpa.internal.util.LogHelper  : HHH000204: Processing PersistenceUnitInfo [name: default]
2026-08-15T16:07:51.166Z  INFO 91261 --- [pharmacy-inventory-management] [  restartedMain] o.h.c.internal.RegionFactoryInitiator    : HHH000026: Second-level cache disabled
2026-08-15T16:07:51.172Z  INFO 91261 --- [pharmacy-inventory-management] [  restartedMain] o.s.o.j.p.SpringPersistenceUnitInfo      : No LoadTimeWeaver setup: ignoring JPA class transformer
2026-08-15T16:07:51.173Z  WARN 91261 --- [pharmacy-inventory-management] [  restartedMain] org.hibernate.orm.deprecation            : HHH90000025: H2Dialect does not need to be specified explicitly using 'hibernate.dialect' (remove the property setting and it will be selected by default)
2026-08-15T16:07:51.188Z  INFO 91261 --- [pharmacy-inventory-management] [  restartedMain] o.h.e.t.j.p.i.JtaPlatformInitiator       : HHH000489: No JTA platform available (set 'hibernate.transaction.jta.platform' to enable JTA platform integration)
2026-08-15T16:07:51.189Z  INFO 91261 --- [pharmacy-inventory-management] [  restartedMain] j.LocalContainerEntityManagerFactoryBean : Initialized JPA EntityManagerFactory for persistence unit 'default'
2026-08-15T16:07:51.220Z  WARN 91261 --- [pharmacy-inventory-management] [  restartedMain] JpaBaseConfiguration$JpaWebConfiguration : spring.jpa.open-in-view is enabled by default. Therefore, database queries may be performed during view rendering. Explicitly configure spring.jpa.open-in-view to disable this warning
2026-08-15T16:07:51.229Z  INFO 91261 --- [pharmacy-inventory-management] [  restartedMain] o.s.b.a.w.s.WelcomePageHandlerMapping    : Adding welcome page: class path resource [static/index.html]
2026-08-15T16:07:51.411Z  WARN 91261 --- [pharmacy-inventory-management] [  restartedMain] o.s.b.d.a.OptionalLiveReloadServer       : Unable to start LiveReload server
2026-08-15T16:07:51.434Z  INFO 91261 --- [pharmacy-inventory-management] [  restartedMain] o.s.b.w.embedded.tomcat.TomcatWebServer  : Tomcat started on port 8088 (http) with context path ''
2026-08-15T16:07:51.438Z  INFO 91261 --- [pharmacy-inventory-management] [  restartedMain] c.p.i.InventoryManagementApplication     : Started InventoryManagementApplication in 0.705 seconds (process running for 667.706)
2026-08-15T16:07:51.443Z  INFO 91261 --- [pharmacy-inventory-management] [  restartedMain] .ConditionEvaluationDeltaLoggingListener : Condition evaluation unchanged
2026-08-15T16:07:53.633Z  INFO 91261 --- [pharmacy-inventory-management] [   File Watcher] rtingClassPathChangeChangedEventListener : Restarting due to 56 class path changes (56 additions, 0 deletions, 0 modifications)
2026-08-15T16:07:53.662Z  INFO 91261 --- [pharmacy-inventory-management] [      Thread-14] j.LocalContainerEntityManagerFactoryBean : Closing JPA EntityManagerFactory for persistence unit 'default'
2026-08-15T16:07:53.670Z  WARN 91261 --- [pharmacy-inventory-management] [      Thread-14] o.s.b.f.support.DisposableBeanAdapter    : Invocation of destroy method failed on bean with name 'inMemoryDatabaseShutdownExecutor': org.h2.jdbc.JdbcSQLNonTransientConnectionException: Database is already closed (to disable automatic closing at VM shutdown, add ";DB_CLOSE_ON_EXIT=FALSE" to the db URL) [90121-224]
2026-08-15T16:07:53.671Z  INFO 91261 --- [pharmacy-inventory-management] [      Thread-14] com.zaxxer.hikari.HikariDataSource       : HikariPool-4 - Shutdown initiated...
2026-08-15T16:07:53.678Z  INFO 91261 --- [pharmacy-inventory-management] [      Thread-14] com.zaxxer.hikari.HikariDataSource       : HikariPool-4 - Shutdown completed.

  .   ____          _            __ _ _
 /\\ / ___'_ __ _ _(_)_ __  __ _ \ \ \ \
( ( )\___ | '_ | '_| | '_ \/ _` | \ \ \ \
 \\/  ___)| |_)| | | | | || (_| |  ) ) ) )
  '  |____| .__|_| |_|_| |_\__, | / / / /
 =========|_|==============|___/=/_/_/_/
 :: Spring Boot ::                (v3.2.0)

2026-08-15T16:07:54.032Z  INFO 91261 --- [pharmacy-inventory-management] [  restartedMain] c.p.i.InventoryManagementApplication     : Starting InventoryManagementApplication using Java 21.0.10 with PID 91261 (/app/target/classes started by jules in /app)
2026-08-15T16:07:54.038Z DEBUG 91261 --- [pharmacy-inventory-management] [  restartedMain] c.p.i.InventoryManagementApplication     : Running with Spring Boot v3.2.0, Spring v6.1.1
2026-08-15T16:07:54.038Z  INFO 91261 --- [pharmacy-inventory-management] [  restartedMain] c.p.i.InventoryManagementApplication     : No active profile set, falling back to 1 default profile: "default"
2026-08-15T16:07:54.532Z  INFO 91261 --- [pharmacy-inventory-management] [  restartedMain] .s.d.r.c.RepositoryConfigurationDelegate : Bootstrapping Spring Data JPA repositories in DEFAULT mode.
2026-08-15T16:07:54.575Z  INFO 91261 --- [pharmacy-inventory-management] [  restartedMain] .s.d.r.c.RepositoryConfigurationDelegate : Finished Spring Data repository scanning in 42 ms. Found 6 JPA repository interfaces.
2026-08-15T16:07:54.784Z  INFO 91261 --- [pharmacy-inventory-management] [  restartedMain] o.s.b.w.embedded.tomcat.TomcatWebServer  : Tomcat initialized with port 8088 (http)
2026-08-15T16:07:54.785Z  INFO 91261 --- [pharmacy-inventory-management] [  restartedMain] o.apache.catalina.core.StandardService   : Starting service [Tomcat]
2026-08-15T16:07:54.786Z  INFO 91261 --- [pharmacy-inventory-management] [  restartedMain] o.apache.catalina.core.StandardEngine    : Starting Servlet engine: [Apache Tomcat/10.1.16]
2026-08-15T16:07:54.802Z  INFO 91261 --- [pharmacy-inventory-management] [  restartedMain] o.a.c.c.C.[Tomcat].[localhost].[/]       : Initializing Spring embedded WebApplicationContext
2026-08-15T16:07:54.802Z  INFO 91261 --- [pharmacy-inventory-management] [  restartedMain] w.s.c.ServletWebServerApplicationContext : Root WebApplicationContext: initialization completed in 749 ms
2026-08-15T16:07:54.820Z  INFO 91261 --- [pharmacy-inventory-management] [  restartedMain] com.zaxxer.hikari.HikariDataSource       : HikariPool-5 - Starting...
2026-08-15T16:07:54.828Z  INFO 91261 --- [pharmacy-inventory-management] [  restartedMain] com.zaxxer.hikari.pool.HikariPool        : HikariPool-5 - Added connection conn40: url=jdbc:h2:mem:pharmacydb user=SA
2026-08-15T16:07:54.828Z  INFO 91261 --- [pharmacy-inventory-management] [  restartedMain] com.zaxxer.hikari.HikariDataSource       : HikariPool-5 - Start completed.
2026-08-15T16:07:54.828Z  INFO 91261 --- [pharmacy-inventory-management] [  restartedMain] o.s.b.a.h2.H2ConsoleAutoConfiguration    : H2 console available at '/h2-console'. Database available at 'jdbc:h2:mem:pharmacydb'
2026-08-15T16:07:54.859Z  INFO 91261 --- [pharmacy-inventory-management] [  restartedMain] o.hibernate.jpa.internal.util.LogHelper  : HHH000204: Processing PersistenceUnitInfo [name: default]
2026-08-15T16:07:54.864Z  INFO 91261 --- [pharmacy-inventory-management] [  restartedMain] o.h.c.internal.RegionFactoryInitiator    : HHH000026: Second-level cache disabled
2026-08-15T16:07:54.868Z  INFO 91261 --- [pharmacy-inventory-management] [  restartedMain] o.s.o.j.p.SpringPersistenceUnitInfo      : No LoadTimeWeaver setup: ignoring JPA class transformer
2026-08-15T16:07:54.869Z  WARN 91261 --- [pharmacy-inventory-management] [  restartedMain] org.hibernate.orm.deprecation            : HHH90000025: H2Dialect does not need to be specified explicitly using 'hibernate.dialect' (remove the property setting and it will be selected by default)
2026-08-15T16:07:55.118Z  INFO 91261 --- [pharmacy-inventory-management] [  restartedMain] o.h.e.t.j.p.i.JtaPlatformInitiator       : HHH000489: No JTA platform available (set 'hibernate.transaction.jta.platform' to enable JTA platform integration)
Hibernate:
    drop table if exists categories cascade
Hibernate:
    drop table if exists medications cascade
Hibernate:
    drop table if exists sales cascade
Hibernate:
    drop table if exists suppliers cascade
Hibernate:
    drop table if exists users cascade
Hibernate:
    create table categories (
        created_at timestamp(6),
        id bigint generated by default as identity,
        updated_at timestamp(6),
        description varchar(500),
        name varchar(255) not null unique,
        primary key (id)
    )
Hibernate:
    create table medications (
        expiration_date date,
        is_deleted boolean,
        low_stock_threshold integer,
        price numeric(10,2) not null,
        quantity integer not null,
        category_id bigint,
        created_at timestamp(6),
        id bigint generated by default as identity,
        supplier_id bigint,
        updated_at timestamp(6),
        description varchar(1000),
        batch_number varchar(255),
        manufacturer varchar(255),
        name varchar(255) not null,
        type varchar(255),
        primary key (id)
    )
Hibernate:
    create table sales (
        cost_price numeric(10,2),
        quantity integer not null,
        sale_date date not null,
        total_price numeric(10,2) not null,
        unit_price numeric(10,2) not null,
        created_at timestamp(6),
        id bigint generated by default as identity,
        medication_id bigint not null,
        primary key (id)
    )
Hibernate:
    create table suppliers (
        active boolean default true not null,
        created_at timestamp(6),
        id bigint generated by default as identity,
        updated_at timestamp(6),
        address varchar(500),
        contact_person varchar(255),
        email varchar(255) not null unique,
        name varchar(255) not null,
        phone varchar(255) not null,
        primary key (id)
    )
Hibernate:
    create table users (
        created_at timestamp(6),
        id bigint generated by default as identity,
        email varchar(255) not null unique,
        full_name varchar(255) not null,
        password varchar(255) not null,
        role varchar(255) not null,
        primary key (id)
    )
Hibernate:
    alter table if exists medications
       add constraint FKmf1t7pw4h0df5jr8gld0uf05k
       foreign key (category_id)
       references categories
Hibernate:
    alter table if exists medications
       add constraint FK94rldjohkfmifdk13m2i03g70
       foreign key (supplier_id)
       references suppliers
Hibernate:
    alter table if exists sales
       add constraint FKaawj0sejy9oq9li56m5hum7tp
       foreign key (medication_id)
       references medications
2026-08-15T16:07:55.133Z  INFO 91261 --- [pharmacy-inventory-management] [  restartedMain] j.LocalContainerEntityManagerFactoryBean : Initialized JPA EntityManagerFactory for persistence unit 'default'
2026-08-15T16:07:55.838Z  WARN 91261 --- [pharmacy-inventory-management] [  restartedMain] JpaBaseConfiguration$JpaWebConfiguration : spring.jpa.open-in-view is enabled by default. Therefore, database queries may be performed during view rendering. Explicitly configure spring.jpa.open-in-view to disable this warning
2026-08-15T16:07:55.847Z  INFO 91261 --- [pharmacy-inventory-management] [  restartedMain] o.s.b.a.w.s.WelcomePageHandlerMapping    : Adding welcome page: class path resource [static/index.html]
2026-08-15T16:07:55.964Z  WARN 91261 --- [pharmacy-inventory-management] [  restartedMain] o.s.b.d.a.OptionalLiveReloadServer       : Unable to start LiveReload server
2026-08-15T16:07:55.979Z  INFO 91261 --- [pharmacy-inventory-management] [  restartedMain] o.s.b.w.embedded.tomcat.TomcatWebServer  : Tomcat started on port 8088 (http) with context path ''
2026-08-15T16:07:55.984Z  INFO 91261 --- [pharmacy-inventory-management] [  restartedMain] c.p.i.InventoryManagementApplication     : Started InventoryManagementApplication in 2.081 seconds (process running for 672.252)
2026-08-15T16:07:55.986Z  INFO 91261 --- [pharmacy-inventory-management] [  restartedMain] .ConditionEvaluationDeltaLoggingListener : Condition evaluation unchanged
2026-08-15T16:34:19.511Z  INFO 91261 --- [pharmacy-inventory-management] [   File Watcher] rtingClassPathChangeChangedEventListener : Restarting due to 58 class path changes (0 additions, 56 deletions, 2 modifications)
2026-08-15T16:34:19.840Z  INFO 91261 --- [pharmacy-inventory-management] [      Thread-18] j.LocalContainerEntityManagerFactoryBean : Closing JPA EntityManagerFactory for persistence unit 'default'
Hibernate:
    drop table if exists categories cascade
Hibernate:
    drop table if exists medications cascade
Hibernate:
    drop table if exists sales cascade
Hibernate:
    drop table if exists suppliers cascade
Hibernate:
    drop table if exists users cascade
2026-08-15T16:34:20.040Z  WARN 91261 --- [pharmacy-inventory-management] [      Thread-18] o.s.b.f.support.DisposableBeanAdapter    : Invocation of destroy method failed on bean with name 'inMemoryDatabaseShutdownExecutor': org.h2.jdbc.JdbcSQLNonTransientConnectionException: Database is already closed (to disable automatic closing at VM shutdown, add ";DB_CLOSE_ON_EXIT=FALSE" to the db URL) [90121-224]
2026-08-15T16:34:20.043Z  INFO 91261 --- [pharmacy-inventory-management] [      Thread-18] com.zaxxer.hikari.HikariDataSource       : HikariPool-5 - Shutdown initiated...
2026-08-15T16:34:20.063Z  INFO 91261 --- [pharmacy-inventory-management] [      Thread-18] com.zaxxer.hikari.HikariDataSource       : HikariPool-5 - Shutdown completed.

  .   ____          _            __ _ _
 /\\ / ___'_ __ _ _(_)_ __  __ _ \ \ \ \
( ( )\___ | '_ | '_| | '_ \/ _` | \ \ \ \
 \\/  ___)| |_)| | | | | || (_| |  ) ) ) )
  '  |____| .__|_| |_|_| |_\__, | / / / /
 =========|_|==============|___/=/_/_/_/
 :: Spring Boot ::                (v3.2.0)

2026-08-15T16:34:22.908Z  INFO 91261 --- [pharmacy-inventory-management] [  restartedMain] c.p.i.InventoryManagementApplication     : Starting InventoryManagementApplication using Java 21.0.10 with PID 91261 (/app/target/classes started by jules in /app)
2026-08-15T16:34:22.910Z DEBUG 91261 --- [pharmacy-inventory-management] [  restartedMain] c.p.i.InventoryManagementApplication     : Running with Spring Boot v3.2.0, Spring v6.1.1
2026-08-15T16:34:22.911Z  INFO 91261 --- [pharmacy-inventory-management] [  restartedMain] c.p.i.InventoryManagementApplication     : No active profile set, falling back to 1 default profile: "default"
2026-08-15T16:34:23.420Z  INFO 91261 --- [pharmacy-inventory-management] [  restartedMain] .s.d.r.c.RepositoryConfigurationDelegate : Bootstrapping Spring Data JPA repositories in DEFAULT mode.
2026-08-15T16:34:23.481Z  INFO 91261 --- [pharmacy-inventory-management] [  restartedMain] .s.d.r.c.RepositoryConfigurationDelegate : Finished Spring Data repository scanning in 58 ms. Found 6 JPA repository interfaces.
2026-08-15T16:34:23.875Z  INFO 91261 --- [pharmacy-inventory-management] [  restartedMain] o.s.b.w.embedded.tomcat.TomcatWebServer  : Tomcat initialized with port 8088 (http)
2026-08-15T16:34:23.878Z  INFO 91261 --- [pharmacy-inventory-management] [  restartedMain] o.apache.catalina.core.StandardService   : Starting service [Tomcat]
2026-08-15T16:34:23.878Z  INFO 91261 --- [pharmacy-inventory-management] [  restartedMain] o.apache.catalina.core.StandardEngine    : Starting Servlet engine: [Apache Tomcat/10.1.16]
2026-08-15T16:34:23.905Z  INFO 91261 --- [pharmacy-inventory-management] [  restartedMain] o.a.c.c.C.[Tomcat].[localhost].[/]       : Initializing Spring embedded WebApplicationContext
2026-08-15T16:34:23.906Z  INFO 91261 --- [pharmacy-inventory-management] [  restartedMain] w.s.c.ServletWebServerApplicationContext : Root WebApplicationContext: initialization completed in 977 ms
2026-08-15T16:34:23.947Z  INFO 91261 --- [pharmacy-inventory-management] [  restartedMain] com.zaxxer.hikari.HikariDataSource       : HikariPool-6 - Starting...
2026-08-15T16:34:23.968Z  INFO 91261 --- [pharmacy-inventory-management] [  restartedMain] com.zaxxer.hikari.pool.HikariPool        : HikariPool-6 - Added connection conn50: url=jdbc:h2:mem:pharmacydb user=SA
2026-08-15T16:34:23.969Z  INFO 91261 --- [pharmacy-inventory-management] [  restartedMain] com.zaxxer.hikari.HikariDataSource       : HikariPool-6 - Start completed.
2026-08-15T16:34:23.970Z  INFO 91261 --- [pharmacy-inventory-management] [  restartedMain] o.s.b.a.h2.H2ConsoleAutoConfiguration    : H2 console available at '/h2-console'. Database available at 'jdbc:h2:mem:pharmacydb'
2026-08-15T16:34:24.057Z  INFO 91261 --- [pharmacy-inventory-management] [  restartedMain] o.hibernate.jpa.internal.util.LogHelper  : HHH000204: Processing PersistenceUnitInfo [name: default]
2026-08-15T16:34:24.068Z  INFO 91261 --- [pharmacy-inventory-management] [  restartedMain] o.h.c.internal.RegionFactoryInitiator    : HHH000026: Second-level cache disabled
2026-08-15T16:34:24.088Z  INFO 91261 --- [pharmacy-inventory-management] [  restartedMain] o.s.o.j.p.SpringPersistenceUnitInfo      : No LoadTimeWeaver setup: ignoring JPA class transformer
2026-08-15T16:34:24.098Z  WARN 91261 --- [pharmacy-inventory-management] [  restartedMain] org.hibernate.orm.deprecation            : HHH90000025: H2Dialect does not need to be specified explicitly using 'hibernate.dialect' (remove the property setting and it will be selected by default)
2026-08-15T16:34:24.642Z  INFO 91261 --- [pharmacy-inventory-management] [  restartedMain] o.h.e.t.j.p.i.JtaPlatformInitiator       : HHH000489: No JTA platform available (set 'hibernate.transaction.jta.platform' to enable JTA platform integration)
Hibernate:
    drop table if exists categories cascade
Hibernate:
    drop table if exists medications cascade
Hibernate:
    drop table if exists sales cascade
Hibernate:
    drop table if exists suppliers cascade
Hibernate:
    drop table if exists users cascade
Hibernate:
    create table categories (
        created_at timestamp(6),
        id bigint generated by default as identity,
        updated_at timestamp(6),
        description varchar(500),
        name varchar(255) not null unique,
        primary key (id)
    )
Hibernate:
    create table medications (
        expiration_date date,
        is_deleted boolean,
        low_stock_threshold integer,
        price numeric(10,2) not null,
        quantity integer not null,
        category_id bigint,
        created_at timestamp(6),
        id bigint generated by default as identity,
        supplier_id bigint,
        updated_at timestamp(6),
        description varchar(1000),
        batch_number varchar(255),
        manufacturer varchar(255),
        name varchar(255) not null,
        type varchar(255),
        primary key (id)
    )
Hibernate:
    create table sales (
        cost_price numeric(10,2),
        quantity integer not null,
        sale_date date not null,
        total_price numeric(10,2) not null,
        unit_price numeric(10,2) not null,
        created_at timestamp(6),
        id bigint generated by default as identity,
        medication_id bigint not null,
        primary key (id)
    )
Hibernate:
    create table suppliers (
        active boolean default true not null,
        created_at timestamp(6),
        id bigint generated by default as identity,
        updated_at timestamp(6),
        address varchar(500),
        contact_person varchar(255),
        email varchar(255) not null unique,
        name varchar(255) not null,
        phone varchar(255) not null,
        primary key (id)
    )
Hibernate:
    create table users (
        created_at timestamp(6),
        id bigint generated by default as identity,
        email varchar(255) not null unique,
        full_name varchar(255) not null,
        password varchar(255) not null,
        role varchar(255) not null,
        primary key (id)
    )
Hibernate:
    alter table if exists medications
       add constraint FKmf1t7pw4h0df5jr8gld0uf05k
       foreign key (category_id)
       references categories
Hibernate:
    alter table if exists medications
       add constraint FK94rldjohkfmifdk13m2i03g70
       foreign key (supplier_id)
       references suppliers
Hibernate:
    alter table if exists sales
       add constraint FKaawj0sejy9oq9li56m5hum7tp
       foreign key (medication_id)
       references medications
2026-08-15T16:34:24.689Z  INFO 91261 --- [pharmacy-inventory-management] [  restartedMain] j.LocalContainerEntityManagerFactoryBean : Initialized JPA EntityManagerFactory for persistence unit 'default'
2026-08-15T16:34:25.442Z  WARN 91261 --- [pharmacy-inventory-management] [  restartedMain] ConfigServletWebServerApplicationContext : Exception encountered during context initialization - cancelling refresh attempt: org.springframework.beans.factory.UnsatisfiedDependencyException: Error creating bean with name 'supplierController': Unsatisfied dependency expressed through field 'supplierService': No qualifying bean of type 'com.pharmacy.inventory.service.SupplierService' available: expected at least 1 bean which qualifies as autowire candidate. Dependency annotations: {@org.springframework.beans.factory.annotation.Autowired(required=true)}
2026-08-15T16:34:25.443Z  INFO 91261 --- [pharmacy-inventory-management] [  restartedMain] j.LocalContainerEntityManagerFactoryBean : Closing JPA EntityManagerFactory for persistence unit 'default'
Hibernate:
    drop table if exists categories cascade
Hibernate:
    drop table if exists medications cascade
Hibernate:
    drop table if exists sales cascade
Hibernate:
    drop table if exists suppliers cascade
Hibernate:
    drop table if exists users cascade
2026-08-15T16:34:25.450Z  WARN 91261 --- [pharmacy-inventory-management] [  restartedMain] o.s.b.f.support.DisposableBeanAdapter    : Invocation of destroy method failed on bean with name 'inMemoryDatabaseShutdownExecutor': org.h2.jdbc.JdbcSQLNonTransientConnectionException: Database is already closed (to disable automatic closing at VM shutdown, add ";DB_CLOSE_ON_EXIT=FALSE" to the db URL) [90121-224]
2026-08-15T16:34:25.450Z  INFO 91261 --- [pharmacy-inventory-management] [  restartedMain] com.zaxxer.hikari.HikariDataSource       : HikariPool-6 - Shutdown initiated...
2026-08-15T16:34:25.454Z  INFO 91261 --- [pharmacy-inventory-management] [  restartedMain] com.zaxxer.hikari.HikariDataSource       : HikariPool-6 - Shutdown completed.
2026-08-15T16:34:25.456Z  INFO 91261 --- [pharmacy-inventory-management] [  restartedMain] o.apache.catalina.core.StandardService   : Stopping service [Tomcat]
2026-08-15T16:34:25.478Z  INFO 91261 --- [pharmacy-inventory-management] [  restartedMain] .s.b.a.l.ConditionEvaluationReportLogger :

Error starting ApplicationContext. To display the condition evaluation report re-run your application with 'debug' enabled.
2026-08-15T16:34:25.565Z ERROR 91261 --- [pharmacy-inventory-management] [  restartedMain] o.s.b.d.LoggingFailureAnalysisReporter   :

***************************
APPLICATION FAILED TO START
***************************

Description:

Field supplierService in com.pharmacy.inventory.controller.SupplierController required a bean of type 'com.pharmacy.inventory.service.SupplierService' that could not be found.

The injection point has the following annotations:
	- @org.springframework.beans.factory.annotation.Autowired(required=true)


Action:

Consider defining a bean of type 'com.pharmacy.inventory.service.SupplierService' in your configuration.


  .   ____          _            __ _ _
 /\\ / ___'_ __ _ _(_)_ __  __ _ \ \ \ \
( ( )\___ | '_ | '_| | '_ \/ _` | \ \ \ \
 \\/  ___)| |_)| | | | | || (_| |  ) ) ) )
  '  |____| .__|_| |_|_| |_\__, | / / / /
 =========|_|==============|___/=/_/_/_/
 :: Spring Boot ::                (v3.2.0)

2026-08-15T16:34:27.012Z  INFO 91261 --- [pharmacy-inventory-management] [  restartedMain] c.p.i.InventoryManagementApplication     : Starting InventoryManagementApplication using Java 21.0.10 with PID 91261 (/app/target/classes started by jules in /app)
2026-08-15T16:34:27.012Z DEBUG 91261 --- [pharmacy-inventory-management] [  restartedMain] c.p.i.InventoryManagementApplication     : Running with Spring Boot v3.2.0, Spring v6.1.1
2026-08-15T16:34:27.012Z  INFO 91261 --- [pharmacy-inventory-management] [  restartedMain] c.p.i.InventoryManagementApplication     : No active profile set, falling back to 1 default profile: "default"
2026-08-15T16:34:27.215Z  INFO 91261 --- [pharmacy-inventory-management] [  restartedMain] .s.d.r.c.RepositoryConfigurationDelegate : Bootstrapping Spring Data JPA repositories in DEFAULT mode.
2026-08-15T16:34:27.235Z  INFO 91261 --- [pharmacy-inventory-management] [  restartedMain] .s.d.r.c.RepositoryConfigurationDelegate : Finished Spring Data repository scanning in 19 ms. Found 6 JPA repository interfaces.
2026-08-15T16:34:27.333Z  INFO 91261 --- [pharmacy-inventory-management] [  restartedMain] o.s.b.w.embedded.tomcat.TomcatWebServer  : Tomcat initialized with port 8088 (http)
2026-08-15T16:34:27.336Z  INFO 91261 --- [pharmacy-inventory-management] [  restartedMain] o.apache.catalina.core.StandardService   : Starting service [Tomcat]
2026-08-15T16:34:27.336Z  INFO 91261 --- [pharmacy-inventory-management] [  restartedMain] o.apache.catalina.core.StandardEngine    : Starting Servlet engine: [Apache Tomcat/10.1.16]
2026-08-15T16:34:27.346Z  INFO 91261 --- [pharmacy-inventory-management] [  restartedMain] o.a.c.c.C.[Tomcat-1].[localhost].[/]     : Initializing Spring embedded WebApplicationContext
2026-08-15T16:34:27.346Z  INFO 91261 --- [pharmacy-inventory-management] [  restartedMain] w.s.c.ServletWebServerApplicationContext : Root WebApplicationContext: initialization completed in 331 ms
2026-08-15T16:34:27.362Z  INFO 91261 --- [pharmacy-inventory-management] [  restartedMain] com.zaxxer.hikari.HikariDataSource       : HikariPool-7 - Starting...
2026-08-15T16:34:27.366Z  INFO 91261 --- [pharmacy-inventory-management] [  restartedMain] com.zaxxer.hikari.pool.HikariPool        : HikariPool-7 - Added connection conn60: url=jdbc:h2:mem:pharmacydb user=SA
2026-08-15T16:34:27.366Z  INFO 91261 --- [pharmacy-inventory-management] [  restartedMain] com.zaxxer.hikari.HikariDataSource       : HikariPool-7 - Start completed.
2026-08-15T16:34:27.366Z  INFO 91261 --- [pharmacy-inventory-management] [  restartedMain] o.s.b.a.h2.H2ConsoleAutoConfiguration    : H2 console available at '/h2-console'. Database available at 'jdbc:h2:mem:pharmacydb'
2026-08-15T16:34:27.394Z  INFO 91261 --- [pharmacy-inventory-management] [  restartedMain] o.hibernate.jpa.internal.util.LogHelper  : HHH000204: Processing PersistenceUnitInfo [name: default]
2026-08-15T16:34:27.397Z  INFO 91261 --- [pharmacy-inventory-management] [  restartedMain] o.h.c.internal.RegionFactoryInitiator    : HHH000026: Second-level cache disabled
2026-08-15T16:34:27.399Z  INFO 91261 --- [pharmacy-inventory-management] [  restartedMain] o.s.o.j.p.SpringPersistenceUnitInfo      : No LoadTimeWeaver setup: ignoring JPA class transformer
2026-08-15T16:34:27.400Z  WARN 91261 --- [pharmacy-inventory-management] [  restartedMain] org.hibernate.orm.deprecation            : HHH90000025: H2Dialect does not need to be specified explicitly using 'hibernate.dialect' (remove the property setting and it will be selected by default)
2026-08-15T16:34:27.634Z  INFO 91261 --- [pharmacy-inventory-management] [  restartedMain] o.h.e.t.j.p.i.JtaPlatformInitiator       : HHH000489: No JTA platform available (set 'hibernate.transaction.jta.platform' to enable JTA platform integration)
Hibernate:
    drop table if exists categories cascade
Hibernate:
    drop table if exists medications cascade
Hibernate:
    drop table if exists sales cascade
Hibernate:
    drop table if exists suppliers cascade
Hibernate:
    drop table if exists users cascade
Hibernate:
    create table categories (
        created_at timestamp(6),
        id bigint generated by default as identity,
        updated_at timestamp(6),
        description varchar(500),
        name varchar(255) not null unique,
        primary key (id)
    )
Hibernate:
    create table medications (
        expiration_date date,
        is_deleted boolean,
        low_stock_threshold integer,
        price numeric(10,2) not null,
        quantity integer not null,
        category_id bigint,
        created_at timestamp(6),
        id bigint generated by default as identity,
        supplier_id bigint,
        updated_at timestamp(6),
        description varchar(1000),
        batch_number varchar(255),
        manufacturer varchar(255),
        name varchar(255) not null,
        type varchar(255),
        primary key (id)
    )
Hibernate:
    create table sales (
        cost_price numeric(10,2),
        quantity integer not null,
        sale_date date not null,
        total_price numeric(10,2) not null,
        unit_price numeric(10,2) not null,
        created_at timestamp(6),
        id bigint generated by default as identity,
        medication_id bigint not null,
        primary key (id)
    )
Hibernate:
    create table suppliers (
        active boolean default true not null,
        created_at timestamp(6),
        id bigint generated by default as identity,
        updated_at timestamp(6),
        address varchar(500),
        contact_person varchar(255),
        email varchar(255) not null unique,
        name varchar(255) not null,
        phone varchar(255) not null,
        primary key (id)
    )
Hibernate:
    create table users (
        created_at timestamp(6),
        id bigint generated by default as identity,
        email varchar(255) not null unique,
        full_name varchar(255) not null,
        password varchar(255) not null,
        role varchar(255) not null,
        primary key (id)
    )
Hibernate:
    alter table if exists medications
       add constraint FKmf1t7pw4h0df5jr8gld0uf05k
       foreign key (category_id)
       references categories
Hibernate:
    alter table if exists medications
       add constraint FK94rldjohkfmifdk13m2i03g70
       foreign key (supplier_id)
       references suppliers
Hibernate:
    alter table if exists sales
       add constraint FKaawj0sejy9oq9li56m5hum7tp
       foreign key (medication_id)
       references medications
2026-08-15T16:34:27.649Z  INFO 91261 --- [pharmacy-inventory-management] [  restartedMain] j.LocalContainerEntityManagerFactoryBean : Initialized JPA EntityManagerFactory for persistence unit 'default'
2026-08-15T16:34:28.210Z  WARN 91261 --- [pharmacy-inventory-management] [  restartedMain] JpaBaseConfiguration$JpaWebConfiguration : spring.jpa.open-in-view is enabled by default. Therefore, database queries may be performed during view rendering. Explicitly configure spring.jpa.open-in-view to disable this warning
2026-08-15T16:34:28.223Z  INFO 91261 --- [pharmacy-inventory-management] [  restartedMain] o.s.b.a.w.s.WelcomePageHandlerMapping    : Adding welcome page: class path resource [static/index.html]
2026-08-15T16:34:28.391Z  WARN 91261 --- [pharmacy-inventory-management] [  restartedMain] o.s.b.d.a.OptionalLiveReloadServer       : Unable to start LiveReload server
2026-08-15T16:34:28.411Z  INFO 91261 --- [pharmacy-inventory-management] [  restartedMain] o.s.b.w.embedded.tomcat.TomcatWebServer  : Tomcat started on port 8088 (http) with context path ''
2026-08-15T16:34:28.415Z  INFO 91261 --- [pharmacy-inventory-management] [  restartedMain] c.p.i.InventoryManagementApplication     : Started InventoryManagementApplication in 1.426 seconds (process running for 1159.507)
2026-08-15T16:34:28.416Z  INFO 91261 --- [pharmacy-inventory-management] [  restartedMain] .ConditionEvaluationDeltaLoggingListener : Condition evaluation unchanged
2026-08-15T16:35:04.869Z  INFO 91261 --- [pharmacy-inventory-management] [   File Watcher] rtingClassPathChangeChangedEventListener : Restarting due to 62 class path changes (0 additions, 56 deletions, 6 modifications)
2026-08-15T16:35:04.891Z  INFO 91261 --- [pharmacy-inventory-management] [      Thread-22] j.LocalContainerEntityManagerFactoryBean : Closing JPA EntityManagerFactory for persistence unit 'default'
Hibernate:
    drop table if exists categories cascade
Hibernate:
    drop table if exists medications cascade
Hibernate:
    drop table if exists sales cascade
Hibernate:
    drop table if exists suppliers cascade
Hibernate:
    drop table if exists users cascade
2026-08-15T16:35:04.903Z  WARN 91261 --- [pharmacy-inventory-management] [      Thread-22] o.s.b.f.support.DisposableBeanAdapter    : Invocation of destroy method failed on bean with name 'inMemoryDatabaseShutdownExecutor': org.h2.jdbc.JdbcSQLNonTransientConnectionException: Database is already closed (to disable automatic closing at VM shutdown, add ";DB_CLOSE_ON_EXIT=FALSE" to the db URL) [90121-224]
2026-08-15T16:35:04.903Z  INFO 91261 --- [pharmacy-inventory-management] [      Thread-22] com.zaxxer.hikari.HikariDataSource       : HikariPool-7 - Shutdown initiated...
2026-08-15T16:35:04.905Z  INFO 91261 --- [pharmacy-inventory-management] [      Thread-22] com.zaxxer.hikari.HikariDataSource       : HikariPool-7 - Shutdown completed.

  .   ____          _            __ _ _
 /\\ / ___'_ __ _ _(_)_ __  __ _ \ \ \ \
( ( )\___ | '_ | '_| | '_ \/ _` | \ \ \ \
 \\/  ___)| |_)| | | | | || (_| |  ) ) ) )
  '  |____| .__|_| |_|_| |_\__, | / / / /
 =========|_|==============|___/=/_/_/_/
 :: Spring Boot ::                (v3.2.0)

2026-08-15T16:35:05.146Z  INFO 91261 --- [pharmacy-inventory-management] [  restartedMain] c.p.i.InventoryManagementApplication     : Starting InventoryManagementApplication using Java 21.0.10 with PID 91261 (/app/target/classes started by jules in /app)
2026-08-15T16:35:05.147Z DEBUG 91261 --- [pharmacy-inventory-management] [  restartedMain] c.p.i.InventoryManagementApplication     : Running with Spring Boot v3.2.0, Spring v6.1.1
2026-08-15T16:35:05.147Z  INFO 91261 --- [pharmacy-inventory-management] [  restartedMain] c.p.i.InventoryManagementApplication     : No active profile set, falling back to 1 default profile: "default"
2026-08-15T16:35:05.307Z  INFO 91261 --- [pharmacy-inventory-management] [  restartedMain] .s.d.r.c.RepositoryConfigurationDelegate : Bootstrapping Spring Data JPA repositories in DEFAULT mode.
2026-08-15T16:35:05.322Z  INFO 91261 --- [pharmacy-inventory-management] [  restartedMain] .s.d.r.c.RepositoryConfigurationDelegate : Finished Spring Data repository scanning in 14 ms. Found 1 JPA repository interface.
2026-08-15T16:35:05.366Z  WARN 91261 --- [pharmacy-inventory-management] [  restartedMain] ConfigServletWebServerApplicationContext : Exception encountered during context initialization - cancelling refresh attempt: java.lang.NullPointerException: Cannot read field "generatedClass" because "data" is null
2026-08-15T16:35:05.375Z  INFO 91261 --- [pharmacy-inventory-management] [  restartedMain] .s.b.a.l.ConditionEvaluationReportLogger :

Error starting ApplicationContext. To display the condition evaluation report re-run your application with 'debug' enabled.
2026-08-15T16:35:05.377Z ERROR 91261 --- [pharmacy-inventory-management] [  restartedMain] o.s.boot.SpringApplication               : Application run failed

java.lang.NullPointerException: Cannot read field "generatedClass" because "data" is null
	at org.springframework.cglib.proxy.Enhancer.nextInstance(Enhancer.java:783) ~[spring-core-6.1.1.jar:6.1.1]
	at org.springframework.cglib.core.AbstractClassGenerator.create(AbstractClassGenerator.java:321) ~[spring-core-6.1.1.jar:6.1.1]
	at org.springframework.cglib.proxy.Enhancer.createHelper(Enhancer.java:562) ~[spring-core-6.1.1.jar:6.1.1]
	at org.springframework.cglib.proxy.Enhancer.createClass(Enhancer.java:407) ~[spring-core-6.1.1.jar:6.1.1]
	at org.springframework.context.annotation.ConfigurationClassEnhancer.createClass(ConfigurationClassEnhancer.java:138) ~[spring-context-6.1.1.jar:6.1.1]
	at org.springframework.context.annotation.ConfigurationClassEnhancer.enhance(ConfigurationClassEnhancer.java:109) ~[spring-context-6.1.1.jar:6.1.1]
	at org.springframework.context.annotation.ConfigurationClassPostProcessor.enhanceConfigurationClasses(ConfigurationClassPostProcessor.java:533) ~[spring-context-6.1.1.jar:6.1.1]
	at org.springframework.context.annotation.ConfigurationClassPostProcessor.postProcessBeanFactory(ConfigurationClassPostProcessor.java:310) ~[spring-context-6.1.1.jar:6.1.1]
	at org.springframework.context.support.PostProcessorRegistrationDelegate.invokeBeanFactoryPostProcessors(PostProcessorRegistrationDelegate.java:363) ~[spring-context-6.1.1.jar:6.1.1]
	at org.springframework.context.support.PostProcessorRegistrationDelegate.invokeBeanFactoryPostProcessors(PostProcessorRegistrationDelegate.java:153) ~[spring-context-6.1.1.jar:6.1.1]
	at org.springframework.context.support.AbstractApplicationContext.invokeBeanFactoryPostProcessors(AbstractApplicationContext.java:775) ~[spring-context-6.1.1.jar:6.1.1]
	at org.springframework.context.support.AbstractApplicationContext.refresh(AbstractApplicationContext.java:597) ~[spring-context-6.1.1.jar:6.1.1]
	at org.springframework.boot.web.servlet.context.ServletWebServerApplicationContext.refresh(ServletWebServerApplicationContext.java:146) ~[spring-boot-3.2.0.jar:3.2.0]
	at org.springframework.boot.SpringApplication.refresh(SpringApplication.java:753) ~[spring-boot-3.2.0.jar:3.2.0]
	at org.springframework.boot.SpringApplication.refreshContext(SpringApplication.java:455) ~[spring-boot-3.2.0.jar:3.2.0]
	at org.springframework.boot.SpringApplication.run(SpringApplication.java:323) ~[spring-boot-3.2.0.jar:3.2.0]
	at org.springframework.boot.SpringApplication.run(SpringApplication.java:1342) ~[spring-boot-3.2.0.jar:3.2.0]
	at org.springframework.boot.SpringApplication.run(SpringApplication.java:1331) ~[spring-boot-3.2.0.jar:3.2.0]
	at com.pharmacy.inventory.InventoryManagementApplication.main(InventoryManagementApplication.java:10) ~[classes/:na]
	at java.base/jdk.internal.reflect.DirectMethodHandleAccessor.invoke(DirectMethodHandleAccessor.java:103) ~[na:na]
	at java.base/java.lang.reflect.Method.invoke(Method.java:580) ~[na:na]
	at org.springframework.boot.devtools.restart.RestartLauncher.run(RestartLauncher.java:50) ~[spring-boot-devtools-3.2.0.jar:3.2.0]


  .   ____          _            __ _ _
 /\\ / ___'_ __ _ _(_)_ __  __ _ \ \ \ \
( ( )\___ | '_ | '_| | '_ \/ _` | \ \ \ \
 \\/  ___)| |_)| | | | | || (_| |  ) ) ) )
  '  |____| .__|_| |_|_| |_\__, | / / / /
 =========|_|==============|___/=/_/_/_/
 :: Spring Boot ::                (v3.2.0)

2026-08-15T16:35:07.240Z  INFO 91261 --- [pharmacy-inventory-management] [  restartedMain] c.p.i.InventoryManagementApplication     : Starting InventoryManagementApplication using Java 21.0.10 with PID 91261 (/app/target/classes started by jules in /app)
2026-08-15T16:35:07.240Z DEBUG 91261 --- [pharmacy-inventory-management] [  restartedMain] c.p.i.InventoryManagementApplication     : Running with Spring Boot v3.2.0, Spring v6.1.1
2026-08-15T16:35:07.241Z  INFO 91261 --- [pharmacy-inventory-management] [  restartedMain] c.p.i.InventoryManagementApplication     : No active profile set, falling back to 1 default profile: "default"
2026-08-15T16:35:07.463Z  INFO 91261 --- [pharmacy-inventory-management] [  restartedMain] .s.d.r.c.RepositoryConfigurationDelegate : Bootstrapping Spring Data JPA repositories in DEFAULT mode.
2026-08-15T16:35:07.500Z  INFO 91261 --- [pharmacy-inventory-management] [  restartedMain] .s.d.r.c.RepositoryConfigurationDelegate : Finished Spring Data repository scanning in 36 ms. Found 6 JPA repository interfaces.
2026-08-15T16:35:07.664Z  INFO 91261 --- [pharmacy-inventory-management] [  restartedMain] o.s.b.w.embedded.tomcat.TomcatWebServer  : Tomcat initialized with port 8088 (http)
2026-08-15T16:35:07.665Z  INFO 91261 --- [pharmacy-inventory-management] [  restartedMain] o.apache.catalina.core.StandardService   : Starting service [Tomcat]
2026-08-15T16:35:07.665Z  INFO 91261 --- [pharmacy-inventory-management] [  restartedMain] o.apache.catalina.core.StandardEngine    : Starting Servlet engine: [Apache Tomcat/10.1.16]
2026-08-15T16:35:07.688Z  INFO 91261 --- [pharmacy-inventory-management] [  restartedMain] o.a.c.c.C.[Tomcat-1].[localhost].[/]     : Initializing Spring embedded WebApplicationContext
2026-08-15T16:35:07.689Z  INFO 91261 --- [pharmacy-inventory-management] [  restartedMain] w.s.c.ServletWebServerApplicationContext : Root WebApplicationContext: initialization completed in 447 ms
2026-08-15T16:35:07.775Z  INFO 91261 --- [pharmacy-inventory-management] [  restartedMain] com.zaxxer.hikari.HikariDataSource       : HikariPool-8 - Starting...
2026-08-15T16:35:07.791Z  INFO 91261 --- [pharmacy-inventory-management] [  restartedMain] com.zaxxer.hikari.pool.HikariPool        : HikariPool-8 - Added connection conn70: url=jdbc:h2:mem:pharmacydb user=SA
2026-08-15T16:35:07.791Z  INFO 91261 --- [pharmacy-inventory-management] [  restartedMain] com.zaxxer.hikari.HikariDataSource       : HikariPool-8 - Start completed.
2026-08-15T16:35:07.792Z  INFO 91261 --- [pharmacy-inventory-management] [  restartedMain] o.s.b.a.h2.H2ConsoleAutoConfiguration    : H2 console available at '/h2-console'. Database available at 'jdbc:h2:mem:pharmacydb'
2026-08-15T16:35:07.888Z  INFO 91261 --- [pharmacy-inventory-management] [  restartedMain] o.hibernate.jpa.internal.util.LogHelper  : HHH000204: Processing PersistenceUnitInfo [name: default]
2026-08-15T16:35:07.894Z  INFO 91261 --- [pharmacy-inventory-management] [  restartedMain] o.h.c.internal.RegionFactoryInitiator    : HHH000026: Second-level cache disabled
2026-08-15T16:35:07.899Z  INFO 91261 --- [pharmacy-inventory-management] [  restartedMain] o.s.o.j.p.SpringPersistenceUnitInfo      : No LoadTimeWeaver setup: ignoring JPA class transformer
2026-08-15T16:35:07.902Z  WARN 91261 --- [pharmacy-inventory-management] [  restartedMain] org.hibernate.orm.deprecation            : HHH90000025: H2Dialect does not need to be specified explicitly using 'hibernate.dialect' (remove the property setting and it will be selected by default)
2026-08-15T16:35:08.050Z  INFO 91261 --- [pharmacy-inventory-management] [  restartedMain] o.h.e.t.j.p.i.JtaPlatformInitiator       : HHH000489: No JTA platform available (set 'hibernate.transaction.jta.platform' to enable JTA platform integration)
Hibernate:
    drop table if exists categories cascade
Hibernate:
    drop table if exists medications cascade
Hibernate:
    drop table if exists sales cascade
Hibernate:
    drop table if exists suppliers cascade
Hibernate:
    drop table if exists users cascade
Hibernate:
    create table categories (
        created_at timestamp(6),
        id bigint generated by default as identity,
        updated_at timestamp(6),
        description varchar(500),
        name varchar(255) not null unique,
        primary key (id)
    )
Hibernate:
    create table medications (
        expiration_date date,
        is_deleted boolean,
        low_stock_threshold integer,
        price numeric(10,2) not null,
        quantity integer not null,
        category_id bigint,
        created_at timestamp(6),
        id bigint generated by default as identity,
        supplier_id bigint,
        updated_at timestamp(6),
        description varchar(1000),
        batch_number varchar(255),
        manufacturer varchar(255),
        name varchar(255) not null,
        type varchar(255),
        primary key (id)
    )
Hibernate:
    create table sales (
        cost_price numeric(10,2),
        quantity integer not null,
        sale_date date not null,
        total_price numeric(10,2) not null,
        unit_price numeric(10,2) not null,
        created_at timestamp(6),
        id bigint generated by default as identity,
        medication_id bigint not null,
        primary key (id)
    )
Hibernate:
    create table suppliers (
        active boolean default true not null,
        created_at timestamp(6),
        id bigint generated by default as identity,
        updated_at timestamp(6),
        address varchar(500),
        contact_person varchar(255),
        email varchar(255) not null unique,
        name varchar(255) not null,
        phone varchar(255) not null,
        primary key (id)
    )
Hibernate:
    create table users (
        created_at timestamp(6),
        id bigint generated by default as identity,
        email varchar(255) not null unique,
        full_name varchar(255) not null,
        password varchar(255) not null,
        role varchar(255) not null,
        primary key (id)
    )
Hibernate:
    alter table if exists medications
       add constraint FKmf1t7pw4h0df5jr8gld0uf05k
       foreign key (category_id)
       references categories
Hibernate:
    alter table if exists medications
       add constraint FK94rldjohkfmifdk13m2i03g70
       foreign key (supplier_id)
       references suppliers
Hibernate:
    alter table if exists sales
       add constraint FKaawj0sejy9oq9li56m5hum7tp
       foreign key (medication_id)
       references medications
2026-08-15T16:35:08.070Z  INFO 91261 --- [pharmacy-inventory-management] [  restartedMain] j.LocalContainerEntityManagerFactoryBean : Initialized JPA EntityManagerFactory for persistence unit 'default'
2026-08-15T16:35:08.570Z  WARN 91261 --- [pharmacy-inventory-management] [  restartedMain] JpaBaseConfiguration$JpaWebConfiguration : spring.jpa.open-in-view is enabled by default. Therefore, database queries may be performed during view rendering. Explicitly configure spring.jpa.open-in-view to disable this warning
2026-08-15T16:35:08.578Z  INFO 91261 --- [pharmacy-inventory-management] [  restartedMain] o.s.b.a.w.s.WelcomePageHandlerMapping    : Adding welcome page: class path resource [static/index.html]
2026-08-15T16:35:08.682Z  WARN 91261 --- [pharmacy-inventory-management] [  restartedMain] o.s.b.d.a.OptionalLiveReloadServer       : Unable to start LiveReload server
2026-08-15T16:35:08.696Z  INFO 91261 --- [pharmacy-inventory-management] [  restartedMain] o.s.b.w.embedded.tomcat.TomcatWebServer  : Tomcat started on port 8088 (http) with context path ''
2026-08-15T16:35:08.700Z  INFO 91261 --- [pharmacy-inventory-management] [  restartedMain] c.p.i.InventoryManagementApplication     : Started InventoryManagementApplication in 1.49 seconds (process running for 1199.793)
2026-08-15T16:35:08.702Z  INFO 91261 --- [pharmacy-inventory-management] [  restartedMain] .ConditionEvaluationDeltaLoggingListener : Condition evaluation unchanged
2026-08-15T17:27:57.682Z  INFO 91261 --- [pharmacy-inventory-management] [   File Watcher] rtingClassPathChangeChangedEventListener : Restarting due to 2 class path changes (0 additions, 0 deletions, 2 modifications)
2026-08-15T17:27:57.931Z  INFO 91261 --- [pharmacy-inventory-management] [      Thread-29] j.LocalContainerEntityManagerFactoryBean : Closing JPA EntityManagerFactory for persistence unit 'default'
Hibernate:
    drop table if exists categories cascade
Hibernate:
    drop table if exists medications cascade
Hibernate:
    drop table if exists sales cascade
Hibernate:
    drop table if exists suppliers cascade
Hibernate:
    drop table if exists users cascade
2026-08-15T17:27:58.127Z  WARN 91261 --- [pharmacy-inventory-management] [      Thread-29] o.s.b.f.support.DisposableBeanAdapter    : Invocation of destroy method failed on bean with name 'inMemoryDatabaseShutdownExecutor': org.h2.jdbc.JdbcSQLNonTransientConnectionException: Database is already closed (to disable automatic closing at VM shutdown, add ";DB_CLOSE_ON_EXIT=FALSE" to the db URL) [90121-224]
2026-08-15T17:27:58.131Z  INFO 91261 --- [pharmacy-inventory-management] [      Thread-29] com.zaxxer.hikari.HikariDataSource       : HikariPool-8 - Shutdown initiated...
2026-08-15T17:27:58.244Z  INFO 91261 --- [pharmacy-inventory-management] [      Thread-29] com.zaxxer.hikari.HikariDataSource       : HikariPool-8 - Shutdown completed.

  .   ____          _            __ _ _
 /\\ / ___'_ __ _ _(_)_ __  __ _ \ \ \ \
( ( )\___ | '_ | '_| | '_ \/ _` | \ \ \ \
 \\/  ___)| |_)| | | | | || (_| |  ) ) ) )
  '  |____| .__|_| |_|_| |_\__, | / / / /
 =========|_|==============|___/=/_/_/_/
 :: Spring Boot ::                (v3.2.0)

2026-08-15T17:28:00.815Z  INFO 91261 --- [pharmacy-inventory-management] [  restartedMain] c.p.i.InventoryManagementApplication     : Starting InventoryManagementApplication using Java 21.0.10 with PID 91261 (/app/target/classes started by jules in /app)
2026-08-15T17:28:00.817Z DEBUG 91261 --- [pharmacy-inventory-management] [  restartedMain] c.p.i.InventoryManagementApplication     : Running with Spring Boot v3.2.0, Spring v6.1.1
2026-08-15T17:28:00.818Z  INFO 91261 --- [pharmacy-inventory-management] [  restartedMain] c.p.i.InventoryManagementApplication     : No active profile set, falling back to 1 default profile: "default"
2026-08-15T17:28:01.509Z  INFO 91261 --- [pharmacy-inventory-management] [  restartedMain] .s.d.r.c.RepositoryConfigurationDelegate : Bootstrapping Spring Data JPA repositories in DEFAULT mode.
2026-08-15T17:28:01.549Z  INFO 91261 --- [pharmacy-inventory-management] [  restartedMain] .s.d.r.c.RepositoryConfigurationDelegate : Finished Spring Data repository scanning in 37 ms. Found 6 JPA repository interfaces.
2026-08-15T17:28:01.865Z  INFO 91261 --- [pharmacy-inventory-management] [  restartedMain] o.s.b.w.embedded.tomcat.TomcatWebServer  : Tomcat initialized with port 8088 (http)
2026-08-15T17:28:01.868Z  INFO 91261 --- [pharmacy-inventory-management] [  restartedMain] o.apache.catalina.core.StandardService   : Starting service [Tomcat]
2026-08-15T17:28:01.868Z  INFO 91261 --- [pharmacy-inventory-management] [  restartedMain] o.apache.catalina.core.StandardEngine    : Starting Servlet engine: [Apache Tomcat/10.1.16]
2026-08-15T17:28:01.898Z  INFO 91261 --- [pharmacy-inventory-management] [  restartedMain] o.a.c.c.C.[Tomcat-1].[localhost].[/]     : Initializing Spring embedded WebApplicationContext
2026-08-15T17:28:01.899Z  INFO 91261 --- [pharmacy-inventory-management] [  restartedMain] w.s.c.ServletWebServerApplicationContext : Root WebApplicationContext: initialization completed in 1059 ms
2026-08-15T17:28:01.934Z  INFO 91261 --- [pharmacy-inventory-management] [  restartedMain] com.zaxxer.hikari.HikariDataSource       : HikariPool-9 - Starting...
2026-08-15T17:28:01.957Z  INFO 91261 --- [pharmacy-inventory-management] [  restartedMain] com.zaxxer.hikari.pool.HikariPool        : HikariPool-9 - Added connection conn80: url=jdbc:h2:mem:pharmacydb user=SA
2026-08-15T17:28:01.958Z  INFO 91261 --- [pharmacy-inventory-management] [  restartedMain] com.zaxxer.hikari.HikariDataSource       : HikariPool-9 - Start completed.
2026-08-15T17:28:01.959Z  INFO 91261 --- [pharmacy-inventory-management] [  restartedMain] o.s.b.a.h2.H2ConsoleAutoConfiguration    : H2 console available at '/h2-console'. Database available at 'jdbc:h2:mem:pharmacydb'
2026-08-15T17:28:02.047Z  INFO 91261 --- [pharmacy-inventory-management] [  restartedMain] o.hibernate.jpa.internal.util.LogHelper  : HHH000204: Processing PersistenceUnitInfo [name: default]
2026-08-15T17:28:02.062Z  INFO 91261 --- [pharmacy-inventory-management] [  restartedMain] o.h.c.internal.RegionFactoryInitiator    : HHH000026: Second-level cache disabled
2026-08-15T17:28:02.084Z  INFO 91261 --- [pharmacy-inventory-management] [  restartedMain] o.s.o.j.p.SpringPersistenceUnitInfo      : No LoadTimeWeaver setup: ignoring JPA class transformer
2026-08-15T17:28:02.096Z  WARN 91261 --- [pharmacy-inventory-management] [  restartedMain] org.hibernate.orm.deprecation            : HHH90000025: H2Dialect does not need to be specified explicitly using 'hibernate.dialect' (remove the property setting and it will be selected by default)
2026-08-15T17:28:02.757Z  INFO 91261 --- [pharmacy-inventory-management] [  restartedMain] o.h.e.t.j.p.i.JtaPlatformInitiator       : HHH000489: No JTA platform available (set 'hibernate.transaction.jta.platform' to enable JTA platform integration)
Hibernate:
    drop table if exists categories cascade
Hibernate:
    drop table if exists medications cascade
Hibernate:
    drop table if exists sales cascade
Hibernate:
    drop table if exists suppliers cascade
Hibernate:
    drop table if exists users cascade
Hibernate:
    create table categories (
        created_at timestamp(6),
        id bigint generated by default as identity,
        updated_at timestamp(6),
        description varchar(500),
        name varchar(255) not null unique,
        primary key (id)
    )
Hibernate:
    create table medications (
        expiration_date date,
        is_deleted boolean,
        low_stock_threshold integer,
        price numeric(10,2) not null,
        quantity integer not null,
        category_id bigint,
        created_at timestamp(6),
        id bigint generated by default as identity,
        supplier_id bigint,
        updated_at timestamp(6),
        description varchar(1000),
        batch_number varchar(255),
        manufacturer varchar(255),
        name varchar(255) not null,
        type varchar(255),
        primary key (id)
    )
Hibernate:
    create table sales (
        cost_price numeric(10,2),
        quantity integer not null,
        sale_date date not null,
        total_price numeric(10,2) not null,
        unit_price numeric(10,2) not null,
        created_at timestamp(6),
        id bigint generated by default as identity,
        medication_id bigint not null,
        primary key (id)
    )
Hibernate:
    create table suppliers (
        active boolean default true not null,
        created_at timestamp(6),
        id bigint generated by default as identity,
        updated_at timestamp(6),
        address varchar(500),
        contact_person varchar(255),
        email varchar(255) not null unique,
        name varchar(255) not null,
        phone varchar(255) not null,
        primary key (id)
    )
Hibernate:
    create table users (
        created_at timestamp(6),
        id bigint generated by default as identity,
        email varchar(255) not null unique,
        full_name varchar(255) not null,
        password varchar(255) not null,
        role varchar(255) not null,
        primary key (id)
    )
Hibernate:
    alter table if exists medications
       add constraint FKmf1t7pw4h0df5jr8gld0uf05k
       foreign key (category_id)
       references categories
Hibernate:
    alter table if exists medications
       add constraint FK94rldjohkfmifdk13m2i03g70
       foreign key (supplier_id)
       references suppliers
Hibernate:
    alter table if exists sales
       add constraint FKaawj0sejy9oq9li56m5hum7tp
       foreign key (medication_id)
       references medications
2026-08-15T17:28:02.873Z  INFO 91261 --- [pharmacy-inventory-management] [  restartedMain] j.LocalContainerEntityManagerFactoryBean : Initialized JPA EntityManagerFactory for persistence unit 'default'
2026-08-15T17:28:03.762Z  WARN 91261 --- [pharmacy-inventory-management] [  restartedMain] JpaBaseConfiguration$JpaWebConfiguration : spring.jpa.open-in-view is enabled by default. Therefore, database queries may be performed during view rendering. Explicitly configure spring.jpa.open-in-view to disable this warning
2026-08-15T17:28:03.775Z  INFO 91261 --- [pharmacy-inventory-management] [  restartedMain] o.s.b.a.w.s.WelcomePageHandlerMapping    : Adding welcome page: class path resource [static/index.html]
2026-08-15T17:28:03.935Z  WARN 91261 --- [pharmacy-inventory-management] [  restartedMain] o.s.b.d.a.OptionalLiveReloadServer       : Unable to start LiveReload server
2026-08-15T17:28:03.956Z  INFO 91261 --- [pharmacy-inventory-management] [  restartedMain] o.s.b.w.embedded.tomcat.TomcatWebServer  : Tomcat started on port 8088 (http) with context path ''
2026-08-15T17:28:03.961Z  INFO 91261 --- [pharmacy-inventory-management] [  restartedMain] c.p.i.InventoryManagementApplication     : Started InventoryManagementApplication in 3.409 seconds (process running for 2313.992)
2026-08-15T17:28:03.964Z  INFO 91261 --- [pharmacy-inventory-management] [  restartedMain] .ConditionEvaluationDeltaLoggingListener : Condition evaluation unchanged
2026-08-15T17:29:16.497Z  INFO 91261 --- [pharmacy-inventory-management] [   File Watcher] rtingClassPathChangeChangedEventListener : Restarting due to 62 class path changes (0 additions, 56 deletions, 6 modifications)
2026-08-15T17:29:16.515Z  INFO 91261 --- [pharmacy-inventory-management] [      Thread-36] j.LocalContainerEntityManagerFactoryBean : Closing JPA EntityManagerFactory for persistence unit 'default'
Hibernate:
    drop table if exists categories cascade
Hibernate:
    drop table if exists medications cascade
Hibernate:
    drop table if exists sales cascade
Hibernate:
    drop table if exists suppliers cascade
Hibernate:
    drop table if exists users cascade
2026-08-15T17:29:16.525Z  WARN 91261 --- [pharmacy-inventory-management] [      Thread-36] o.s.b.f.support.DisposableBeanAdapter    : Invocation of destroy method failed on bean with name 'inMemoryDatabaseShutdownExecutor': org.h2.jdbc.JdbcSQLNonTransientConnectionException: Database is already closed (to disable automatic closing at VM shutdown, add ";DB_CLOSE_ON_EXIT=FALSE" to the db URL) [90121-224]
2026-08-15T17:29:16.525Z  INFO 91261 --- [pharmacy-inventory-management] [      Thread-36] com.zaxxer.hikari.HikariDataSource       : HikariPool-9 - Shutdown initiated...
2026-08-15T17:29:16.533Z  INFO 91261 --- [pharmacy-inventory-management] [      Thread-36] com.zaxxer.hikari.HikariDataSource       : HikariPool-9 - Shutdown completed.

  .   ____          _            __ _ _
 /\\ / ___'_ __ _ _(_)_ __  __ _ \ \ \ \
( ( )\___ | '_ | '_| | '_ \/ _` | \ \ \ \
 \\/  ___)| |_)| | | | | || (_| |  ) ) ) )
  '  |____| .__|_| |_|_| |_\__, | / / / /
 =========|_|==============|___/=/_/_/_/
 :: Spring Boot ::                (v3.2.0)

2026-08-15T17:29:16.775Z  INFO 91261 --- [pharmacy-inventory-management] [  restartedMain] c.p.i.InventoryManagementApplication     : Starting InventoryManagementApplication using Java 21.0.10 with PID 91261 (/app/target/classes started by jules in /app)
2026-08-15T17:29:16.776Z DEBUG 91261 --- [pharmacy-inventory-management] [  restartedMain] c.p.i.InventoryManagementApplication     : Running with Spring Boot v3.2.0, Spring v6.1.1
2026-08-15T17:29:16.776Z  INFO 91261 --- [pharmacy-inventory-management] [  restartedMain] c.p.i.InventoryManagementApplication     : No active profile set, falling back to 1 default profile: "default"
2026-08-15T17:29:16.940Z  INFO 91261 --- [pharmacy-inventory-management] [  restartedMain] .s.d.r.c.RepositoryConfigurationDelegate : Bootstrapping Spring Data JPA repositories in DEFAULT mode.
2026-08-15T17:29:16.956Z  INFO 91261 --- [pharmacy-inventory-management] [  restartedMain] .s.d.r.c.RepositoryConfigurationDelegate : Finished Spring Data repository scanning in 15 ms. Found 2 JPA repository interfaces.
2026-08-15T17:29:16.986Z  WARN 91261 --- [pharmacy-inventory-management] [  restartedMain] ConfigServletWebServerApplicationContext : Exception encountered during context initialization - cancelling refresh attempt: java.lang.NullPointerException: Cannot read field "generatedClass" because "data" is null
2026-08-15T17:29:16.995Z  INFO 91261 --- [pharmacy-inventory-management] [  restartedMain] .s.b.a.l.ConditionEvaluationReportLogger :

Error starting ApplicationContext. To display the condition evaluation report re-run your application with 'debug' enabled.
2026-08-15T17:29:17.003Z ERROR 91261 --- [pharmacy-inventory-management] [  restartedMain] o.s.boot.SpringApplication               : Application run failed

java.lang.NullPointerException: Cannot read field "generatedClass" because "data" is null
	at org.springframework.cglib.proxy.Enhancer.nextInstance(Enhancer.java:783) ~[spring-core-6.1.1.jar:6.1.1]
	at org.springframework.cglib.core.AbstractClassGenerator.create(AbstractClassGenerator.java:321) ~[spring-core-6.1.1.jar:6.1.1]
	at org.springframework.cglib.proxy.Enhancer.createHelper(Enhancer.java:562) ~[spring-core-6.1.1.jar:6.1.1]
	at org.springframework.cglib.proxy.Enhancer.createClass(Enhancer.java:407) ~[spring-core-6.1.1.jar:6.1.1]
	at org.springframework.context.annotation.ConfigurationClassEnhancer.createClass(ConfigurationClassEnhancer.java:138) ~[spring-context-6.1.1.jar:6.1.1]
	at org.springframework.context.annotation.ConfigurationClassEnhancer.enhance(ConfigurationClassEnhancer.java:109) ~[spring-context-6.1.1.jar:6.1.1]
	at org.springframework.context.annotation.ConfigurationClassPostProcessor.enhanceConfigurationClasses(ConfigurationClassPostProcessor.java:533) ~[spring-context-6.1.1.jar:6.1.1]
	at org.springframework.context.annotation.ConfigurationClassPostProcessor.postProcessBeanFactory(ConfigurationClassPostProcessor.java:310) ~[spring-context-6.1.1.jar:6.1.1]
	at org.springframework.context.support.PostProcessorRegistrationDelegate.invokeBeanFactoryPostProcessors(PostProcessorRegistrationDelegate.java:363) ~[spring-context-6.1.1.jar:6.1.1]
	at org.springframework.context.support.PostProcessorRegistrationDelegate.invokeBeanFactoryPostProcessors(PostProcessorRegistrationDelegate.java:153) ~[spring-context-6.1.1.jar:6.1.1]
	at org.springframework.context.support.AbstractApplicationContext.invokeBeanFactoryPostProcessors(AbstractApplicationContext.java:775) ~[spring-context-6.1.1.jar:6.1.1]
	at org.springframework.context.support.AbstractApplicationContext.refresh(AbstractApplicationContext.java:597) ~[spring-context-6.1.1.jar:6.1.1]
	at org.springframework.boot.web.servlet.context.ServletWebServerApplicationContext.refresh(ServletWebServerApplicationContext.java:146) ~[spring-boot-3.2.0.jar:3.2.0]
	at org.springframework.boot.SpringApplication.refresh(SpringApplication.java:753) ~[spring-boot-3.2.0.jar:3.2.0]
	at org.springframework.boot.SpringApplication.refreshContext(SpringApplication.java:455) ~[spring-boot-3.2.0.jar:3.2.0]
	at org.springframework.boot.SpringApplication.run(SpringApplication.java:323) ~[spring-boot-3.2.0.jar:3.2.0]
	at org.springframework.boot.SpringApplication.run(SpringApplication.java:1342) ~[spring-boot-3.2.0.jar:3.2.0]
	at org.springframework.boot.SpringApplication.run(SpringApplication.java:1331) ~[spring-boot-3.2.0.jar:3.2.0]
	at com.pharmacy.inventory.InventoryManagementApplication.main(InventoryManagementApplication.java:10) ~[classes/:na]
	at java.base/jdk.internal.reflect.DirectMethodHandleAccessor.invoke(DirectMethodHandleAccessor.java:103) ~[na:na]
	at java.base/java.lang.reflect.Method.invoke(Method.java:580) ~[na:na]
	at org.springframework.boot.devtools.restart.RestartLauncher.run(RestartLauncher.java:50) ~[spring-boot-devtools-3.2.0.jar:3.2.0]


  .   ____          _            __ _ _
 /\\ / ___'_ __ _ _(_)_ __  __ _ \ \ \ \
( ( )\___ | '_ | '_| | '_ \/ _` | \ \ \ \
 \\/  ___)| |_)| | | | | || (_| |  ) ) ) )
  '  |____| .__|_| |_|_| |_\__, | / / / /
 =========|_|==============|___/=/_/_/_/
 :: Spring Boot ::                (v3.2.0)

2026-08-15T17:29:18.445Z  INFO 91261 --- [pharmacy-inventory-management] [  restartedMain] c.p.i.InventoryManagementApplication     : Starting InventoryManagementApplication using Java 21.0.10 with PID 91261 (/app/target/classes started by jules in /app)
2026-08-15T17:29:18.445Z DEBUG 91261 --- [pharmacy-inventory-management] [  restartedMain] c.p.i.InventoryManagementApplication     : Running with Spring Boot v3.2.0, Spring v6.1.1
2026-08-15T17:29:18.446Z  INFO 91261 --- [pharmacy-inventory-management] [  restartedMain] c.p.i.InventoryManagementApplication     : No active profile set, falling back to 1 default profile: "default"
2026-08-15T17:29:18.601Z  INFO 91261 --- [pharmacy-inventory-management] [  restartedMain] .s.d.r.c.RepositoryConfigurationDelegate : Bootstrapping Spring Data JPA repositories in DEFAULT mode.
2026-08-15T17:29:18.625Z  INFO 91261 --- [pharmacy-inventory-management] [  restartedMain] .s.d.r.c.RepositoryConfigurationDelegate : Finished Spring Data repository scanning in 23 ms. Found 6 JPA repository interfaces.
2026-08-15T17:29:18.841Z  INFO 91261 --- [pharmacy-inventory-management] [  restartedMain] o.s.b.w.embedded.tomcat.TomcatWebServer  : Tomcat initialized with port 8088 (http)
2026-08-15T17:29:18.846Z  INFO 91261 --- [pharmacy-inventory-management] [  restartedMain] o.apache.catalina.core.StandardService   : Starting service [Tomcat]
2026-08-15T17:29:18.847Z  INFO 91261 --- [pharmacy-inventory-management] [  restartedMain] o.apache.catalina.core.StandardEngine    : Starting Servlet engine: [Apache Tomcat/10.1.16]
2026-08-15T17:29:18.864Z  INFO 91261 --- [pharmacy-inventory-management] [  restartedMain] o.a.c.c.C.[Tomcat-1].[localhost].[/]     : Initializing Spring embedded WebApplicationContext
2026-08-15T17:29:18.864Z  INFO 91261 --- [pharmacy-inventory-management] [  restartedMain] w.s.c.ServletWebServerApplicationContext : Root WebApplicationContext: initialization completed in 417 ms
2026-08-15T17:29:18.897Z  INFO 91261 --- [pharmacy-inventory-management] [  restartedMain] com.zaxxer.hikari.HikariDataSource       : HikariPool-10 - Starting...
2026-08-15T17:29:18.910Z  INFO 91261 --- [pharmacy-inventory-management] [  restartedMain] com.zaxxer.hikari.pool.HikariPool        : HikariPool-10 - Added connection conn90: url=jdbc:h2:mem:pharmacydb user=SA
2026-08-15T17:29:18.910Z  INFO 91261 --- [pharmacy-inventory-management] [  restartedMain] com.zaxxer.hikari.HikariDataSource       : HikariPool-10 - Start completed.
2026-08-15T17:29:18.911Z  INFO 91261 --- [pharmacy-inventory-management] [  restartedMain] o.s.b.a.h2.H2ConsoleAutoConfiguration    : H2 console available at '/h2-console'. Database available at 'jdbc:h2:mem:pharmacydb'
2026-08-15T17:29:18.949Z  INFO 91261 --- [pharmacy-inventory-management] [  restartedMain] o.hibernate.jpa.internal.util.LogHelper  : HHH000204: Processing PersistenceUnitInfo [name: default]
2026-08-15T17:29:18.952Z  INFO 91261 --- [pharmacy-inventory-management] [  restartedMain] o.h.c.internal.RegionFactoryInitiator    : HHH000026: Second-level cache disabled
2026-08-15T17:29:18.956Z  INFO 91261 --- [pharmacy-inventory-management] [  restartedMain] o.s.o.j.p.SpringPersistenceUnitInfo      : No LoadTimeWeaver setup: ignoring JPA class transformer
2026-08-15T17:29:18.963Z  WARN 91261 --- [pharmacy-inventory-management] [  restartedMain] org.hibernate.orm.deprecation            : HHH90000025: H2Dialect does not need to be specified explicitly using 'hibernate.dialect' (remove the property setting and it will be selected by default)
2026-08-15T17:29:19.199Z  INFO 91261 --- [pharmacy-inventory-management] [  restartedMain] o.h.e.t.j.p.i.JtaPlatformInitiator       : HHH000489: No JTA platform available (set 'hibernate.transaction.jta.platform' to enable JTA platform integration)
Hibernate:
    drop table if exists categories cascade
Hibernate:
    drop table if exists medications cascade
Hibernate:
    drop table if exists sales cascade
Hibernate:
    drop table if exists suppliers cascade
Hibernate:
    drop table if exists users cascade
Hibernate:
    create table categories (
        created_at timestamp(6),
        id bigint generated by default as identity,
        updated_at timestamp(6),
        description varchar(500),
        name varchar(255) not null unique,
        primary key (id)
    )
Hibernate:
    create table medications (
        expiration_date date,
        is_deleted boolean,
        low_stock_threshold integer,
        price numeric(10,2) not null,
        quantity integer not null,
        category_id bigint,
        created_at timestamp(6),
        id bigint generated by default as identity,
        supplier_id bigint,
        updated_at timestamp(6),
        description varchar(1000),
        batch_number varchar(255),
        manufacturer varchar(255),
        name varchar(255) not null,
        type varchar(255),
        primary key (id)
    )
Hibernate:
    create table sales (
        cost_price numeric(10,2),
        quantity integer not null,
        sale_date date not null,
        total_price numeric(10,2) not null,
        unit_price numeric(10,2) not null,
        created_at timestamp(6),
        id bigint generated by default as identity,
        medication_id bigint not null,
        primary key (id)
    )
Hibernate:
    create table suppliers (
        active boolean default true not null,
        created_at timestamp(6),
        id bigint generated by default as identity,
        updated_at timestamp(6),
        address varchar(500),
        contact_person varchar(255),
        email varchar(255) not null unique,
        name varchar(255) not null,
        phone varchar(255) not null,
        primary key (id)
    )
Hibernate:
    create table users (
        created_at timestamp(6),
        id bigint generated by default as identity,
        email varchar(255) not null unique,
        full_name varchar(255) not null,
        password varchar(255) not null,
        role varchar(255) not null,
        primary key (id)
    )
Hibernate:
    alter table if exists medications
       add constraint FKmf1t7pw4h0df5jr8gld0uf05k
       foreign key (category_id)
       references categories
Hibernate:
    alter table if exists medications
       add constraint FK94rldjohkfmifdk13m2i03g70
       foreign key (supplier_id)
       references suppliers
Hibernate:
    alter table if exists sales
       add constraint FKaawj0sejy9oq9li56m5hum7tp
       foreign key (medication_id)
       references medications
2026-08-15T17:29:19.262Z  INFO 91261 --- [pharmacy-inventory-management] [  restartedMain] j.LocalContainerEntityManagerFactoryBean : Initialized JPA EntityManagerFactory for persistence unit 'default'
2026-08-15T17:29:20.408Z  WARN 91261 --- [pharmacy-inventory-management] [  restartedMain] JpaBaseConfiguration$JpaWebConfiguration : spring.jpa.open-in-view is enabled by default. Therefore, database queries may be performed during view rendering. Explicitly configure spring.jpa.open-in-view to disable this warning
2026-08-15T17:29:20.423Z  INFO 91261 --- [pharmacy-inventory-management] [  restartedMain] o.s.b.a.w.s.WelcomePageHandlerMapping    : Adding welcome page: class path resource [static/index.html]
2026-08-15T17:29:20.629Z  WARN 91261 --- [pharmacy-inventory-management] [  restartedMain] o.s.b.d.a.OptionalLiveReloadServer       : Unable to start LiveReload server
2026-08-15T17:29:20.654Z  INFO 91261 --- [pharmacy-inventory-management] [  restartedMain] o.s.b.w.embedded.tomcat.TomcatWebServer  : Tomcat started on port 8088 (http) with context path ''
2026-08-15T17:29:20.659Z  INFO 91261 --- [pharmacy-inventory-management] [  restartedMain] c.p.i.InventoryManagementApplication     : Started InventoryManagementApplication in 2.23 seconds (process running for 2390.689)
2026-08-15T17:29:20.661Z  INFO 91261 --- [pharmacy-inventory-management] [  restartedMain] .ConditionEvaluationDeltaLoggingListener : Condition evaluation unchanged
2026-08-15T17:54:24.264Z  INFO 91261 --- [pharmacy-inventory-management] [nio-8088-exec-1] o.a.c.c.C.[Tomcat-1].[localhost].[/]     : Initializing Spring DispatcherServlet 'dispatcherServlet'
2026-08-15T17:54:24.279Z  INFO 91261 --- [pharmacy-inventory-management] [nio-8088-exec-1] o.s.web.servlet.DispatcherServlet        : Initializing Servlet 'dispatcherServlet'
2026-08-15T17:54:24.312Z  INFO 91261 --- [pharmacy-inventory-management] [nio-8088-exec-1] o.s.web.servlet.DispatcherServlet        : Completed initialization in 32 ms
Hibernate:
    select
        m1_0.id,
        m1_0.batch_number,
        m1_0.category_id,
        m1_0.created_at,
        m1_0.is_deleted,
        m1_0.description,
        m1_0.expiration_date,
        m1_0.low_stock_threshold,
        m1_0.manufacturer,
        m1_0.name,
        m1_0.price,
        m1_0.quantity,
        m1_0.supplier_id,
        m1_0.type,
        m1_0.updated_at
    from
        medications m1_0
    where
        not(m1_0.is_deleted)
2026-08-15T17:56:05.595Z  INFO 91261 --- [pharmacy-inventory-management] [ionShutdownHook] j.LocalContainerEntityManagerFactoryBean : Closing JPA EntityManagerFactory for persistence unit 'default'
Hibernate:
    drop table if exists categories cascade
Hibernate:
    drop table if exists medications cascade
Hibernate:
    drop table if exists sales cascade
Hibernate:
    drop table if exists suppliers cascade
Hibernate:
    drop table if exists users cascade
2026-08-15T17:56:05.626Z  WARN 91261 --- [pharmacy-inventory-management] [ionShutdownHook] o.s.b.f.support.DisposableBeanAdapter    : Invocation of destroy method failed on bean with name 'inMemoryDatabaseShutdownExecutor': org.h2.jdbc.JdbcSQLNonTransientConnectionException: Database is already closed (to disable automatic closing at VM shutdown, add ";DB_CLOSE_ON_EXIT=FALSE" to the db URL) [90121-224]
2026-08-15T17:56:05.627Z  INFO 91261 --- [pharmacy-inventory-management] [ionShutdownHook] com.zaxxer.hikari.HikariDataSource       : HikariPool-10 - Shutdown initiated...
2026-08-15T17:56:05.634Z  INFO 91261 --- [pharmacy-inventory-management] [ionShutdownHook] com.zaxxer.hikari.HikariDataSource       : HikariPool-10 - Shutdown completed.
[INFO] ------------------------------------------------------------------------
[INFO] BUILD FAILURE
[INFO] ------------------------------------------------------------------------
[INFO] Total time:  03:17 h
[INFO] Finished at: 2026-08-15T17:56:06Z
[INFO] ------------------------------------------------------------------------
[ERROR] Failed to execute goal org.springframework.boot:spring-boot-maven-plugin:3.2.0:run (default-cli) on project inventory-management: Process terminated with exit code: 143 -> [Help 1]
[ERROR]
[ERROR] To see the full stack trace of the errors, re-run Maven with the -e switch.
[ERROR] Re-run Maven using the -X switch to enable full debug logging.
[ERROR]
[ERROR] For more information about the errors and possible solutions, please read the following articles:
[ERROR] [Help 1] http://cwiki.apache.org/confluence/display/MAVEN/MojoExecutionException
                                                                                                                                                                                                                                                                                                                                                                                                                                                                                                                                                                                                                                                                                                                                                                                                                                                                                                                                                                                                                                                                                                                                                                                                                                                                                                                                                                                                                                                                                                                                                                                                                                                                                                                                                                                                                                                                                                                                                                                                                                                                                                                                                                                                                                                                                                                                                                                                                                                                                                                                                                                                                                                                                                                                                                                                                                                                                                                                                                                                                                                                                                                                                                                                                                                                                                                                                                                                                                                                                                                                                                                                                                                                                                                                                                                                                                                                                                                                                                                                                                                                                                                                                                                                                                                                                                                                                                                                                                                                                                                                                                                                                                                                                                                                                                                                                                                                                                                                                                                                                                                                                                                                                                                                                                                                                                                                                                                                                                                                                                                                                                                                                                                                                                                                                                                                                                                                                                                                                                                                                                                                                                                                                                                                                                                                                                                                                                                                                                                                                                                                                                                                                                                                                                                                                                                                                                                                                                                                                                                                                                                                                                                                                                                                                                                                                                                                                                                                                                                                                                                                                                                                                                                                                                                                                                                                                                                                                                                                                                                                                                                                                                                                                                                                                                                                                                                                                                                                                                                                                                                                                                                                                                                                                                                                                                                                                                                                                                                                                                                                                                                                                                                                                                                                                                                                                                                                                                                                                                                                                                                                                                                                                                                                                                                                                                                                                                                                                                                                                                                                                                                                                                                                                                                                                                                                                                                                                                                                                                                                                                                                                                                                                                                                                                                                                                                                                                                                                                                                                                                                                                                                                                                                                                                                                                                                                                                                                                                                                                                                                                                                                                                                                                                                                                                                                                                                                                                                                                                                                                                                                                                                                                                                                                                                                                                                                                                                                                                                                                                                                                                                                                                                                                                                                                                                                                                                                                                                                                                                                                                                                                                                                                                                                                                                                                                                                                                                                                                                                                                                                                                                                                                                                                                                                                                                                                                                                                                                                                                                                                                                                                                                                                                                                                                                                                                                                                                                                                                                                                                                                                                                                                                                                                                                                                                                                                                                                                                                                                                                                                                                                                                                                                                                                                                                                                                                                                                                                                                                                                                                                                                                                                                                                                                                                                                                                                                                                                                                                                                                                                                                                                                                                                                                                                                                                                                                                                                                                                                                                                                                                                                                                                                                                                                                                                                                                                                                                                                                                                                                                                                                                                                                                                                                                                                                                                                                                                                                                                                                                                                                                                                                                                                                                                                                                                                                                                                                                                                                                                                                                                                                                                                                                                                                                                                                                                                                                                                                                                                                                                                                                                                                                                                                                                                                                                                                                                                                                                                                                                                                                                                                                                                                                                                                                                                                                                                                                                                                                                                                                                                                                                                                                                                                                                                                                                                                                                                                                                                                                                                                                                                                                                                                                                                                                                                                                                                                                                                                                                                                                                                                                                                                                                                                                                                                                                                                                                                                                                                                                                                                                                                                                                                                                                                                                                                                                                                                                                                                                                                                                                                                                                                                                                                                                                                                                                                                                                                                                                                                                                                                                                                                                                                                                                                                                                                                                                                                                                                                                                                                                                                                                                                                                                                                                                                                                                                                                                                                                                                                                                                                                                                                                                                                                                                                                                                                                                                                                                                                                                                                                                                                                                                                                                                                                                                                                                                                                                                                                                                                                                                                                                                                                                                                                                                                                                                                                                                                                                                                                                                                                                                                                                                                                                                                                                                                                                                                                                                                                                                                                                                                                                                                                                                                                                                                                                                                                                                                                                                                                                                                                                                                                                                                                                                                                                                                                                                                                                                                                                                                                                                                                                                                                                                                                                                                                                                                                                                                                                                                                                                                                                                                                                                                                                                                                                                                                                                                                                                                                                                                                                                                                                                                                                                                                                                                                                                                                                                                                                                                                                                                                                                                                                                                                                                                                                                                                                                                                                                                                                                                                                                                                                                                                                                                                                                                                                                                                                                                                                                                                                                                                                                                                                                                                                                                                                                                                                                                                                                                                                                                                                                                                                                                                                                                                                                                                                                                                                                                                                                                                                                                                                                                                                                                                                                                                                                                                                                                                                                                                                                                                                                                                                                                                                                                                                                                                                                                                                                                                                                                                                                                                                                                                                                                                                                                                                                                                                                                                                                                                                                                                                                                                                                                                                                                                                                                                                                                                                                                                                                                                                                                                                                                                                                                                                                                                                                                                                                                                                                                                                                                                                                                                                                                                                                                                                                                                                                                                                                                                                                                                                                                                                                                                                                                                                                                                                                                                                                                                                                                                                                                                                                                                                                                                                                                                                                                                                                                                                                                                                                                                                                                                                                                                                                                                                                                                                                                                                                                                                                                                                                                                                                                                                                                                                                                                                                                                                                                                                                                                                                                                                                                                                                                                                                                                                                                                                                                                                                                                                                                                                                                                                                                                                                                                                                                                                                                                                                                                                                                                                                                                                                                                                                                                                                                                                                                                                                                                                                                                                                                                                                                                                                                                                                                                                                                                                                                                                                                                                                                                                                                                                                                                                                                                                                                                                                                                                                                                                                                                                                                                                                                                                                                                                                                                                                                                                                                                                                                                                                                                                                                                                                                                                                                                                                                                                                                                                                                                                                                                                                                                                                                                                                                                                                                                                                                                                                                                                                                                                                                                                                                                                                                                                                                                                                                                                                                                                                                                                                                                                                                                                                                                                                                                                                                                                                                                                                                                                                                                                                                                                                                                                                                                                                                                                                                                                                                                                                                                                                                                                                                                                                                                                                                                                                                                                                                                                                                                                                                                                                                                                                                                                                                                                                                                                                                                                                                                                                                                                                                                                                                                                                                                                                                                                                                                                                                                                                                                                                                                                                                                                                                                                                                                                                                                                                                                                                                                                                                                                                                                                                                                                                                                                                                                                                                                                                                                                                                                                                                                                                                                                                                                                                                                                                                                                                                                                                                                                                                                                                                                                                                                                                                                                                                                                                                                                                                                                                                                                                                                                                                                                                                                                                                                                                                                                                                                                                                                                                                                                                                                                                                                                                                                                                                                                                                                                                                                                                                                                                                                                                                                                                                                                                                                                                                                                                                                                                                                                                                                                                                                                                                                                                                                                                                                                                                                                                                                                                                                                                                                                                                                                                                                                                                                                                                                                                                                                                                                                                                                                                                                                                                                                                                                                                                                                                                                                                                                                                                                                                                                                                                                                                                                                                                                                                                                                                                                                                                                                                                                                                                                                                                                                                                                                                                                                                                                                                                                                                                                                                                                                                                                                                                                                                                                                                                                                                                                                                                                                                                                                                                                                                                                                                                                                                                                                                                                                                                                                                                                                                                                                                                                                                                                                                                                                                                                                                                                                                                                                                                                                                                                                                                                                                                                                                                                                                                                                                                                                                                                                                                                                                                                                                                                                                                                                                                                                                                                                                                                                                                                                                                                                                                                                                                                                                                                                                                                                                                                                                                                                                                                                                                                                                                                                                                                                                                                                                                                                                                                                                                                                                                                                                                                                                                                                                                                                                                                                                                                                                                                                                                                                                                                                                                                                                                                                                                                                                                                                                                                                                                                                                                                                                                                                                                                                                                                                                                                                                                                                                                                                                                                                                                                                                                                                                                                                                                                                                                                                                                                                                                                                                                                                                                                                                                                                                                                                                                                                                                                                                                                                                                                                                                                                                                                                                                                                                                                                                                                                                                                                                                                                                                                                                                                                                                                                                                                                                                                                                                                                                                                                                                                                                                                                                                                                                                                                                                                                                                                                                                                                                                                                                                                                                                                                                                                                                                                                                                                                                                                                                                                                                                                                                                                                                                                                                                                                                                                                                                                                                                                                                                                                                                                                                                                                                                                                                                                                                                                                                                                                                                                                                                                                                                                                                                                                                                                                                                                                                                                                                                                                                                                                                                                                                                                                                                                                                                                                                                                                                                                                                                                                                                                                                                                                                                                                                                                                                                                                                                                                                                                                                                                                                                                                                                                                                                                                                                                                                                                                                                                                                                                                                                                                                                                                                                                                                                                                                                                                                                                                                                                                                                                                                                                                                                                                                                                                                                                                                                                                                                                                                                                                                                                                                                                                                                                                                                                                                                                                                                                                                                                                                                                                                                                                                                                                                                                                                                                                                                                                                                                                                                                                                                                                                                                                                                                                                                                                                                                                                                                                                                                                                                                                                                                                                                                                                                                                                                                                                                                                                                                                                                                                                                                                                                                                                                                                                                                                                                                                                                                                                                                                                                                                                                                                                                                                                                                                                                                                                                                                                                                                                                                                                                                                                                                                                                                                                                                                                                                                                                                                                                                                                                                                                                                                                                                                                                                                                                                                                                                                                                                                                                                                                                                                                                                                                                                                                                                                                                                                                                                                                                                                                                                                                                                                                                                                                                                                                                                                                                                                                                                                                                                                                                                                                                                                                                                                                                                                                                                                                                                                                                                                                                                                                                                                                                                                                                                                                                                                                                                                                                                                                                                                                                                                                                                                                                                                                                                                                                                                                                                                                                                                                                                                                                                                                                                                                                                                                                                                                                                                                                                                                                                                                                                                                                                                                                                                                                                                                                                                                                                                                                                                                                                                                                                                                                                                                                                                                                                                                                                                                                                                                                                                                                                                                                                                                                                                                                                                                                                                                                                                                                                                                                                                                                                                                                                                                                                                                                                                                                                                                                                                                                                                                                                                                                                                                                                                                                                                                                                                                                                                                                                                                                                                                                                                                                                                                                                                                                                                                                                                                                                                                                                                                                                                                                                                                                                                                                                                                                                                                                                                                                                                                                                                                                                                                                                                                                                                                                                                                                                                                                                                                                                                                                                                                                                                                                                                                                                                                                                                                                                                                                                                                                                                                                                                                                                                                                                                                                                                                                                                                                                                                                                                                                                                                                                                                                                                                                                                                                                                                                                                                                                                                                                                                                                                                                                                                                                                                                                                                                                                                                                                                                                                                                                                                                                                                                                                                                                                                                                                                                                                                                                                                                                                                                                                                                                                                                                                                                                                                                                                                                                                                                                                                                                                                                                                                                                                                                                                                                                                                                                                                                                                                                                                                                                                                                                                                                                                                                                                                                                                                                                                                                                                                                                                                                                                                                                                                                                                                                                                                                                                                                                                                                                                                                                                                                                                                                                                                                                                                                                                                                                                                                                                                                                                                                                                                                                                                                                                                                                                                                                                                                                                                                                                                                                                                                                                                                                                                                                                                                                                                                                                                                                                                                                                                                                                                                                                                                                                                                                                                                                                                                                                                                                                                                                                                                                                                                                                                                                                                                                                                                                                                                                                                                                                                                                                                                                                                                                                                                                                                                                                                                                                                                                                                                                                                                                                                                                                                                                                                                                                                                                                                                                                                                                                                                                                                                                                                                                                                                                                                                                                                                                                                                                                                                                                                                                                                                                                                                                                                                                                                                                                                                                                                                                                                  
  .   ____          _            __ _ _
 /\\ / ___'_ __ _ _(_)_ __  __ _ \ \ \ \
( ( )\___ | '_ | '_| | '_ \/ _` | \ \ \ \
 \\/  ___)| |_)| | | | | || (_| |  ) ) ) )
  '  |____| .__|_| |_|_| |_\__, | / / / /
 =========|_|==============|___/=/_/_/_/
 :: Spring Boot ::                (v3.2.0)

2026-08-15T16:06:50.366Z  INFO 45134 --- [pharmacy-inventory-management] [  restartedMain] c.p.i.InventoryManagementApplication     : Starting InventoryManagementApplication using Java 21.0.10 with PID 45134 (/app/target/classes started by jules in /app)
2026-08-15T16:06:50.382Z DEBUG 45134 --- [pharmacy-inventory-management] [  restartedMain] c.p.i.InventoryManagementApplication     : Running with Spring Boot v3.2.0, Spring v6.1.1
2026-08-15T16:06:50.384Z  INFO 45134 --- [pharmacy-inventory-management] [  restartedMain] c.p.i.InventoryManagementApplication     : No active profile set, falling back to 1 default profile: "default"
2026-08-15T16:06:52.342Z  INFO 45134 --- [pharmacy-inventory-management] [  restartedMain] .s.d.r.c.RepositoryConfigurationDelegate : Bootstrapping Spring Data JPA repositories in DEFAULT mode.
2026-08-15T16:06:52.709Z  INFO 45134 --- [pharmacy-inventory-management] [  restartedMain] .s.d.r.c.RepositoryConfigurationDelegate : Finished Spring Data repository scanning in 356 ms. Found 3 JPA repository interfaces.
2026-08-15T16:06:52.957Z  WARN 45134 --- [pharmacy-inventory-management] [  restartedMain] ConfigServletWebServerApplicationContext : Exception encountered during context initialization - cancelling refresh attempt: java.lang.NullPointerException: Cannot read field "generatedClass" because "data" is null
2026-08-15T16:06:52.996Z  INFO 45134 --- [pharmacy-inventory-management] [  restartedMain] .s.b.a.l.ConditionEvaluationReportLogger :

Error starting ApplicationContext. To display the condition evaluation report re-run your application with 'debug' enabled.
2026-08-15T16:06:53.045Z ERROR 45134 --- [pharmacy-inventory-management] [  restartedMain] o.s.boot.SpringApplication               : Application run failed

java.lang.NullPointerException: Cannot read field "generatedClass" because "data" is null
	at org.springframework.cglib.proxy.Enhancer.nextInstance(Enhancer.java:783) ~[spring-core-6.1.1.jar:6.1.1]
	at org.springframework.cglib.core.AbstractClassGenerator.create(AbstractClassGenerator.java:321) ~[spring-core-6.1.1.jar:6.1.1]
	at org.springframework.cglib.proxy.Enhancer.createHelper(Enhancer.java:562) ~[spring-core-6.1.1.jar:6.1.1]
	at org.springframework.cglib.proxy.Enhancer.createClass(Enhancer.java:407) ~[spring-core-6.1.1.jar:6.1.1]
	at org.springframework.context.annotation.ConfigurationClassEnhancer.createClass(ConfigurationClassEnhancer.java:138) ~[spring-context-6.1.1.jar:6.1.1]
	at org.springframework.context.annotation.ConfigurationClassEnhancer.enhance(ConfigurationClassEnhancer.java:109) ~[spring-context-6.1.1.jar:6.1.1]
	at org.springframework.context.annotation.ConfigurationClassPostProcessor.enhanceConfigurationClasses(ConfigurationClassPostProcessor.java:533) ~[spring-context-6.1.1.jar:6.1.1]
	at org.springframework.context.annotation.ConfigurationClassPostProcessor.postProcessBeanFactory(ConfigurationClassPostProcessor.java:310) ~[spring-context-6.1.1.jar:6.1.1]
	at org.springframework.context.support.PostProcessorRegistrationDelegate.invokeBeanFactoryPostProcessors(PostProcessorRegistrationDelegate.java:363) ~[spring-context-6.1.1.jar:6.1.1]
	at org.springframework.context.support.PostProcessorRegistrationDelegate.invokeBeanFactoryPostProcessors(PostProcessorRegistrationDelegate.java:153) ~[spring-context-6.1.1.jar:6.1.1]
	at org.springframework.context.support.AbstractApplicationContext.invokeBeanFactoryPostProcessors(AbstractApplicationContext.java:775) ~[spring-context-6.1.1.jar:6.1.1]
	at org.springframework.context.support.AbstractApplicationContext.refresh(AbstractApplicationContext.java:597) ~[spring-context-6.1.1.jar:6.1.1]
	at org.springframework.boot.web.servlet.context.ServletWebServerApplicationContext.refresh(ServletWebServerApplicationContext.java:146) ~[spring-boot-3.2.0.jar:3.2.0]
	at org.springframework.boot.SpringApplication.refresh(SpringApplication.java:753) ~[spring-boot-3.2.0.jar:3.2.0]
	at org.springframework.boot.SpringApplication.refreshContext(SpringApplication.java:455) ~[spring-boot-3.2.0.jar:3.2.0]
	at org.springframework.boot.SpringApplication.run(SpringApplication.java:323) ~[spring-boot-3.2.0.jar:3.2.0]
	at org.springframework.boot.SpringApplication.run(SpringApplication.java:1342) ~[spring-boot-3.2.0.jar:3.2.0]
	at org.springframework.boot.SpringApplication.run(SpringApplication.java:1331) ~[spring-boot-3.2.0.jar:3.2.0]
	at com.pharmacy.inventory.InventoryManagementApplication.main(InventoryManagementApplication.java:10) ~[classes/:na]
	at java.base/jdk.internal.reflect.DirectMethodHandleAccessor.invoke(DirectMethodHandleAccessor.java:103) ~[na:na]
	at java.base/java.lang.reflect.Method.invoke(Method.java:580) ~[na:na]
	at org.springframework.boot.devtools.restart.RestartLauncher.run(RestartLauncher.java:50) ~[spring-boot-devtools-3.2.0.jar:3.2.0]


  .   ____          _            __ _ _
 /\\ / ___'_ __ _ _(_)_ __  __ _ \ \ \ \
( ( )\___ | '_ | '_| | '_ \/ _` | \ \ \ \
 \\/  ___)| |_)| | | | | || (_| |  ) ) ) )
  '  |____| .__|_| |_|_| |_\__, | / / / /
 =========|_|==============|___/=/_/_/_/
 :: Spring Boot ::                (v3.2.0)

2026-08-15T16:06:55.415Z  INFO 45134 --- [pharmacy-inventory-management] [  restartedMain] c.p.i.InventoryManagementApplication     : Starting InventoryManagementApplication using Java 21.0.10 with PID 45134 (/app/target/classes started by jules in /app)
2026-08-15T16:06:55.416Z DEBUG 45134 --- [pharmacy-inventory-management] [  restartedMain] c.p.i.InventoryManagementApplication     : Running with Spring Boot v3.2.0, Spring v6.1.1
2026-08-15T16:06:55.416Z  INFO 45134 --- [pharmacy-inventory-management] [  restartedMain] c.p.i.InventoryManagementApplication     : No active profile set, falling back to 1 default profile: "default"
2026-08-15T16:06:56.033Z  INFO 45134 --- [pharmacy-inventory-management] [  restartedMain] .s.d.r.c.RepositoryConfigurationDelegate : Bootstrapping Spring Data JPA repositories in DEFAULT mode.
2026-08-15T16:06:56.088Z  INFO 45134 --- [pharmacy-inventory-management] [  restartedMain] .s.d.r.c.RepositoryConfigurationDelegate : Finished Spring Data repository scanning in 54 ms. Found 6 JPA repository interfaces.
2026-08-15T16:06:56.768Z  INFO 45134 --- [pharmacy-inventory-management] [  restartedMain] o.s.b.w.embedded.tomcat.TomcatWebServer  : Tomcat initialized with port 8088 (http)
2026-08-15T16:06:56.778Z  INFO 45134 --- [pharmacy-inventory-management] [  restartedMain] o.apache.catalina.core.StandardService   : Starting service [Tomcat]
2026-08-15T16:06:56.779Z  INFO 45134 --- [pharmacy-inventory-management] [  restartedMain] o.apache.catalina.core.StandardEngine    : Starting Servlet engine: [Apache Tomcat/10.1.16]
2026-08-15T16:06:56.837Z  INFO 45134 --- [pharmacy-inventory-management] [  restartedMain] o.a.c.c.C.[Tomcat-3].[localhost].[/]     : Initializing Spring embedded WebApplicationContext
2026-08-15T16:06:56.838Z  INFO 45134 --- [pharmacy-inventory-management] [  restartedMain] w.s.c.ServletWebServerApplicationContext : Root WebApplicationContext: initialization completed in 1417 ms
2026-08-15T16:06:56.894Z  INFO 45134 --- [pharmacy-inventory-management] [  restartedMain] com.zaxxer.hikari.HikariDataSource       : HikariPool-8 - Starting...
2026-08-15T16:06:56.979Z  INFO 45134 --- [pharmacy-inventory-management] [  restartedMain] com.zaxxer.hikari.pool.HikariPool        : HikariPool-8 - Added connection conn67: url=jdbc:h2:mem:pharmacydb user=SA
2026-08-15T16:06:56.983Z  INFO 45134 --- [pharmacy-inventory-management] [  restartedMain] com.zaxxer.hikari.HikariDataSource       : HikariPool-8 - Start completed.
2026-08-15T16:06:56.985Z  INFO 45134 --- [pharmacy-inventory-management] [  restartedMain] o.s.b.a.h2.H2ConsoleAutoConfiguration    : H2 console available at '/h2-console'. Database available at 'jdbc:h2:mem:pharmacydb'
2026-08-15T16:06:57.135Z  INFO 45134 --- [pharmacy-inventory-management] [  restartedMain] o.hibernate.jpa.internal.util.LogHelper  : HHH000204: Processing PersistenceUnitInfo [name: default]
2026-08-15T16:06:57.162Z  INFO 45134 --- [pharmacy-inventory-management] [  restartedMain] o.h.c.internal.RegionFactoryInitiator    : HHH000026: Second-level cache disabled
2026-08-15T16:06:57.212Z  INFO 45134 --- [pharmacy-inventory-management] [  restartedMain] o.s.o.j.p.SpringPersistenceUnitInfo      : No LoadTimeWeaver setup: ignoring JPA class transformer
2026-08-15T16:06:57.233Z  WARN 45134 --- [pharmacy-inventory-management] [  restartedMain] org.hibernate.orm.deprecation            : HHH90000025: H2Dialect does not need to be specified explicitly using 'hibernate.dialect' (remove the property setting and it will be selected by default)
2026-08-15T16:06:57.846Z  INFO 45134 --- [pharmacy-inventory-management] [  restartedMain] o.h.e.t.j.p.i.JtaPlatformInitiator       : HHH000489: No JTA platform available (set 'hibernate.transaction.jta.platform' to enable JTA platform integration)
Hibernate:
    drop table if exists categories cascade
Hibernate:
    drop table if exists medications cascade
Hibernate:
    drop table if exists sales cascade
Hibernate:
    drop table if exists suppliers cascade
Hibernate:
    drop table if exists users cascade
Hibernate:
    create table categories (
        created_at timestamp(6),
        id bigint generated by default as identity,
        updated_at timestamp(6),
        description varchar(500),
        name varchar(255) not null unique,
        primary key (id)
    )
Hibernate:
    create table medications (
        expiration_date date,
        is_deleted boolean,
        low_stock_threshold integer,
        price numeric(10,2) not null,
        quantity integer not null,
        category_id bigint,
        created_at timestamp(6),
        id bigint generated by default as identity,
        supplier_id bigint,
        updated_at timestamp(6),
        description varchar(1000),
        batch_number varchar(255),
        manufacturer varchar(255),
        name varchar(255) not null,
        type varchar(255),
        primary key (id)
    )
Hibernate:
    create table sales (
        cost_price numeric(10,2),
        quantity integer not null,
        sale_date date not null,
        total_price numeric(10,2) not null,
        unit_price numeric(10,2) not null,
        created_at timestamp(6),
        id bigint generated by default as identity,
        medication_id bigint not null,
        primary key (id)
    )
Hibernate:
    create table suppliers (
        active boolean default true not null,
        created_at timestamp(6),
        id bigint generated by default as identity,
        updated_at timestamp(6),
        address varchar(500),
        contact_person varchar(255),
        email varchar(255) not null unique,
        name varchar(255) not null,
        phone varchar(255) not null,
        primary key (id)
    )
Hibernate:
    create table users (
        created_at timestamp(6),
        id bigint generated by default as identity,
        email varchar(255) not null unique,
        full_name varchar(255) not null,
        password varchar(255) not null,
        role varchar(255) not null,
        primary key (id)
    )
Hibernate:
    alter table if exists medications
       add constraint FKmf1t7pw4h0df5jr8gld0uf05k
       foreign key (category_id)
       references categories
Hibernate:
    alter table if exists medications
       add constraint FK94rldjohkfmifdk13m2i03g70
       foreign key (supplier_id)
       references suppliers
Hibernate:
    alter table if exists sales
       add constraint FKaawj0sejy9oq9li56m5hum7tp
       foreign key (medication_id)
       references medications
2026-08-15T16:06:57.904Z  INFO 45134 --- [pharmacy-inventory-management] [  restartedMain] j.LocalContainerEntityManagerFactoryBean : Initialized JPA EntityManagerFactory for persistence unit 'default'
2026-08-15T16:06:57.940Z  WARN 45134 --- [pharmacy-inventory-management] [  restartedMain] ConfigServletWebServerApplicationContext : Exception encountered during context initialization - cancelling refresh attempt: org.springframework.beans.factory.UnsatisfiedDependencyException: Error creating bean with name 'authController': Unsatisfied dependency expressed through field 'authService': Error creating bean with name 'authServiceImpl': Lookup method resolution failed
2026-08-15T16:06:57.940Z  INFO 45134 --- [pharmacy-inventory-management] [  restartedMain] j.LocalContainerEntityManagerFactoryBean : Closing JPA EntityManagerFactory for persistence unit 'default'
Hibernate:
    drop table if exists categories cascade
Hibernate:
    drop table if exists medications cascade
Hibernate:
    drop table if exists sales cascade
Hibernate:
    drop table if exists suppliers cascade
Hibernate:
    drop table if exists users cascade
2026-08-15T16:06:57.956Z  WARN 45134 --- [pharmacy-inventory-management] [  restartedMain] o.s.b.f.support.DisposableBeanAdapter    : Invocation of destroy method failed on bean with name 'inMemoryDatabaseShutdownExecutor': org.h2.jdbc.JdbcSQLNonTransientConnectionException: Database is already closed (to disable automatic closing at VM shutdown, add ";DB_CLOSE_ON_EXIT=FALSE" to the db URL) [90121-224]
2026-08-15T16:06:57.956Z  INFO 45134 --- [pharmacy-inventory-management] [  restartedMain] com.zaxxer.hikari.HikariDataSource       : HikariPool-8 - Shutdown initiated...
2026-08-15T16:06:57.962Z  INFO 45134 --- [pharmacy-inventory-management] [  restartedMain] com.zaxxer.hikari.HikariDataSource       : HikariPool-8 - Shutdown completed.
2026-08-15T16:06:57.964Z  INFO 45134 --- [pharmacy-inventory-management] [  restartedMain] o.apache.catalina.core.StandardService   : Stopping service [Tomcat]
2026-08-15T16:06:57.990Z  INFO 45134 --- [pharmacy-inventory-management] [  restartedMain] .s.b.a.l.ConditionEvaluationReportLogger :

Error starting ApplicationContext. To display the condition evaluation report re-run your application with 'debug' enabled.
2026-08-15T16:06:57.992Z ERROR 45134 --- [pharmacy-inventory-management] [  restartedMain] o.s.boot.SpringApplication               : Application run failed

org.springframework.beans.factory.UnsatisfiedDependencyException: Error creating bean with name 'authController': Unsatisfied dependency expressed through field 'authService': Error creating bean with name 'authServiceImpl': Lookup method resolution failed
	at org.springframework.beans.factory.annotation.AutowiredAnnotationBeanPostProcessor$AutowiredFieldElement.resolveFieldValue(AutowiredAnnotationBeanPostProcessor.java:772) ~[spring-beans-6.1.1.jar:6.1.1]
	at org.springframework.beans.factory.annotation.AutowiredAnnotationBeanPostProcessor$AutowiredFieldElement.inject(AutowiredAnnotationBeanPostProcessor.java:752) ~[spring-beans-6.1.1.jar:6.1.1]
	at org.springframework.beans.factory.annotation.InjectionMetadata.inject(InjectionMetadata.java:145) ~[spring-beans-6.1.1.jar:6.1.1]
	at org.springframework.beans.factory.annotation.AutowiredAnnotationBeanPostProcessor.postProcessProperties(AutowiredAnnotationBeanPostProcessor.java:493) ~[spring-beans-6.1.1.jar:6.1.1]
	at org.springframework.beans.factory.support.AbstractAutowireCapableBeanFactory.populateBean(AbstractAutowireCapableBeanFactory.java:1420) ~[spring-beans-6.1.1.jar:6.1.1]
	at org.springframework.beans.factory.support.AbstractAutowireCapableBeanFactory.doCreateBean(AbstractAutowireCapableBeanFactory.java:600) ~[spring-beans-6.1.1.jar:6.1.1]
	at org.springframework.beans.factory.support.AbstractAutowireCapableBeanFactory.createBean(AbstractAutowireCapableBeanFactory.java:523) ~[spring-beans-6.1.1.jar:6.1.1]
	at org.springframework.beans.factory.support.AbstractBeanFactory.lambda$doGetBean$0(AbstractBeanFactory.java:325) ~[spring-beans-6.1.1.jar:6.1.1]
	at org.springframework.beans.factory.support.DefaultSingletonBeanRegistry.getSingleton(DefaultSingletonBeanRegistry.java:234) ~[spring-beans-6.1.1.jar:6.1.1]
	at org.springframework.beans.factory.support.AbstractBeanFactory.doGetBean(AbstractBeanFactory.java:323) ~[spring-beans-6.1.1.jar:6.1.1]
	at org.springframework.beans.factory.support.AbstractBeanFactory.getBean(AbstractBeanFactory.java:199) ~[spring-beans-6.1.1.jar:6.1.1]
	at org.springframework.beans.factory.support.DefaultListableBeanFactory.preInstantiateSingletons(DefaultListableBeanFactory.java:973) ~[spring-beans-6.1.1.jar:6.1.1]
	at org.springframework.context.support.AbstractApplicationContext.finishBeanFactoryInitialization(AbstractApplicationContext.java:946) ~[spring-context-6.1.1.jar:6.1.1]
	at org.springframework.context.support.AbstractApplicationContext.refresh(AbstractApplicationContext.java:616) ~[spring-context-6.1.1.jar:6.1.1]
	at org.springframework.boot.web.servlet.context.ServletWebServerApplicationContext.refresh(ServletWebServerApplicationContext.java:146) ~[spring-boot-3.2.0.jar:3.2.0]
	at org.springframework.boot.SpringApplication.refresh(SpringApplication.java:753) ~[spring-boot-3.2.0.jar:3.2.0]
	at org.springframework.boot.SpringApplication.refreshContext(SpringApplication.java:455) ~[spring-boot-3.2.0.jar:3.2.0]
	at org.springframework.boot.SpringApplication.run(SpringApplication.java:323) ~[spring-boot-3.2.0.jar:3.2.0]
	at org.springframework.boot.SpringApplication.run(SpringApplication.java:1342) ~[spring-boot-3.2.0.jar:3.2.0]
	at org.springframework.boot.SpringApplication.run(SpringApplication.java:1331) ~[spring-boot-3.2.0.jar:3.2.0]
	at com.pharmacy.inventory.InventoryManagementApplication.main(InventoryManagementApplication.java:10) ~[classes/:na]
	at java.base/jdk.internal.reflect.DirectMethodHandleAccessor.invoke(DirectMethodHandleAccessor.java:103) ~[na:na]
	at java.base/java.lang.reflect.Method.invoke(Method.java:580) ~[na:na]
	at org.springframework.boot.devtools.restart.RestartLauncher.run(RestartLauncher.java:50) ~[spring-boot-devtools-3.2.0.jar:3.2.0]
Caused by: org.springframework.beans.factory.BeanCreationException: Error creating bean with name 'authServiceImpl': Lookup method resolution failed
	at org.springframework.beans.factory.annotation.AutowiredAnnotationBeanPostProcessor.checkLookupMethods(AutowiredAnnotationBeanPostProcessor.java:482) ~[spring-beans-6.1.1.jar:6.1.1]
	at org.springframework.beans.factory.annotation.AutowiredAnnotationBeanPostProcessor.determineCandidateConstructors(AutowiredAnnotationBeanPostProcessor.java:352) ~[spring-beans-6.1.1.jar:6.1.1]
	at org.springframework.beans.factory.support.AbstractAutowireCapableBeanFactory.determineConstructorsFromBeanPostProcessors(AbstractAutowireCapableBeanFactory.java:1295) ~[spring-beans-6.1.1.jar:6.1.1]
	at org.springframework.beans.factory.support.AbstractAutowireCapableBeanFactory.createBeanInstance(AbstractAutowireCapableBeanFactory.java:1190) ~[spring-beans-6.1.1.jar:6.1.1]
	at org.springframework.beans.factory.support.AbstractAutowireCapableBeanFactory.doCreateBean(AbstractAutowireCapableBeanFactory.java:563) ~[spring-beans-6.1.1.jar:6.1.1]
	at org.springframework.beans.factory.support.AbstractAutowireCapableBeanFactory.createBean(AbstractAutowireCapableBeanFactory.java:523) ~[spring-beans-6.1.1.jar:6.1.1]
	at org.springframework.beans.factory.support.AbstractBeanFactory.lambda$doGetBean$0(AbstractBeanFactory.java:325) ~[spring-beans-6.1.1.jar:6.1.1]
	at org.springframework.beans.factory.support.DefaultSingletonBeanRegistry.getSingleton(DefaultSingletonBeanRegistry.java:234) ~[spring-beans-6.1.1.jar:6.1.1]
	at org.springframework.beans.factory.support.AbstractBeanFactory.doGetBean(AbstractBeanFactory.java:323) ~[spring-beans-6.1.1.jar:6.1.1]
	at org.springframework.beans.factory.support.AbstractBeanFactory.getBean(AbstractBeanFactory.java:199) ~[spring-beans-6.1.1.jar:6.1.1]
	at org.springframework.beans.factory.config.DependencyDescriptor.resolveCandidate(DependencyDescriptor.java:254) ~[spring-beans-6.1.1.jar:6.1.1]
	at org.springframework.beans.factory.support.DefaultListableBeanFactory.doResolveDependency(DefaultListableBeanFactory.java:1441) ~[spring-beans-6.1.1.jar:6.1.1]
	at org.springframework.beans.factory.support.DefaultListableBeanFactory.resolveDependency(DefaultListableBeanFactory.java:1348) ~[spring-beans-6.1.1.jar:6.1.1]
	at org.springframework.beans.factory.annotation.AutowiredAnnotationBeanPostProcessor$AutowiredFieldElement.resolveFieldValue(AutowiredAnnotationBeanPostProcessor.java:769) ~[spring-beans-6.1.1.jar:6.1.1]
	... 23 common frames omitted
Caused by: java.lang.IllegalStateException: Failed to introspect Class [com.pharmacy.inventory.service.impl.AuthServiceImpl] from ClassLoader [org.springframework.boot.devtools.restart.classloader.RestartClassLoader@71332cd6]
	at org.springframework.util.ReflectionUtils.getDeclaredMethods(ReflectionUtils.java:483) ~[spring-core-6.1.1.jar:6.1.1]
	at org.springframework.util.ReflectionUtils.doWithLocalMethods(ReflectionUtils.java:320) ~[spring-core-6.1.1.jar:6.1.1]
	at org.springframework.beans.factory.annotation.AutowiredAnnotationBeanPostProcessor.checkLookupMethods(AutowiredAnnotationBeanPostProcessor.java:460) ~[spring-beans-6.1.1.jar:6.1.1]
	... 36 common frames omitted
Caused by: java.lang.NoClassDefFoundError: org/springframework/security/crypto/password/PasswordEncoder
	at java.base/java.lang.Class.getDeclaredMethods0(Native Method) ~[na:na]
	at java.base/java.lang.Class.privateGetDeclaredMethods(Class.java:3580) ~[na:na]
	at java.base/java.lang.Class.getDeclaredMethods(Class.java:2678) ~[na:na]
	at org.springframework.util.ReflectionUtils.getDeclaredMethods(ReflectionUtils.java:465) ~[spring-core-6.1.1.jar:6.1.1]
	... 38 common frames omitted
Caused by: java.lang.ClassNotFoundException: org.springframework.security.crypto.password.PasswordEncoder
	at java.base/jdk.internal.loader.BuiltinClassLoader.loadClass(BuiltinClassLoader.java:641) ~[na:na]
	at java.base/jdk.internal.loader.ClassLoaders$AppClassLoader.loadClass(ClassLoaders.java:188) ~[na:na]
	at java.base/java.lang.ClassLoader.loadClass(ClassLoader.java:526) ~[na:na]
	at java.base/java.lang.Class.forName0(Native Method) ~[na:na]
	at java.base/java.lang.Class.forName(Class.java:536) ~[na:na]
	at java.base/java.lang.Class.forName(Class.java:515) ~[na:na]
	at org.springframework.boot.devtools.restart.classloader.RestartClassLoader.loadClass(RestartClassLoader.java:121) ~[spring-boot-devtools-3.2.0.jar:3.2.0]
	at java.base/java.lang.ClassLoader.loadClass(ClassLoader.java:526) ~[na:na]
	... 42 common frames omitted


  .   ____          _            __ _ _
 /\\ / ___'_ __ _ _(_)_ __  __ _ \ \ \ \
( ( )\___ | '_ | '_| | '_ \/ _` | \ \ \ \
 \\/  ___)| |_)| | | | | || (_| |  ) ) ) )
  '  |____| .__|_| |_|_| |_\__, | / / / /
 =========|_|==============|___/=/_/_/_/
 :: Spring Boot ::                (v3.2.0)

2026-08-15T16:07:51.000Z  INFO 45134 --- [pharmacy-inventory-management] [  restartedMain] c.p.i.InventoryManagementApplication     : Starting InventoryManagementApplication using Java 21.0.10 with PID 45134 (/app/target/classes started by jules in /app)
2026-08-15T16:07:51.000Z DEBUG 45134 --- [pharmacy-inventory-management] [  restartedMain] c.p.i.InventoryManagementApplication     : Running with Spring Boot v3.2.0, Spring v6.1.1
2026-08-15T16:07:51.001Z  INFO 45134 --- [pharmacy-inventory-management] [  restartedMain] c.p.i.InventoryManagementApplication     : No active profile set, falling back to 1 default profile: "default"
2026-08-15T16:07:51.205Z  INFO 45134 --- [pharmacy-inventory-management] [  restartedMain] .s.d.r.c.RepositoryConfigurationDelegate : Bootstrapping Spring Data JPA repositories in DEFAULT mode.
2026-08-15T16:07:51.207Z  INFO 45134 --- [pharmacy-inventory-management] [  restartedMain] .s.d.r.c.RepositoryConfigurationDelegate : Finished Spring Data repository scanning in 1 ms. Found 0 JPA repository interfaces.
2026-08-15T16:07:51.252Z  WARN 45134 --- [pharmacy-inventory-management] [  restartedMain] ConfigServletWebServerApplicationContext : Exception encountered during context initialization - cancelling refresh attempt: java.lang.NullPointerException: Cannot read field "generatedClass" because "data" is null
2026-08-15T16:07:51.259Z  INFO 45134 --- [pharmacy-inventory-management] [  restartedMain] .s.b.a.l.ConditionEvaluationReportLogger :

Error starting ApplicationContext. To display the condition evaluation report re-run your application with 'debug' enabled.
2026-08-15T16:07:51.261Z ERROR 45134 --- [pharmacy-inventory-management] [  restartedMain] o.s.boot.SpringApplication               : Application run failed

java.lang.NullPointerException: Cannot read field "generatedClass" because "data" is null
	at org.springframework.cglib.proxy.Enhancer.nextInstance(Enhancer.java:783) ~[spring-core-6.1.1.jar:6.1.1]
	at org.springframework.cglib.core.AbstractClassGenerator.create(AbstractClassGenerator.java:321) ~[spring-core-6.1.1.jar:6.1.1]
	at org.springframework.cglib.proxy.Enhancer.createHelper(Enhancer.java:562) ~[spring-core-6.1.1.jar:6.1.1]
	at org.springframework.cglib.proxy.Enhancer.createClass(Enhancer.java:407) ~[spring-core-6.1.1.jar:6.1.1]
	at org.springframework.context.annotation.ConfigurationClassEnhancer.createClass(ConfigurationClassEnhancer.java:138) ~[spring-context-6.1.1.jar:6.1.1]
	at org.springframework.context.annotation.ConfigurationClassEnhancer.enhance(ConfigurationClassEnhancer.java:109) ~[spring-context-6.1.1.jar:6.1.1]
	at org.springframework.context.annotation.ConfigurationClassPostProcessor.enhanceConfigurationClasses(ConfigurationClassPostProcessor.java:533) ~[spring-context-6.1.1.jar:6.1.1]
	at org.springframework.context.annotation.ConfigurationClassPostProcessor.postProcessBeanFactory(ConfigurationClassPostProcessor.java:310) ~[spring-context-6.1.1.jar:6.1.1]
	at org.springframework.context.support.PostProcessorRegistrationDelegate.invokeBeanFactoryPostProcessors(PostProcessorRegistrationDelegate.java:363) ~[spring-context-6.1.1.jar:6.1.1]
	at org.springframework.context.support.PostProcessorRegistrationDelegate.invokeBeanFactoryPostProcessors(PostProcessorRegistrationDelegate.java:153) ~[spring-context-6.1.1.jar:6.1.1]
	at org.springframework.context.support.AbstractApplicationContext.invokeBeanFactoryPostProcessors(AbstractApplicationContext.java:775) ~[spring-context-6.1.1.jar:6.1.1]
	at org.springframework.context.support.AbstractApplicationContext.refresh(AbstractApplicationContext.java:597) ~[spring-context-6.1.1.jar:6.1.1]
	at org.springframework.boot.web.servlet.context.ServletWebServerApplicationContext.refresh(ServletWebServerApplicationContext.java:146) ~[spring-boot-3.2.0.jar:3.2.0]
	at org.springframework.boot.SpringApplication.refresh(SpringApplication.java:753) ~[spring-boot-3.2.0.jar:3.2.0]
	at org.springframework.boot.SpringApplication.refreshContext(SpringApplication.java:455) ~[spring-boot-3.2.0.jar:3.2.0]
	at org.springframework.boot.SpringApplication.run(SpringApplication.java:323) ~[spring-boot-3.2.0.jar:3.2.0]
	at org.springframework.boot.SpringApplication.run(SpringApplication.java:1342) ~[spring-boot-3.2.0.jar:3.2.0]
	at org.springframework.boot.SpringApplication.run(SpringApplication.java:1331) ~[spring-boot-3.2.0.jar:3.2.0]
	at com.pharmacy.inventory.InventoryManagementApplication.main(InventoryManagementApplication.java:10) ~[classes/:na]
	at java.base/jdk.internal.reflect.DirectMethodHandleAccessor.invoke(DirectMethodHandleAccessor.java:103) ~[na:na]
	at java.base/java.lang.reflect.Method.invoke(Method.java:580) ~[na:na]
	at org.springframework.boot.devtools.restart.RestartLauncher.run(RestartLauncher.java:50) ~[spring-boot-devtools-3.2.0.jar:3.2.0]


  .   ____          _            __ _ _
 /\\ / ___'_ __ _ _(_)_ __  __ _ \ \ \ \
( ( )\___ | '_ | '_| | '_ \/ _` | \ \ \ \
 \\/  ___)| |_)| | | | | || (_| |  ) ) ) )
  '  |____| .__|_| |_|_| |_\__, | / / / /
 =========|_|==============|___/=/_/_/_/
 :: Spring Boot ::                (v3.2.0)

2026-08-15T16:07:53.499Z  INFO 45134 --- [pharmacy-inventory-management] [  restartedMain] c.p.i.InventoryManagementApplication     : Starting InventoryManagementApplication using Java 21.0.10 with PID 45134 (/app/target/classes started by jules in /app)
2026-08-15T16:07:53.499Z DEBUG 45134 --- [pharmacy-inventory-management] [  restartedMain] c.p.i.InventoryManagementApplication     : Running with Spring Boot v3.2.0, Spring v6.1.1
2026-08-15T16:07:53.499Z  INFO 45134 --- [pharmacy-inventory-management] [  restartedMain] c.p.i.InventoryManagementApplication     : No active profile set, falling back to 1 default profile: "default"
2026-08-15T16:07:53.797Z  INFO 45134 --- [pharmacy-inventory-management] [  restartedMain] .s.d.r.c.RepositoryConfigurationDelegate : Bootstrapping Spring Data JPA repositories in DEFAULT mode.
2026-08-15T16:07:53.845Z  INFO 45134 --- [pharmacy-inventory-management] [  restartedMain] .s.d.r.c.RepositoryConfigurationDelegate : Finished Spring Data repository scanning in 44 ms. Found 6 JPA repository interfaces.
2026-08-15T16:07:54.748Z  INFO 45134 --- [pharmacy-inventory-management] [  restartedMain] o.s.b.w.embedded.tomcat.TomcatWebServer  : Tomcat initialized with port 8088 (http)
2026-08-15T16:07:54.751Z  INFO 45134 --- [pharmacy-inventory-management] [  restartedMain] o.apache.catalina.core.StandardService   : Starting service [Tomcat]
2026-08-15T16:07:54.751Z  INFO 45134 --- [pharmacy-inventory-management] [  restartedMain] o.apache.catalina.core.StandardEngine    : Starting Servlet engine: [Apache Tomcat/10.1.16]
2026-08-15T16:07:54.763Z  INFO 45134 --- [pharmacy-inventory-management] [  restartedMain] o.a.c.c.C.[Tomcat-4].[localhost].[/]     : Initializing Spring embedded WebApplicationContext
2026-08-15T16:07:54.763Z  INFO 45134 --- [pharmacy-inventory-management] [  restartedMain] w.s.c.ServletWebServerApplicationContext : Root WebApplicationContext: initialization completed in 1261 ms
2026-08-15T16:07:54.786Z  INFO 45134 --- [pharmacy-inventory-management] [  restartedMain] com.zaxxer.hikari.HikariDataSource       : HikariPool-9 - Starting...
2026-08-15T16:07:54.799Z  INFO 45134 --- [pharmacy-inventory-management] [  restartedMain] com.zaxxer.hikari.pool.HikariPool        : HikariPool-9 - Added connection conn77: url=jdbc:h2:mem:pharmacydb user=SA
2026-08-15T16:07:54.799Z  INFO 45134 --- [pharmacy-inventory-management] [  restartedMain] com.zaxxer.hikari.HikariDataSource       : HikariPool-9 - Start completed.
2026-08-15T16:07:54.800Z  INFO 45134 --- [pharmacy-inventory-management] [  restartedMain] o.s.b.a.h2.H2ConsoleAutoConfiguration    : H2 console available at '/h2-console'. Database available at 'jdbc:h2:mem:pharmacydb'
2026-08-15T16:07:54.835Z  INFO 45134 --- [pharmacy-inventory-management] [  restartedMain] o.hibernate.jpa.internal.util.LogHelper  : HHH000204: Processing PersistenceUnitInfo [name: default]
2026-08-15T16:07:54.838Z  INFO 45134 --- [pharmacy-inventory-management] [  restartedMain] o.h.c.internal.RegionFactoryInitiator    : HHH000026: Second-level cache disabled
2026-08-15T16:07:54.841Z  INFO 45134 --- [pharmacy-inventory-management] [  restartedMain] o.s.o.j.p.SpringPersistenceUnitInfo      : No LoadTimeWeaver setup: ignoring JPA class transformer
2026-08-15T16:07:54.843Z  WARN 45134 --- [pharmacy-inventory-management] [  restartedMain] org.hibernate.orm.deprecation            : HHH90000025: H2Dialect does not need to be specified explicitly using 'hibernate.dialect' (remove the property setting and it will be selected by default)
2026-08-15T16:07:55.046Z  INFO 45134 --- [pharmacy-inventory-management] [  restartedMain] o.h.e.t.j.p.i.JtaPlatformInitiator       : HHH000489: No JTA platform available (set 'hibernate.transaction.jta.platform' to enable JTA platform integration)
Hibernate:
    drop table if exists categories cascade
Hibernate:
    drop table if exists medications cascade
Hibernate:
    drop table if exists sales cascade
Hibernate:
    drop table if exists suppliers cascade
Hibernate:
    drop table if exists users cascade
Hibernate:
    create table categories (
        created_at timestamp(6),
        id bigint generated by default as identity,
        updated_at timestamp(6),
        description varchar(500),
        name varchar(255) not null unique,
        primary key (id)
    )
Hibernate:
    create table medications (
        expiration_date date,
        is_deleted boolean,
        low_stock_threshold integer,
        price numeric(10,2) not null,
        quantity integer not null,
        category_id bigint,
        created_at timestamp(6),
        id bigint generated by default as identity,
        supplier_id bigint,
        updated_at timestamp(6),
        description varchar(1000),
        batch_number varchar(255),
        manufacturer varchar(255),
        name varchar(255) not null,
        type varchar(255),
        primary key (id)
    )
Hibernate:
    create table sales (
        cost_price numeric(10,2),
        quantity integer not null,
        sale_date date not null,
        total_price numeric(10,2) not null,
        unit_price numeric(10,2) not null,
        created_at timestamp(6),
        id bigint generated by default as identity,
        medication_id bigint not null,
        primary key (id)
    )
Hibernate:
    create table suppliers (
        active boolean default true not null,
        created_at timestamp(6),
        id bigint generated by default as identity,
        updated_at timestamp(6),
        address varchar(500),
        contact_person varchar(255),
        email varchar(255) not null unique,
        name varchar(255) not null,
        phone varchar(255) not null,
        primary key (id)
    )
Hibernate:
    create table users (
        created_at timestamp(6),
        id bigint generated by default as identity,
        email varchar(255) not null unique,
        full_name varchar(255) not null,
        password varchar(255) not null,
        role varchar(255) not null,
        primary key (id)
    )
Hibernate:
    alter table if exists medications
       add constraint FKmf1t7pw4h0df5jr8gld0uf05k
       foreign key (category_id)
       references categories
Hibernate:
    alter table if exists medications
       add constraint FK94rldjohkfmifdk13m2i03g70
       foreign key (supplier_id)
       references suppliers
Hibernate:
    alter table if exists sales
       add constraint FKaawj0sejy9oq9li56m5hum7tp
       foreign key (medication_id)
       references medications
2026-08-15T16:07:55.074Z  INFO 45134 --- [pharmacy-inventory-management] [  restartedMain] j.LocalContainerEntityManagerFactoryBean : Initialized JPA EntityManagerFactory for persistence unit 'default'
2026-08-15T16:07:55.086Z  WARN 45134 --- [pharmacy-inventory-management] [  restartedMain] ConfigServletWebServerApplicationContext : Exception encountered during context initialization - cancelling refresh attempt: org.springframework.beans.factory.UnsatisfiedDependencyException: Error creating bean with name 'authController': Unsatisfied dependency expressed through field 'authService': Error creating bean with name 'authServiceImpl': Lookup method resolution failed
2026-08-15T16:07:55.086Z  INFO 45134 --- [pharmacy-inventory-management] [  restartedMain] j.LocalContainerEntityManagerFactoryBean : Closing JPA EntityManagerFactory for persistence unit 'default'
Hibernate:
    drop table if exists categories cascade
Hibernate:
    drop table if exists medications cascade
Hibernate:
    drop table if exists sales cascade
Hibernate:
    drop table if exists suppliers cascade
Hibernate:
    drop table if exists users cascade
2026-08-15T16:07:55.090Z  WARN 45134 --- [pharmacy-inventory-management] [  restartedMain] o.s.b.f.support.DisposableBeanAdapter    : Invocation of destroy method failed on bean with name 'inMemoryDatabaseShutdownExecutor': org.h2.jdbc.JdbcSQLNonTransientConnectionException: Database is already closed (to disable automatic closing at VM shutdown, add ";DB_CLOSE_ON_EXIT=FALSE" to the db URL) [90121-224]
2026-08-15T16:07:55.090Z  INFO 45134 --- [pharmacy-inventory-management] [  restartedMain] com.zaxxer.hikari.HikariDataSource       : HikariPool-9 - Shutdown initiated...
2026-08-15T16:07:55.094Z  INFO 45134 --- [pharmacy-inventory-management] [  restartedMain] com.zaxxer.hikari.HikariDataSource       : HikariPool-9 - Shutdown completed.
2026-08-15T16:07:55.094Z  INFO 45134 --- [pharmacy-inventory-management] [  restartedMain] o.apache.catalina.core.StandardService   : Stopping service [Tomcat]
2026-08-15T16:07:55.103Z  INFO 45134 --- [pharmacy-inventory-management] [  restartedMain] .s.b.a.l.ConditionEvaluationReportLogger :

Error starting ApplicationContext. To display the condition evaluation report re-run your application with 'debug' enabled.
2026-08-15T16:07:55.104Z ERROR 45134 --- [pharmacy-inventory-management] [  restartedMain] o.s.boot.SpringApplication               : Application run failed

org.springframework.beans.factory.UnsatisfiedDependencyException: Error creating bean with name 'authController': Unsatisfied dependency expressed through field 'authService': Error creating bean with name 'authServiceImpl': Lookup method resolution failed
	at org.springframework.beans.factory.annotation.AutowiredAnnotationBeanPostProcessor$AutowiredFieldElement.resolveFieldValue(AutowiredAnnotationBeanPostProcessor.java:772) ~[spring-beans-6.1.1.jar:6.1.1]
	at org.springframework.beans.factory.annotation.AutowiredAnnotationBeanPostProcessor$AutowiredFieldElement.inject(AutowiredAnnotationBeanPostProcessor.java:752) ~[spring-beans-6.1.1.jar:6.1.1]
	at org.springframework.beans.factory.annotation.InjectionMetadata.inject(InjectionMetadata.java:145) ~[spring-beans-6.1.1.jar:6.1.1]
	at org.springframework.beans.factory.annotation.AutowiredAnnotationBeanPostProcessor.postProcessProperties(AutowiredAnnotationBeanPostProcessor.java:493) ~[spring-beans-6.1.1.jar:6.1.1]
	at org.springframework.beans.factory.support.AbstractAutowireCapableBeanFactory.populateBean(AbstractAutowireCapableBeanFactory.java:1420) ~[spring-beans-6.1.1.jar:6.1.1]
	at org.springframework.beans.factory.support.AbstractAutowireCapableBeanFactory.doCreateBean(AbstractAutowireCapableBeanFactory.java:600) ~[spring-beans-6.1.1.jar:6.1.1]
	at org.springframework.beans.factory.support.AbstractAutowireCapableBeanFactory.createBean(AbstractAutowireCapableBeanFactory.java:523) ~[spring-beans-6.1.1.jar:6.1.1]
	at org.springframework.beans.factory.support.AbstractBeanFactory.lambda$doGetBean$0(AbstractBeanFactory.java:325) ~[spring-beans-6.1.1.jar:6.1.1]
	at org.springframework.beans.factory.support.DefaultSingletonBeanRegistry.getSingleton(DefaultSingletonBeanRegistry.java:234) ~[spring-beans-6.1.1.jar:6.1.1]
	at org.springframework.beans.factory.support.AbstractBeanFactory.doGetBean(AbstractBeanFactory.java:323) ~[spring-beans-6.1.1.jar:6.1.1]
	at org.springframework.beans.factory.support.AbstractBeanFactory.getBean(AbstractBeanFactory.java:199) ~[spring-beans-6.1.1.jar:6.1.1]
	at org.springframework.beans.factory.support.DefaultListableBeanFactory.preInstantiateSingletons(DefaultListableBeanFactory.java:973) ~[spring-beans-6.1.1.jar:6.1.1]
	at org.springframework.context.support.AbstractApplicationContext.finishBeanFactoryInitialization(AbstractApplicationContext.java:946) ~[spring-context-6.1.1.jar:6.1.1]
	at org.springframework.context.support.AbstractApplicationContext.refresh(AbstractApplicationContext.java:616) ~[spring-context-6.1.1.jar:6.1.1]
	at org.springframework.boot.web.servlet.context.ServletWebServerApplicationContext.refresh(ServletWebServerApplicationContext.java:146) ~[spring-boot-3.2.0.jar:3.2.0]
	at org.springframework.boot.SpringApplication.refresh(SpringApplication.java:753) ~[spring-boot-3.2.0.jar:3.2.0]
	at org.springframework.boot.SpringApplication.refreshContext(SpringApplication.java:455) ~[spring-boot-3.2.0.jar:3.2.0]
	at org.springframework.boot.SpringApplication.run(SpringApplication.java:323) ~[spring-boot-3.2.0.jar:3.2.0]
	at org.springframework.boot.SpringApplication.run(SpringApplication.java:1342) ~[spring-boot-3.2.0.jar:3.2.0]
	at org.springframework.boot.SpringApplication.run(SpringApplication.java:1331) ~[spring-boot-3.2.0.jar:3.2.0]
	at com.pharmacy.inventory.InventoryManagementApplication.main(InventoryManagementApplication.java:10) ~[classes/:na]
	at java.base/jdk.internal.reflect.DirectMethodHandleAccessor.invoke(DirectMethodHandleAccessor.java:103) ~[na:na]
	at java.base/java.lang.reflect.Method.invoke(Method.java:580) ~[na:na]
	at org.springframework.boot.devtools.restart.RestartLauncher.run(RestartLauncher.java:50) ~[spring-boot-devtools-3.2.0.jar:3.2.0]
Caused by: org.springframework.beans.factory.BeanCreationException: Error creating bean with name 'authServiceImpl': Lookup method resolution failed
	at org.springframework.beans.factory.annotation.AutowiredAnnotationBeanPostProcessor.checkLookupMethods(AutowiredAnnotationBeanPostProcessor.java:482) ~[spring-beans-6.1.1.jar:6.1.1]
	at org.springframework.beans.factory.annotation.AutowiredAnnotationBeanPostProcessor.determineCandidateConstructors(AutowiredAnnotationBeanPostProcessor.java:352) ~[spring-beans-6.1.1.jar:6.1.1]
	at org.springframework.beans.factory.support.AbstractAutowireCapableBeanFactory.determineConstructorsFromBeanPostProcessors(AbstractAutowireCapableBeanFactory.java:1295) ~[spring-beans-6.1.1.jar:6.1.1]
	at org.springframework.beans.factory.support.AbstractAutowireCapableBeanFactory.createBeanInstance(AbstractAutowireCapableBeanFactory.java:1190) ~[spring-beans-6.1.1.jar:6.1.1]
	at org.springframework.beans.factory.support.AbstractAutowireCapableBeanFactory.doCreateBean(AbstractAutowireCapableBeanFactory.java:563) ~[spring-beans-6.1.1.jar:6.1.1]
	at org.springframework.beans.factory.support.AbstractAutowireCapableBeanFactory.createBean(AbstractAutowireCapableBeanFactory.java:523) ~[spring-beans-6.1.1.jar:6.1.1]
	at org.springframework.beans.factory.support.AbstractBeanFactory.lambda$doGetBean$0(AbstractBeanFactory.java:325) ~[spring-beans-6.1.1.jar:6.1.1]
	at org.springframework.beans.factory.support.DefaultSingletonBeanRegistry.getSingleton(DefaultSingletonBeanRegistry.java:234) ~[spring-beans-6.1.1.jar:6.1.1]
	at org.springframework.beans.factory.support.AbstractBeanFactory.doGetBean(AbstractBeanFactory.java:323) ~[spring-beans-6.1.1.jar:6.1.1]
	at org.springframework.beans.factory.support.AbstractBeanFactory.getBean(AbstractBeanFactory.java:199) ~[spring-beans-6.1.1.jar:6.1.1]
	at org.springframework.beans.factory.config.DependencyDescriptor.resolveCandidate(DependencyDescriptor.java:254) ~[spring-beans-6.1.1.jar:6.1.1]
	at org.springframework.beans.factory.support.DefaultListableBeanFactory.doResolveDependency(DefaultListableBeanFactory.java:1441) ~[spring-beans-6.1.1.jar:6.1.1]
	at org.springframework.beans.factory.support.DefaultListableBeanFactory.resolveDependency(DefaultListableBeanFactory.java:1348) ~[spring-beans-6.1.1.jar:6.1.1]
	at org.springframework.beans.factory.annotation.AutowiredAnnotationBeanPostProcessor$AutowiredFieldElement.resolveFieldValue(AutowiredAnnotationBeanPostProcessor.java:769) ~[spring-beans-6.1.1.jar:6.1.1]
	... 23 common frames omitted
Caused by: java.lang.IllegalStateException: Failed to introspect Class [com.pharmacy.inventory.service.impl.AuthServiceImpl] from ClassLoader [org.springframework.boot.devtools.restart.classloader.RestartClassLoader@da96121]
	at org.springframework.util.ReflectionUtils.getDeclaredMethods(ReflectionUtils.java:483) ~[spring-core-6.1.1.jar:6.1.1]
	at org.springframework.util.ReflectionUtils.doWithLocalMethods(ReflectionUtils.java:320) ~[spring-core-6.1.1.jar:6.1.1]
	at org.springframework.beans.factory.annotation.AutowiredAnnotationBeanPostProcessor.checkLookupMethods(AutowiredAnnotationBeanPostProcessor.java:460) ~[spring-beans-6.1.1.jar:6.1.1]
	... 36 common frames omitted
Caused by: java.lang.NoClassDefFoundError: org/springframework/security/crypto/password/PasswordEncoder
	at java.base/java.lang.Class.getDeclaredMethods0(Native Method) ~[na:na]
	at java.base/java.lang.Class.privateGetDeclaredMethods(Class.java:3580) ~[na:na]
	at java.base/java.lang.Class.getDeclaredMethods(Class.java:2678) ~[na:na]
	at org.springframework.util.ReflectionUtils.getDeclaredMethods(ReflectionUtils.java:465) ~[spring-core-6.1.1.jar:6.1.1]
	... 38 common frames omitted
Caused by: java.lang.ClassNotFoundException: org.springframework.security.crypto.password.PasswordEncoder
	at java.base/jdk.internal.loader.BuiltinClassLoader.loadClass(BuiltinClassLoader.java:641) ~[na:na]
	at java.base/jdk.internal.loader.ClassLoaders$AppClassLoader.loadClass(ClassLoaders.java:188) ~[na:na]
	at java.base/java.lang.ClassLoader.loadClass(ClassLoader.java:526) ~[na:na]
	at java.base/java.lang.Class.forName0(Native Method) ~[na:na]
	at java.base/java.lang.Class.forName(Class.java:536) ~[na:na]
	at java.base/java.lang.Class.forName(Class.java:515) ~[na:na]
	at org.springframework.boot.devtools.restart.classloader.RestartClassLoader.loadClass(RestartClassLoader.java:121) ~[spring-boot-devtools-3.2.0.jar:3.2.0]
	at java.base/java.lang.ClassLoader.loadClass(ClassLoader.java:526) ~[na:na]
	... 42 common frames omitted


  .   ____          _            __ _ _
 /\\ / ___'_ __ _ _(_)_ __  __ _ \ \ \ \
( ( )\___ | '_ | '_| | '_ \/ _` | \ \ \ \
 \\/  ___)| |_)| | | | | || (_| |  ) ) ) )
  '  |____| .__|_| |_|_| |_\__, | / / / /
 =========|_|==============|___/=/_/_/_/
 :: Spring Boot ::                (v3.2.0)

2026-08-15T16:34:19.705Z  INFO 45134 --- [pharmacy-inventory-management] [  restartedMain] c.p.i.InventoryManagementApplication     : Starting InventoryManagementApplication using Java 21.0.10 with PID 45134 (/app/target/classes started by jules in /app)
2026-08-15T16:34:19.710Z DEBUG 45134 --- [pharmacy-inventory-management] [  restartedMain] c.p.i.InventoryManagementApplication     : Running with Spring Boot v3.2.0, Spring v6.1.1
2026-08-15T16:34:19.711Z  INFO 45134 --- [pharmacy-inventory-management] [  restartedMain] c.p.i.InventoryManagementApplication     : No active profile set, falling back to 1 default profile: "default"
2026-08-15T16:34:20.718Z  INFO 45134 --- [pharmacy-inventory-management] [  restartedMain] .s.d.r.c.RepositoryConfigurationDelegate : Bootstrapping Spring Data JPA repositories in DEFAULT mode.
2026-08-15T16:34:20.799Z  INFO 45134 --- [pharmacy-inventory-management] [  restartedMain] .s.d.r.c.RepositoryConfigurationDelegate : Finished Spring Data repository scanning in 77 ms. Found 1 JPA repository interface.
2026-08-15T16:34:21.108Z  WARN 45134 --- [pharmacy-inventory-management] [  restartedMain] ConfigServletWebServerApplicationContext : Exception encountered during context initialization - cancelling refresh attempt: java.lang.NullPointerException: Cannot read field "generatedClass" because "data" is null
2026-08-15T16:34:21.150Z  INFO 45134 --- [pharmacy-inventory-management] [  restartedMain] .s.b.a.l.ConditionEvaluationReportLogger :

Error starting ApplicationContext. To display the condition evaluation report re-run your application with 'debug' enabled.
2026-08-15T16:34:21.199Z ERROR 45134 --- [pharmacy-inventory-management] [  restartedMain] o.s.boot.SpringApplication               : Application run failed

java.lang.NullPointerException: Cannot read field "generatedClass" because "data" is null
	at org.springframework.cglib.proxy.Enhancer.nextInstance(Enhancer.java:783) ~[spring-core-6.1.1.jar:6.1.1]
	at org.springframework.cglib.core.AbstractClassGenerator.create(AbstractClassGenerator.java:321) ~[spring-core-6.1.1.jar:6.1.1]
	at org.springframework.cglib.proxy.Enhancer.createHelper(Enhancer.java:562) ~[spring-core-6.1.1.jar:6.1.1]
	at org.springframework.cglib.proxy.Enhancer.createClass(Enhancer.java:407) ~[spring-core-6.1.1.jar:6.1.1]
	at org.springframework.context.annotation.ConfigurationClassEnhancer.createClass(ConfigurationClassEnhancer.java:138) ~[spring-context-6.1.1.jar:6.1.1]
	at org.springframework.context.annotation.ConfigurationClassEnhancer.enhance(ConfigurationClassEnhancer.java:109) ~[spring-context-6.1.1.jar:6.1.1]
	at org.springframework.context.annotation.ConfigurationClassPostProcessor.enhanceConfigurationClasses(ConfigurationClassPostProcessor.java:533) ~[spring-context-6.1.1.jar:6.1.1]
	at org.springframework.context.annotation.ConfigurationClassPostProcessor.postProcessBeanFactory(ConfigurationClassPostProcessor.java:310) ~[spring-context-6.1.1.jar:6.1.1]
	at org.springframework.context.support.PostProcessorRegistrationDelegate.invokeBeanFactoryPostProcessors(PostProcessorRegistrationDelegate.java:363) ~[spring-context-6.1.1.jar:6.1.1]
	at org.springframework.context.support.PostProcessorRegistrationDelegate.invokeBeanFactoryPostProcessors(PostProcessorRegistrationDelegate.java:153) ~[spring-context-6.1.1.jar:6.1.1]
	at org.springframework.context.support.AbstractApplicationContext.invokeBeanFactoryPostProcessors(AbstractApplicationContext.java:775) ~[spring-context-6.1.1.jar:6.1.1]
	at org.springframework.context.support.AbstractApplicationContext.refresh(AbstractApplicationContext.java:597) ~[spring-context-6.1.1.jar:6.1.1]
	at org.springframework.boot.web.servlet.context.ServletWebServerApplicationContext.refresh(ServletWebServerApplicationContext.java:146) ~[spring-boot-3.2.0.jar:3.2.0]
	at org.springframework.boot.SpringApplication.refresh(SpringApplication.java:753) ~[spring-boot-3.2.0.jar:3.2.0]
	at org.springframework.boot.SpringApplication.refreshContext(SpringApplication.java:455) ~[spring-boot-3.2.0.jar:3.2.0]
	at org.springframework.boot.SpringApplication.run(SpringApplication.java:323) ~[spring-boot-3.2.0.jar:3.2.0]
	at org.springframework.boot.SpringApplication.run(SpringApplication.java:1342) ~[spring-boot-3.2.0.jar:3.2.0]
	at org.springframework.boot.SpringApplication.run(SpringApplication.java:1331) ~[spring-boot-3.2.0.jar:3.2.0]
	at com.pharmacy.inventory.InventoryManagementApplication.main(InventoryManagementApplication.java:10) ~[classes/:na]
	at java.base/jdk.internal.reflect.DirectMethodHandleAccessor.invoke(DirectMethodHandleAccessor.java:103) ~[na:na]
	at java.base/java.lang.reflect.Method.invoke(Method.java:580) ~[na:na]
	at org.springframework.boot.devtools.restart.RestartLauncher.run(RestartLauncher.java:50) ~[spring-boot-devtools-3.2.0.jar:3.2.0]


  .   ____          _            __ _ _
 /\\ / ___'_ __ _ _(_)_ __  __ _ \ \ \ \
( ( )\___ | '_ | '_| | '_ \/ _` | \ \ \ \
 \\/  ___)| |_)| | | | | || (_| |  ) ) ) )
  '  |____| .__|_| |_|_| |_\__, | / / / /
 =========|_|==============|___/=/_/_/_/
 :: Spring Boot ::                (v3.2.0)

2026-08-15T16:34:24.317Z  INFO 45134 --- [pharmacy-inventory-management] [  restartedMain] c.p.i.InventoryManagementApplication     : Starting InventoryManagementApplication using Java 21.0.10 with PID 45134 (/app/target/classes started by jules in /app)
2026-08-15T16:34:24.317Z DEBUG 45134 --- [pharmacy-inventory-management] [  restartedMain] c.p.i.InventoryManagementApplication     : Running with Spring Boot v3.2.0, Spring v6.1.1
2026-08-15T16:34:24.318Z  INFO 45134 --- [pharmacy-inventory-management] [  restartedMain] c.p.i.InventoryManagementApplication     : No active profile set, falling back to 1 default profile: "default"
2026-08-15T16:34:24.747Z  INFO 45134 --- [pharmacy-inventory-management] [  restartedMain] .s.d.r.c.RepositoryConfigurationDelegate : Bootstrapping Spring Data JPA repositories in DEFAULT mode.
2026-08-15T16:34:24.803Z  INFO 45134 --- [pharmacy-inventory-management] [  restartedMain] .s.d.r.c.RepositoryConfigurationDelegate : Finished Spring Data repository scanning in 55 ms. Found 6 JPA repository interfaces.
2026-08-15T16:34:25.207Z  INFO 45134 --- [pharmacy-inventory-management] [  restartedMain] o.s.b.w.embedded.tomcat.TomcatWebServer  : Tomcat initialized with port 8088 (http)
2026-08-15T16:34:25.212Z  INFO 45134 --- [pharmacy-inventory-management] [  restartedMain] o.apache.catalina.core.StandardService   : Starting service [Tomcat]
2026-08-15T16:34:25.212Z  INFO 45134 --- [pharmacy-inventory-management] [  restartedMain] o.apache.catalina.core.StandardEngine    : Starting Servlet engine: [Apache Tomcat/10.1.16]
2026-08-15T16:34:25.235Z  INFO 45134 --- [pharmacy-inventory-management] [  restartedMain] o.a.c.c.C.[Tomcat-5].[localhost].[/]     : Initializing Spring embedded WebApplicationContext
2026-08-15T16:34:25.236Z  INFO 45134 --- [pharmacy-inventory-management] [  restartedMain] w.s.c.ServletWebServerApplicationContext : Root WebApplicationContext: initialization completed in 914 ms
2026-08-15T16:34:25.265Z  INFO 45134 --- [pharmacy-inventory-management] [  restartedMain] com.zaxxer.hikari.HikariDataSource       : HikariPool-10 - Starting...
2026-08-15T16:34:25.301Z  INFO 45134 --- [pharmacy-inventory-management] [  restartedMain] com.zaxxer.hikari.pool.HikariPool        : HikariPool-10 - Added connection conn87: url=jdbc:h2:mem:pharmacydb user=SA
2026-08-15T16:34:25.302Z  INFO 45134 --- [pharmacy-inventory-management] [  restartedMain] com.zaxxer.hikari.HikariDataSource       : HikariPool-10 - Start completed.
2026-08-15T16:34:25.304Z  INFO 45134 --- [pharmacy-inventory-management] [  restartedMain] o.s.b.a.h2.H2ConsoleAutoConfiguration    : H2 console available at '/h2-console'. Database available at 'jdbc:h2:mem:pharmacydb'
2026-08-15T16:34:25.362Z  INFO 45134 --- [pharmacy-inventory-management] [  restartedMain] o.hibernate.jpa.internal.util.LogHelper  : HHH000204: Processing PersistenceUnitInfo [name: default]
2026-08-15T16:34:25.380Z  INFO 45134 --- [pharmacy-inventory-management] [  restartedMain] o.h.c.internal.RegionFactoryInitiator    : HHH000026: Second-level cache disabled
2026-08-15T16:34:25.407Z  INFO 45134 --- [pharmacy-inventory-management] [  restartedMain] o.s.o.j.p.SpringPersistenceUnitInfo      : No LoadTimeWeaver setup: ignoring JPA class transformer
2026-08-15T16:34:25.418Z  WARN 45134 --- [pharmacy-inventory-management] [  restartedMain] org.hibernate.orm.deprecation            : HHH90000025: H2Dialect does not need to be specified explicitly using 'hibernate.dialect' (remove the property setting and it will be selected by default)
2026-08-15T16:34:25.720Z  INFO 45134 --- [pharmacy-inventory-management] [  restartedMain] o.h.e.t.j.p.i.JtaPlatformInitiator       : HHH000489: No JTA platform available (set 'hibernate.transaction.jta.platform' to enable JTA platform integration)
Hibernate:
    drop table if exists categories cascade
Hibernate:
    drop table if exists medications cascade
Hibernate:
    drop table if exists sales cascade
Hibernate:
    drop table if exists suppliers cascade
Hibernate:
    drop table if exists users cascade
Hibernate:
    create table categories (
        created_at timestamp(6),
        id bigint generated by default as identity,
        updated_at timestamp(6),
        description varchar(500),
        name varchar(255) not null unique,
        primary key (id)
    )
Hibernate:
    create table medications (
        expiration_date date,
        is_deleted boolean,
        low_stock_threshold integer,
        price numeric(10,2) not null,
        quantity integer not null,
        category_id bigint,
        created_at timestamp(6),
        id bigint generated by default as identity,
        supplier_id bigint,
        updated_at timestamp(6),
        description varchar(1000),
        batch_number varchar(255),
        manufacturer varchar(255),
        name varchar(255) not null,
        type varchar(255),
        primary key (id)
    )
Hibernate:
    create table sales (
        cost_price numeric(10,2),
        quantity integer not null,
        sale_date date not null,
        total_price numeric(10,2) not null,
        unit_price numeric(10,2) not null,
        created_at timestamp(6),
        id bigint generated by default as identity,
        medication_id bigint not null,
        primary key (id)
    )
Hibernate:
    create table suppliers (
        active boolean default true not null,
        created_at timestamp(6),
        id bigint generated by default as identity,
        updated_at timestamp(6),
        address varchar(500),
        contact_person varchar(255),
        email varchar(255) not null unique,
        name varchar(255) not null,
        phone varchar(255) not null,
        primary key (id)
    )
Hibernate:
    create table users (
        created_at timestamp(6),
        id bigint generated by default as identity,
        email varchar(255) not null unique,
        full_name varchar(255) not null,
        password varchar(255) not null,
        role varchar(255) not null,
        primary key (id)
    )
Hibernate:
    alter table if exists medications
       add constraint FKmf1t7pw4h0df5jr8gld0uf05k
       foreign key (category_id)
       references categories
Hibernate:
    alter table if exists medications
       add constraint FK94rldjohkfmifdk13m2i03g70
       foreign key (supplier_id)
       references suppliers
Hibernate:
    alter table if exists sales
       add constraint FKaawj0sejy9oq9li56m5hum7tp
       foreign key (medication_id)
       references medications
2026-08-15T16:34:25.755Z  INFO 45134 --- [pharmacy-inventory-management] [  restartedMain] j.LocalContainerEntityManagerFactoryBean : Initialized JPA EntityManagerFactory for persistence unit 'default'
2026-08-15T16:34:25.773Z  WARN 45134 --- [pharmacy-inventory-management] [  restartedMain] ConfigServletWebServerApplicationContext : Exception encountered during context initialization - cancelling refresh attempt: org.springframework.beans.factory.UnsatisfiedDependencyException: Error creating bean with name 'authController': Unsatisfied dependency expressed through field 'authService': Error creating bean with name 'authServiceImpl': Lookup method resolution failed
2026-08-15T16:34:25.773Z  INFO 45134 --- [pharmacy-inventory-management] [  restartedMain] j.LocalContainerEntityManagerFactoryBean : Closing JPA EntityManagerFactory for persistence unit 'default'
Hibernate:
    drop table if exists categories cascade
Hibernate:
    drop table if exists medications cascade
Hibernate:
    drop table if exists sales cascade
Hibernate:
    drop table if exists suppliers cascade
Hibernate:
    drop table if exists users cascade
2026-08-15T16:34:25.780Z  WARN 45134 --- [pharmacy-inventory-management] [  restartedMain] o.s.b.f.support.DisposableBeanAdapter    : Invocation of destroy method failed on bean with name 'inMemoryDatabaseShutdownExecutor': org.h2.jdbc.JdbcSQLNonTransientConnectionException: Database is already closed (to disable automatic closing at VM shutdown, add ";DB_CLOSE_ON_EXIT=FALSE" to the db URL) [90121-224]
2026-08-15T16:34:25.780Z  INFO 45134 --- [pharmacy-inventory-management] [  restartedMain] com.zaxxer.hikari.HikariDataSource       : HikariPool-10 - Shutdown initiated...
2026-08-15T16:34:25.783Z  INFO 45134 --- [pharmacy-inventory-management] [  restartedMain] com.zaxxer.hikari.HikariDataSource       : HikariPool-10 - Shutdown completed.
2026-08-15T16:34:25.784Z  INFO 45134 --- [pharmacy-inventory-management] [  restartedMain] o.apache.catalina.core.StandardService   : Stopping service [Tomcat]
2026-08-15T16:34:25.794Z  INFO 45134 --- [pharmacy-inventory-management] [  restartedMain] .s.b.a.l.ConditionEvaluationReportLogger :

Error starting ApplicationContext. To display the condition evaluation report re-run your application with 'debug' enabled.
2026-08-15T16:34:25.796Z ERROR 45134 --- [pharmacy-inventory-management] [  restartedMain] o.s.boot.SpringApplication               : Application run failed

org.springframework.beans.factory.UnsatisfiedDependencyException: Error creating bean with name 'authController': Unsatisfied dependency expressed through field 'authService': Error creating bean with name 'authServiceImpl': Lookup method resolution failed
	at org.springframework.beans.factory.annotation.AutowiredAnnotationBeanPostProcessor$AutowiredFieldElement.resolveFieldValue(AutowiredAnnotationBeanPostProcessor.java:772) ~[spring-beans-6.1.1.jar:6.1.1]
	at org.springframework.beans.factory.annotation.AutowiredAnnotationBeanPostProcessor$AutowiredFieldElement.inject(AutowiredAnnotationBeanPostProcessor.java:752) ~[spring-beans-6.1.1.jar:6.1.1]
	at org.springframework.beans.factory.annotation.InjectionMetadata.inject(InjectionMetadata.java:145) ~[spring-beans-6.1.1.jar:6.1.1]
	at org.springframework.beans.factory.annotation.AutowiredAnnotationBeanPostProcessor.postProcessProperties(AutowiredAnnotationBeanPostProcessor.java:493) ~[spring-beans-6.1.1.jar:6.1.1]
	at org.springframework.beans.factory.support.AbstractAutowireCapableBeanFactory.populateBean(AbstractAutowireCapableBeanFactory.java:1420) ~[spring-beans-6.1.1.jar:6.1.1]
	at org.springframework.beans.factory.support.AbstractAutowireCapableBeanFactory.doCreateBean(AbstractAutowireCapableBeanFactory.java:600) ~[spring-beans-6.1.1.jar:6.1.1]
	at org.springframework.beans.factory.support.AbstractAutowireCapableBeanFactory.createBean(AbstractAutowireCapableBeanFactory.java:523) ~[spring-beans-6.1.1.jar:6.1.1]
	at org.springframework.beans.factory.support.AbstractBeanFactory.lambda$doGetBean$0(AbstractBeanFactory.java:325) ~[spring-beans-6.1.1.jar:6.1.1]
	at org.springframework.beans.factory.support.DefaultSingletonBeanRegistry.getSingleton(DefaultSingletonBeanRegistry.java:234) ~[spring-beans-6.1.1.jar:6.1.1]
	at org.springframework.beans.factory.support.AbstractBeanFactory.doGetBean(AbstractBeanFactory.java:323) ~[spring-beans-6.1.1.jar:6.1.1]
	at org.springframework.beans.factory.support.AbstractBeanFactory.getBean(AbstractBeanFactory.java:199) ~[spring-beans-6.1.1.jar:6.1.1]
	at org.springframework.beans.factory.support.DefaultListableBeanFactory.preInstantiateSingletons(DefaultListableBeanFactory.java:973) ~[spring-beans-6.1.1.jar:6.1.1]
	at org.springframework.context.support.AbstractApplicationContext.finishBeanFactoryInitialization(AbstractApplicationContext.java:946) ~[spring-context-6.1.1.jar:6.1.1]
	at org.springframework.context.support.AbstractApplicationContext.refresh(AbstractApplicationContext.java:616) ~[spring-context-6.1.1.jar:6.1.1]
	at org.springframework.boot.web.servlet.context.ServletWebServerApplicationContext.refresh(ServletWebServerApplicationContext.java:146) ~[spring-boot-3.2.0.jar:3.2.0]
	at org.springframework.boot.SpringApplication.refresh(SpringApplication.java:753) ~[spring-boot-3.2.0.jar:3.2.0]
	at org.springframework.boot.SpringApplication.refreshContext(SpringApplication.java:455) ~[spring-boot-3.2.0.jar:3.2.0]
	at org.springframework.boot.SpringApplication.run(SpringApplication.java:323) ~[spring-boot-3.2.0.jar:3.2.0]
	at org.springframework.boot.SpringApplication.run(SpringApplication.java:1342) ~[spring-boot-3.2.0.jar:3.2.0]
	at org.springframework.boot.SpringApplication.run(SpringApplication.java:1331) ~[spring-boot-3.2.0.jar:3.2.0]
	at com.pharmacy.inventory.InventoryManagementApplication.main(InventoryManagementApplication.java:10) ~[classes/:na]
	at java.base/jdk.internal.reflect.DirectMethodHandleAccessor.invoke(DirectMethodHandleAccessor.java:103) ~[na:na]
	at java.base/java.lang.reflect.Method.invoke(Method.java:580) ~[na:na]
	at org.springframework.boot.devtools.restart.RestartLauncher.run(RestartLauncher.java:50) ~[spring-boot-devtools-3.2.0.jar:3.2.0]
Caused by: org.springframework.beans.factory.BeanCreationException: Error creating bean with name 'authServiceImpl': Lookup method resolution failed
	at org.springframework.beans.factory.annotation.AutowiredAnnotationBeanPostProcessor.checkLookupMethods(AutowiredAnnotationBeanPostProcessor.java:482) ~[spring-beans-6.1.1.jar:6.1.1]
	at org.springframework.beans.factory.annotation.AutowiredAnnotationBeanPostProcessor.determineCandidateConstructors(AutowiredAnnotationBeanPostProcessor.java:352) ~[spring-beans-6.1.1.jar:6.1.1]
	at org.springframework.beans.factory.support.AbstractAutowireCapableBeanFactory.determineConstructorsFromBeanPostProcessors(AbstractAutowireCapableBeanFactory.java:1295) ~[spring-beans-6.1.1.jar:6.1.1]
	at org.springframework.beans.factory.support.AbstractAutowireCapableBeanFactory.createBeanInstance(AbstractAutowireCapableBeanFactory.java:1190) ~[spring-beans-6.1.1.jar:6.1.1]
	at org.springframework.beans.factory.support.AbstractAutowireCapableBeanFactory.doCreateBean(AbstractAutowireCapableBeanFactory.java:563) ~[spring-beans-6.1.1.jar:6.1.1]
	at org.springframework.beans.factory.support.AbstractAutowireCapableBeanFactory.createBean(AbstractAutowireCapableBeanFactory.java:523) ~[spring-beans-6.1.1.jar:6.1.1]
	at org.springframework.beans.factory.support.AbstractBeanFactory.lambda$doGetBean$0(AbstractBeanFactory.java:325) ~[spring-beans-6.1.1.jar:6.1.1]
	at org.springframework.beans.factory.support.DefaultSingletonBeanRegistry.getSingleton(DefaultSingletonBeanRegistry.java:234) ~[spring-beans-6.1.1.jar:6.1.1]
	at org.springframework.beans.factory.support.AbstractBeanFactory.doGetBean(AbstractBeanFactory.java:323) ~[spring-beans-6.1.1.jar:6.1.1]
	at org.springframework.beans.factory.support.AbstractBeanFactory.getBean(AbstractBeanFactory.java:199) ~[spring-beans-6.1.1.jar:6.1.1]
	at org.springframework.beans.factory.config.DependencyDescriptor.resolveCandidate(DependencyDescriptor.java:254) ~[spring-beans-6.1.1.jar:6.1.1]
	at org.springframework.beans.factory.support.DefaultListableBeanFactory.doResolveDependency(DefaultListableBeanFactory.java:1441) ~[spring-beans-6.1.1.jar:6.1.1]
	at org.springframework.beans.factory.support.DefaultListableBeanFactory.resolveDependency(DefaultListableBeanFactory.java:1348) ~[spring-beans-6.1.1.jar:6.1.1]
	at org.springframework.beans.factory.annotation.AutowiredAnnotationBeanPostProcessor$AutowiredFieldElement.resolveFieldValue(AutowiredAnnotationBeanPostProcessor.java:769) ~[spring-beans-6.1.1.jar:6.1.1]
	... 23 common frames omitted
Caused by: java.lang.IllegalStateException: Failed to introspect Class [com.pharmacy.inventory.service.impl.AuthServiceImpl] from ClassLoader [org.springframework.boot.devtools.restart.classloader.RestartClassLoader@1c24ae2d]
	at org.springframework.util.ReflectionUtils.getDeclaredMethods(ReflectionUtils.java:483) ~[spring-core-6.1.1.jar:6.1.1]
	at org.springframework.util.ReflectionUtils.doWithLocalMethods(ReflectionUtils.java:320) ~[spring-core-6.1.1.jar:6.1.1]
	at org.springframework.beans.factory.annotation.AutowiredAnnotationBeanPostProcessor.checkLookupMethods(AutowiredAnnotationBeanPostProcessor.java:460) ~[spring-beans-6.1.1.jar:6.1.1]
	... 36 common frames omitted
Caused by: java.lang.NoClassDefFoundError: org/springframework/security/crypto/password/PasswordEncoder
	at java.base/java.lang.Class.getDeclaredMethods0(Native Method) ~[na:na]
	at java.base/java.lang.Class.privateGetDeclaredMethods(Class.java:3580) ~[na:na]
	at java.base/java.lang.Class.getDeclaredMethods(Class.java:2678) ~[na:na]
	at org.springframework.util.ReflectionUtils.getDeclaredMethods(ReflectionUtils.java:465) ~[spring-core-6.1.1.jar:6.1.1]
	... 38 common frames omitted
Caused by: java.lang.ClassNotFoundException: org.springframework.security.crypto.password.PasswordEncoder
	at java.base/jdk.internal.loader.BuiltinClassLoader.loadClass(BuiltinClassLoader.java:641) ~[na:na]
	at java.base/jdk.internal.loader.ClassLoaders$AppClassLoader.loadClass(ClassLoaders.java:188) ~[na:na]
	at java.base/java.lang.ClassLoader.loadClass(ClassLoader.java:526) ~[na:na]
	at java.base/java.lang.Class.forName0(Native Method) ~[na:na]
	at java.base/java.lang.Class.forName(Class.java:536) ~[na:na]
	at java.base/java.lang.Class.forName(Class.java:515) ~[na:na]
	at org.springframework.boot.devtools.restart.classloader.RestartClassLoader.loadClass(RestartClassLoader.java:121) ~[spring-boot-devtools-3.2.0.jar:3.2.0]
	at java.base/java.lang.ClassLoader.loadClass(ClassLoader.java:526) ~[na:na]
	... 42 common frames omitted


  .   ____          _            __ _ _
 /\\ / ___'_ __ _ _(_)_ __  __ _ \ \ \ \
( ( )\___ | '_ | '_| | '_ \/ _` | \ \ \ \
 \\/  ___)| |_)| | | | | || (_| |  ) ) ) )
  '  |____| .__|_| |_|_| |_\__, | / / / /
 =========|_|==============|___/=/_/_/_/
 :: Spring Boot ::                (v3.2.0)

2026-08-15T16:35:05.326Z  INFO 45134 --- [pharmacy-inventory-management] [  restartedMain] c.p.i.InventoryManagementApplication     : Starting InventoryManagementApplication using Java 21.0.10 with PID 45134 (/app/target/classes started by jules in /app)
2026-08-15T16:35:05.326Z DEBUG 45134 --- [pharmacy-inventory-management] [  restartedMain] c.p.i.InventoryManagementApplication     : Running with Spring Boot v3.2.0, Spring v6.1.1
2026-08-15T16:35:05.326Z  INFO 45134 --- [pharmacy-inventory-management] [  restartedMain] c.p.i.InventoryManagementApplication     : No active profile set, falling back to 1 default profile: "default"
2026-08-15T16:35:05.522Z  INFO 45134 --- [pharmacy-inventory-management] [  restartedMain] .s.d.r.c.RepositoryConfigurationDelegate : Bootstrapping Spring Data JPA repositories in DEFAULT mode.
2026-08-15T16:35:05.526Z  INFO 45134 --- [pharmacy-inventory-management] [  restartedMain] .s.d.r.c.RepositoryConfigurationDelegate : Finished Spring Data repository scanning in 3 ms. Found 1 JPA repository interface.
2026-08-15T16:35:05.551Z  WARN 45134 --- [pharmacy-inventory-management] [  restartedMain] ConfigServletWebServerApplicationContext : Exception encountered during context initialization - cancelling refresh attempt: java.lang.NullPointerException: Cannot read field "generatedClass" because "data" is null
2026-08-15T16:35:05.554Z  INFO 45134 --- [pharmacy-inventory-management] [  restartedMain] .s.b.a.l.ConditionEvaluationReportLogger :

Error starting ApplicationContext. To display the condition evaluation report re-run your application with 'debug' enabled.
2026-08-15T16:35:05.556Z ERROR 45134 --- [pharmacy-inventory-management] [  restartedMain] o.s.boot.SpringApplication               : Application run failed

java.lang.NullPointerException: Cannot read field "generatedClass" because "data" is null
	at org.springframework.cglib.proxy.Enhancer.nextInstance(Enhancer.java:783) ~[spring-core-6.1.1.jar:6.1.1]
	at org.springframework.cglib.core.AbstractClassGenerator.create(AbstractClassGenerator.java:321) ~[spring-core-6.1.1.jar:6.1.1]
	at org.springframework.cglib.proxy.Enhancer.createHelper(Enhancer.java:562) ~[spring-core-6.1.1.jar:6.1.1]
	at org.springframework.cglib.proxy.Enhancer.createClass(Enhancer.java:407) ~[spring-core-6.1.1.jar:6.1.1]
	at org.springframework.context.annotation.ConfigurationClassEnhancer.createClass(ConfigurationClassEnhancer.java:138) ~[spring-context-6.1.1.jar:6.1.1]
	at org.springframework.context.annotation.ConfigurationClassEnhancer.enhance(ConfigurationClassEnhancer.java:109) ~[spring-context-6.1.1.jar:6.1.1]
	at org.springframework.context.annotation.ConfigurationClassPostProcessor.enhanceConfigurationClasses(ConfigurationClassPostProcessor.java:533) ~[spring-context-6.1.1.jar:6.1.1]
	at org.springframework.context.annotation.ConfigurationClassPostProcessor.postProcessBeanFactory(ConfigurationClassPostProcessor.java:310) ~[spring-context-6.1.1.jar:6.1.1]
	at org.springframework.context.support.PostProcessorRegistrationDelegate.invokeBeanFactoryPostProcessors(PostProcessorRegistrationDelegate.java:363) ~[spring-context-6.1.1.jar:6.1.1]
	at org.springframework.context.support.PostProcessorRegistrationDelegate.invokeBeanFactoryPostProcessors(PostProcessorRegistrationDelegate.java:153) ~[spring-context-6.1.1.jar:6.1.1]
	at org.springframework.context.support.AbstractApplicationContext.invokeBeanFactoryPostProcessors(AbstractApplicationContext.java:775) ~[spring-context-6.1.1.jar:6.1.1]
	at org.springframework.context.support.AbstractApplicationContext.refresh(AbstractApplicationContext.java:597) ~[spring-context-6.1.1.jar:6.1.1]
	at org.springframework.boot.web.servlet.context.ServletWebServerApplicationContext.refresh(ServletWebServerApplicationContext.java:146) ~[spring-boot-3.2.0.jar:3.2.0]
	at org.springframework.boot.SpringApplication.refresh(SpringApplication.java:753) ~[spring-boot-3.2.0.jar:3.2.0]
	at org.springframework.boot.SpringApplication.refreshContext(SpringApplication.java:455) ~[spring-boot-3.2.0.jar:3.2.0]
	at org.springframework.boot.SpringApplication.run(SpringApplication.java:323) ~[spring-boot-3.2.0.jar:3.2.0]
	at org.springframework.boot.SpringApplication.run(SpringApplication.java:1342) ~[spring-boot-3.2.0.jar:3.2.0]
	at org.springframework.boot.SpringApplication.run(SpringApplication.java:1331) ~[spring-boot-3.2.0.jar:3.2.0]
	at com.pharmacy.inventory.InventoryManagementApplication.main(InventoryManagementApplication.java:10) ~[classes/:na]
	at java.base/jdk.internal.reflect.DirectMethodHandleAccessor.invoke(DirectMethodHandleAccessor.java:103) ~[na:na]
	at java.base/java.lang.reflect.Method.invoke(Method.java:580) ~[na:na]
	at org.springframework.boot.devtools.restart.RestartLauncher.run(RestartLauncher.java:50) ~[spring-boot-devtools-3.2.0.jar:3.2.0]


  .   ____          _            __ _ _
 /\\ / ___'_ __ _ _(_)_ __  __ _ \ \ \ \
( ( )\___ | '_ | '_| | '_ \/ _` | \ \ \ \
 \\/  ___)| |_)| | | | | || (_| |  ) ) ) )
  '  |____| .__|_| |_|_| |_\__, | / / / /
 =========|_|==============|___/=/_/_/_/
 :: Spring Boot ::                (v3.2.0)

2026-08-15T16:35:06.996Z  INFO 45134 --- [pharmacy-inventory-management] [  restartedMain] c.p.i.InventoryManagementApplication     : Starting InventoryManagementApplication using Java 21.0.10 with PID 45134 (/app/target/classes started by jules in /app)
2026-08-15T16:35:06.996Z DEBUG 45134 --- [pharmacy-inventory-management] [  restartedMain] c.p.i.InventoryManagementApplication     : Running with Spring Boot v3.2.0, Spring v6.1.1
2026-08-15T16:35:06.996Z  INFO 45134 --- [pharmacy-inventory-management] [  restartedMain] c.p.i.InventoryManagementApplication     : No active profile set, falling back to 1 default profile: "default"
2026-08-15T16:35:07.150Z  INFO 45134 --- [pharmacy-inventory-management] [  restartedMain] .s.d.r.c.RepositoryConfigurationDelegate : Bootstrapping Spring Data JPA repositories in DEFAULT mode.
2026-08-15T16:35:07.169Z  INFO 45134 --- [pharmacy-inventory-management] [  restartedMain] .s.d.r.c.RepositoryConfigurationDelegate : Finished Spring Data repository scanning in 18 ms. Found 6 JPA repository interfaces.
2026-08-15T16:35:07.286Z  INFO 45134 --- [pharmacy-inventory-management] [  restartedMain] o.s.b.w.embedded.tomcat.TomcatWebServer  : Tomcat initialized with port 8088 (http)
2026-08-15T16:35:07.288Z  INFO 45134 --- [pharmacy-inventory-management] [  restartedMain] o.apache.catalina.core.StandardService   : Starting service [Tomcat]
2026-08-15T16:35:07.288Z  INFO 45134 --- [pharmacy-inventory-management] [  restartedMain] o.apache.catalina.core.StandardEngine    : Starting Servlet engine: [Apache Tomcat/10.1.16]
2026-08-15T16:35:07.299Z  INFO 45134 --- [pharmacy-inventory-management] [  restartedMain] o.a.c.c.C.[Tomcat-6].[localhost].[/]     : Initializing Spring embedded WebApplicationContext
2026-08-15T16:35:07.300Z  INFO 45134 --- [pharmacy-inventory-management] [  restartedMain] w.s.c.ServletWebServerApplicationContext : Root WebApplicationContext: initialization completed in 302 ms
2026-08-15T16:35:07.316Z  INFO 45134 --- [pharmacy-inventory-management] [  restartedMain] com.zaxxer.hikari.HikariDataSource       : HikariPool-11 - Starting...
2026-08-15T16:35:07.321Z  INFO 45134 --- [pharmacy-inventory-management] [  restartedMain] com.zaxxer.hikari.pool.HikariPool        : HikariPool-11 - Added connection conn97: url=jdbc:h2:mem:pharmacydb user=SA
2026-08-15T16:35:07.322Z  INFO 45134 --- [pharmacy-inventory-management] [  restartedMain] com.zaxxer.hikari.HikariDataSource       : HikariPool-11 - Start completed.
2026-08-15T16:35:07.322Z  INFO 45134 --- [pharmacy-inventory-management] [  restartedMain] o.s.b.a.h2.H2ConsoleAutoConfiguration    : H2 console available at '/h2-console'. Database available at 'jdbc:h2:mem:pharmacydb'
2026-08-15T16:35:07.356Z  INFO 45134 --- [pharmacy-inventory-management] [  restartedMain] o.hibernate.jpa.internal.util.LogHelper  : HHH000204: Processing PersistenceUnitInfo [name: default]
2026-08-15T16:35:07.358Z  INFO 45134 --- [pharmacy-inventory-management] [  restartedMain] o.h.c.internal.RegionFactoryInitiator    : HHH000026: Second-level cache disabled
2026-08-15T16:35:07.362Z  INFO 45134 --- [pharmacy-inventory-management] [  restartedMain] o.s.o.j.p.SpringPersistenceUnitInfo      : No LoadTimeWeaver setup: ignoring JPA class transformer
2026-08-15T16:35:07.363Z  WARN 45134 --- [pharmacy-inventory-management] [  restartedMain] org.hibernate.orm.deprecation            : HHH90000025: H2Dialect does not need to be specified explicitly using 'hibernate.dialect' (remove the property setting and it will be selected by default)
2026-08-15T16:35:07.478Z  INFO 45134 --- [pharmacy-inventory-management] [  restartedMain] o.h.e.t.j.p.i.JtaPlatformInitiator       : HHH000489: No JTA platform available (set 'hibernate.transaction.jta.platform' to enable JTA platform integration)
Hibernate:
    drop table if exists categories cascade
Hibernate:
    drop table if exists medications cascade
Hibernate:
    drop table if exists sales cascade
Hibernate:
    drop table if exists suppliers cascade
Hibernate:
    drop table if exists users cascade
Hibernate:
    create table categories (
        created_at timestamp(6),
        id bigint generated by default as identity,
        updated_at timestamp(6),
        description varchar(500),
        name varchar(255) not null unique,
        primary key (id)
    )
Hibernate:
    create table medications (
        expiration_date date,
        is_deleted boolean,
        low_stock_threshold integer,
        price numeric(10,2) not null,
        quantity integer not null,
        category_id bigint,
        created_at timestamp(6),
        id bigint generated by default as identity,
        supplier_id bigint,
        updated_at timestamp(6),
        description varchar(1000),
        batch_number varchar(255),
        manufacturer varchar(255),
        name varchar(255) not null,
        type varchar(255),
        primary key (id)
    )
Hibernate:
    create table sales (
        cost_price numeric(10,2),
        quantity integer not null,
        sale_date date not null,
        total_price numeric(10,2) not null,
        unit_price numeric(10,2) not null,
        created_at timestamp(6),
        id bigint generated by default as identity,
        medication_id bigint not null,
        primary key (id)
    )
Hibernate:
    create table suppliers (
        active boolean default true not null,
        created_at timestamp(6),
        id bigint generated by default as identity,
        updated_at timestamp(6),
        address varchar(500),
        contact_person varchar(255),
        email varchar(255) not null unique,
        name varchar(255) not null,
        phone varchar(255) not null,
        primary key (id)
    )
Hibernate:
    create table users (
        created_at timestamp(6),
        id bigint generated by default as identity,
        email varchar(255) not null unique,
        full_name varchar(255) not null,
        password varchar(255) not null,
        role varchar(255) not null,
        primary key (id)
    )
Hibernate:
    alter table if exists medications
       add constraint FKmf1t7pw4h0df5jr8gld0uf05k
       foreign key (category_id)
       references categories
Hibernate:
    alter table if exists medications
       add constraint FK94rldjohkfmifdk13m2i03g70
       foreign key (supplier_id)
       references suppliers
Hibernate:
    alter table if exists sales
       add constraint FKaawj0sejy9oq9li56m5hum7tp
       foreign key (medication_id)
       references medications
2026-08-15T16:35:07.501Z  INFO 45134 --- [pharmacy-inventory-management] [  restartedMain] j.LocalContainerEntityManagerFactoryBean : Initialized JPA EntityManagerFactory for persistence unit 'default'
2026-08-15T16:35:07.512Z  WARN 45134 --- [pharmacy-inventory-management] [  restartedMain] ConfigServletWebServerApplicationContext : Exception encountered during context initialization - cancelling refresh attempt: org.springframework.beans.factory.UnsatisfiedDependencyException: Error creating bean with name 'authController': Unsatisfied dependency expressed through field 'authService': Error creating bean with name 'authServiceImpl': Lookup method resolution failed
2026-08-15T16:35:07.512Z  INFO 45134 --- [pharmacy-inventory-management] [  restartedMain] j.LocalContainerEntityManagerFactoryBean : Closing JPA EntityManagerFactory for persistence unit 'default'
Hibernate:
    drop table if exists categories cascade
Hibernate:
    drop table if exists medications cascade
Hibernate:
    drop table if exists sales cascade
Hibernate:
    drop table if exists suppliers cascade
Hibernate:
    drop table if exists users cascade
2026-08-15T16:35:07.514Z  WARN 45134 --- [pharmacy-inventory-management] [  restartedMain] o.s.b.f.support.DisposableBeanAdapter    : Invocation of destroy method failed on bean with name 'inMemoryDatabaseShutdownExecutor': org.h2.jdbc.JdbcSQLNonTransientConnectionException: Database is already closed (to disable automatic closing at VM shutdown, add ";DB_CLOSE_ON_EXIT=FALSE" to the db URL) [90121-224]
2026-08-15T16:35:07.514Z  INFO 45134 --- [pharmacy-inventory-management] [  restartedMain] com.zaxxer.hikari.HikariDataSource       : HikariPool-11 - Shutdown initiated...
2026-08-15T16:35:07.547Z  INFO 45134 --- [pharmacy-inventory-management] [  restartedMain] com.zaxxer.hikari.HikariDataSource       : HikariPool-11 - Shutdown completed.
2026-08-15T16:35:07.552Z  INFO 45134 --- [pharmacy-inventory-management] [  restartedMain] o.apache.catalina.core.StandardService   : Stopping service [Tomcat]
2026-08-15T16:35:07.574Z  INFO 45134 --- [pharmacy-inventory-management] [  restartedMain] .s.b.a.l.ConditionEvaluationReportLogger :

Error starting ApplicationContext. To display the condition evaluation report re-run your application with 'debug' enabled.
2026-08-15T16:35:07.581Z ERROR 45134 --- [pharmacy-inventory-management] [  restartedMain] o.s.boot.SpringApplication               : Application run failed

org.springframework.beans.factory.UnsatisfiedDependencyException: Error creating bean with name 'authController': Unsatisfied dependency expressed through field 'authService': Error creating bean with name 'authServiceImpl': Lookup method resolution failed
	at org.springframework.beans.factory.annotation.AutowiredAnnotationBeanPostProcessor$AutowiredFieldElement.resolveFieldValue(AutowiredAnnotationBeanPostProcessor.java:772) ~[spring-beans-6.1.1.jar:6.1.1]
	at org.springframework.beans.factory.annotation.AutowiredAnnotationBeanPostProcessor$AutowiredFieldElement.inject(AutowiredAnnotationBeanPostProcessor.java:752) ~[spring-beans-6.1.1.jar:6.1.1]
	at org.springframework.beans.factory.annotation.InjectionMetadata.inject(InjectionMetadata.java:145) ~[spring-beans-6.1.1.jar:6.1.1]
	at org.springframework.beans.factory.annotation.AutowiredAnnotationBeanPostProcessor.postProcessProperties(AutowiredAnnotationBeanPostProcessor.java:493) ~[spring-beans-6.1.1.jar:6.1.1]
	at org.springframework.beans.factory.support.AbstractAutowireCapableBeanFactory.populateBean(AbstractAutowireCapableBeanFactory.java:1420) ~[spring-beans-6.1.1.jar:6.1.1]
	at org.springframework.beans.factory.support.AbstractAutowireCapableBeanFactory.doCreateBean(AbstractAutowireCapableBeanFactory.java:600) ~[spring-beans-6.1.1.jar:6.1.1]
	at org.springframework.beans.factory.support.AbstractAutowireCapableBeanFactory.createBean(AbstractAutowireCapableBeanFactory.java:523) ~[spring-beans-6.1.1.jar:6.1.1]
	at org.springframework.beans.factory.support.AbstractBeanFactory.lambda$doGetBean$0(AbstractBeanFactory.java:325) ~[spring-beans-6.1.1.jar:6.1.1]
	at org.springframework.beans.factory.support.DefaultSingletonBeanRegistry.getSingleton(DefaultSingletonBeanRegistry.java:234) ~[spring-beans-6.1.1.jar:6.1.1]
	at org.springframework.beans.factory.support.AbstractBeanFactory.doGetBean(AbstractBeanFactory.java:323) ~[spring-beans-6.1.1.jar:6.1.1]
	at org.springframework.beans.factory.support.AbstractBeanFactory.getBean(AbstractBeanFactory.java:199) ~[spring-beans-6.1.1.jar:6.1.1]
	at org.springframework.beans.factory.support.DefaultListableBeanFactory.preInstantiateSingletons(DefaultListableBeanFactory.java:973) ~[spring-beans-6.1.1.jar:6.1.1]
	at org.springframework.context.support.AbstractApplicationContext.finishBeanFactoryInitialization(AbstractApplicationContext.java:946) ~[spring-context-6.1.1.jar:6.1.1]
	at org.springframework.context.support.AbstractApplicationContext.refresh(AbstractApplicationContext.java:616) ~[spring-context-6.1.1.jar:6.1.1]
	at org.springframework.boot.web.servlet.context.ServletWebServerApplicationContext.refresh(ServletWebServerApplicationContext.java:146) ~[spring-boot-3.2.0.jar:3.2.0]
	at org.springframework.boot.SpringApplication.refresh(SpringApplication.java:753) ~[spring-boot-3.2.0.jar:3.2.0]
	at org.springframework.boot.SpringApplication.refreshContext(SpringApplication.java:455) ~[spring-boot-3.2.0.jar:3.2.0]
	at org.springframework.boot.SpringApplication.run(SpringApplication.java:323) ~[spring-boot-3.2.0.jar:3.2.0]
	at org.springframework.boot.SpringApplication.run(SpringApplication.java:1342) ~[spring-boot-3.2.0.jar:3.2.0]
	at org.springframework.boot.SpringApplication.run(SpringApplication.java:1331) ~[spring-boot-3.2.0.jar:3.2.0]
	at com.pharmacy.inventory.InventoryManagementApplication.main(InventoryManagementApplication.java:10) ~[classes/:na]
	at java.base/jdk.internal.reflect.DirectMethodHandleAccessor.invoke(DirectMethodHandleAccessor.java:103) ~[na:na]
	at java.base/java.lang.reflect.Method.invoke(Method.java:580) ~[na:na]
	at org.springframework.boot.devtools.restart.RestartLauncher.run(RestartLauncher.java:50) ~[spring-boot-devtools-3.2.0.jar:3.2.0]
Caused by: org.springframework.beans.factory.BeanCreationException: Error creating bean with name 'authServiceImpl': Lookup method resolution failed
	at org.springframework.beans.factory.annotation.AutowiredAnnotationBeanPostProcessor.checkLookupMethods(AutowiredAnnotationBeanPostProcessor.java:482) ~[spring-beans-6.1.1.jar:6.1.1]
	at org.springframework.beans.factory.annotation.AutowiredAnnotationBeanPostProcessor.determineCandidateConstructors(AutowiredAnnotationBeanPostProcessor.java:352) ~[spring-beans-6.1.1.jar:6.1.1]
	at org.springframework.beans.factory.support.AbstractAutowireCapableBeanFactory.determineConstructorsFromBeanPostProcessors(AbstractAutowireCapableBeanFactory.java:1295) ~[spring-beans-6.1.1.jar:6.1.1]
	at org.springframework.beans.factory.support.AbstractAutowireCapableBeanFactory.createBeanInstance(AbstractAutowireCapableBeanFactory.java:1190) ~[spring-beans-6.1.1.jar:6.1.1]
	at org.springframework.beans.factory.support.AbstractAutowireCapableBeanFactory.doCreateBean(AbstractAutowireCapableBeanFactory.java:563) ~[spring-beans-6.1.1.jar:6.1.1]
	at org.springframework.beans.factory.support.AbstractAutowireCapableBeanFactory.createBean(AbstractAutowireCapableBeanFactory.java:523) ~[spring-beans-6.1.1.jar:6.1.1]
	at org.springframework.beans.factory.support.AbstractBeanFactory.lambda$doGetBean$0(AbstractBeanFactory.java:325) ~[spring-beans-6.1.1.jar:6.1.1]
	at org.springframework.beans.factory.support.DefaultSingletonBeanRegistry.getSingleton(DefaultSingletonBeanRegistry.java:234) ~[spring-beans-6.1.1.jar:6.1.1]
	at org.springframework.beans.factory.support.AbstractBeanFactory.doGetBean(AbstractBeanFactory.java:323) ~[spring-beans-6.1.1.jar:6.1.1]
	at org.springframework.beans.factory.support.AbstractBeanFactory.getBean(AbstractBeanFactory.java:199) ~[spring-beans-6.1.1.jar:6.1.1]
	at org.springframework.beans.factory.config.DependencyDescriptor.resolveCandidate(DependencyDescriptor.java:254) ~[spring-beans-6.1.1.jar:6.1.1]
	at org.springframework.beans.factory.support.DefaultListableBeanFactory.doResolveDependency(DefaultListableBeanFactory.java:1441) ~[spring-beans-6.1.1.jar:6.1.1]
	at org.springframework.beans.factory.support.DefaultListableBeanFactory.resolveDependency(DefaultListableBeanFactory.java:1348) ~[spring-beans-6.1.1.jar:6.1.1]
	at org.springframework.beans.factory.annotation.AutowiredAnnotationBeanPostProcessor$AutowiredFieldElement.resolveFieldValue(AutowiredAnnotationBeanPostProcessor.java:769) ~[spring-beans-6.1.1.jar:6.1.1]
	... 23 common frames omitted
Caused by: java.lang.IllegalStateException: Failed to introspect Class [com.pharmacy.inventory.service.impl.AuthServiceImpl] from ClassLoader [org.springframework.boot.devtools.restart.classloader.RestartClassLoader@71712824]
	at org.springframework.util.ReflectionUtils.getDeclaredMethods(ReflectionUtils.java:483) ~[spring-core-6.1.1.jar:6.1.1]
	at org.springframework.util.ReflectionUtils.doWithLocalMethods(ReflectionUtils.java:320) ~[spring-core-6.1.1.jar:6.1.1]
	at org.springframework.beans.factory.annotation.AutowiredAnnotationBeanPostProcessor.checkLookupMethods(AutowiredAnnotationBeanPostProcessor.java:460) ~[spring-beans-6.1.1.jar:6.1.1]
	... 36 common frames omitted
Caused by: java.lang.NoClassDefFoundError: org/springframework/security/crypto/password/PasswordEncoder
	at java.base/java.lang.Class.getDeclaredMethods0(Native Method) ~[na:na]
	at java.base/java.lang.Class.privateGetDeclaredMethods(Class.java:3580) ~[na:na]
	at java.base/java.lang.Class.getDeclaredMethods(Class.java:2678) ~[na:na]
	at org.springframework.util.ReflectionUtils.getDeclaredMethods(ReflectionUtils.java:465) ~[spring-core-6.1.1.jar:6.1.1]
	... 38 common frames omitted
Caused by: java.lang.ClassNotFoundException: org.springframework.security.crypto.password.PasswordEncoder
	at java.base/jdk.internal.loader.BuiltinClassLoader.loadClass(BuiltinClassLoader.java:641) ~[na:na]
	at java.base/jdk.internal.loader.ClassLoaders$AppClassLoader.loadClass(ClassLoaders.java:188) ~[na:na]
	at java.base/java.lang.ClassLoader.loadClass(ClassLoader.java:526) ~[na:na]
	at java.base/java.lang.Class.forName0(Native Method) ~[na:na]
	at java.base/java.lang.Class.forName(Class.java:536) ~[na:na]
	at java.base/java.lang.Class.forName(Class.java:515) ~[na:na]
	at org.springframework.boot.devtools.restart.classloader.RestartClassLoader.loadClass(RestartClassLoader.java:121) ~[spring-boot-devtools-3.2.0.jar:3.2.0]
	at java.base/java.lang.ClassLoader.loadClass(ClassLoader.java:526) ~[na:na]
	... 42 common frames omitted


  .   ____          _            __ _ _
 /\\ / ___'_ __ _ _(_)_ __  __ _ \ \ \ \
( ( )\___ | '_ | '_| | '_ \/ _` | \ \ \ \
 \\/  ___)| |_)| | | | | || (_| |  ) ) ) )
  '  |____| .__|_| |_|_| |_\__, | / / / /
 =========|_|==============|___/=/_/_/_/
 :: Spring Boot ::                (v3.2.0)

2026-08-15T17:27:58.098Z  INFO 45134 --- [pharmacy-inventory-management] [  restartedMain] c.p.i.InventoryManagementApplication     : Starting InventoryManagementApplication using Java 21.0.10 with PID 45134 (/app/target/classes started by jules in /app)
2026-08-15T17:27:58.106Z DEBUG 45134 --- [pharmacy-inventory-management] [  restartedMain] c.p.i.InventoryManagementApplication     : Running with Spring Boot v3.2.0, Spring v6.1.1
2026-08-15T17:27:58.107Z  INFO 45134 --- [pharmacy-inventory-management] [  restartedMain] c.p.i.InventoryManagementApplication     : No active profile set, falling back to 1 default profile: "default"
2026-08-15T17:27:59.446Z  INFO 45134 --- [pharmacy-inventory-management] [  restartedMain] .s.d.r.c.RepositoryConfigurationDelegate : Bootstrapping Spring Data JPA repositories in DEFAULT mode.
2026-08-15T17:27:59.584Z  INFO 45134 --- [pharmacy-inventory-management] [  restartedMain] .s.d.r.c.RepositoryConfigurationDelegate : Finished Spring Data repository scanning in 131 ms. Found 6 JPA repository interfaces.
2026-08-15T17:28:00.551Z  INFO 45134 --- [pharmacy-inventory-management] [  restartedMain] o.s.b.w.embedded.tomcat.TomcatWebServer  : Tomcat initialized with port 8088 (http)
2026-08-15T17:28:00.563Z  INFO 45134 --- [pharmacy-inventory-management] [  restartedMain] o.apache.catalina.core.StandardService   : Starting service [Tomcat]
2026-08-15T17:28:00.563Z  INFO 45134 --- [pharmacy-inventory-management] [  restartedMain] o.apache.catalina.core.StandardEngine    : Starting Servlet engine: [Apache Tomcat/10.1.16]
2026-08-15T17:28:00.702Z  INFO 45134 --- [pharmacy-inventory-management] [  restartedMain] o.a.c.c.C.[Tomcat-7].[localhost].[/]     : Initializing Spring embedded WebApplicationContext
2026-08-15T17:28:00.703Z  INFO 45134 --- [pharmacy-inventory-management] [  restartedMain] w.s.c.ServletWebServerApplicationContext : Root WebApplicationContext: initialization completed in 2549 ms
2026-08-15T17:28:00.745Z  INFO 45134 --- [pharmacy-inventory-management] [  restartedMain] com.zaxxer.hikari.HikariDataSource       : HikariPool-12 - Starting...
2026-08-15T17:28:00.791Z  INFO 45134 --- [pharmacy-inventory-management] [  restartedMain] com.zaxxer.hikari.pool.HikariPool        : HikariPool-12 - Added connection conn106: url=jdbc:h2:mem:pharmacydb user=SA
2026-08-15T17:28:00.795Z  INFO 45134 --- [pharmacy-inventory-management] [  restartedMain] com.zaxxer.hikari.HikariDataSource       : HikariPool-12 - Start completed.
2026-08-15T17:28:00.799Z  INFO 45134 --- [pharmacy-inventory-management] [  restartedMain] o.s.b.a.h2.H2ConsoleAutoConfiguration    : H2 console available at '/h2-console'. Database available at 'jdbc:h2:mem:pharmacydb'
2026-08-15T17:28:00.918Z  INFO 45134 --- [pharmacy-inventory-management] [  restartedMain] o.hibernate.jpa.internal.util.LogHelper  : HHH000204: Processing PersistenceUnitInfo [name: default]
2026-08-15T17:28:00.944Z  INFO 45134 --- [pharmacy-inventory-management] [  restartedMain] o.h.c.internal.RegionFactoryInitiator    : HHH000026: Second-level cache disabled
2026-08-15T17:28:00.992Z  INFO 45134 --- [pharmacy-inventory-management] [  restartedMain] o.s.o.j.p.SpringPersistenceUnitInfo      : No LoadTimeWeaver setup: ignoring JPA class transformer
2026-08-15T17:28:01.012Z  WARN 45134 --- [pharmacy-inventory-management] [  restartedMain] org.hibernate.orm.deprecation            : HHH90000025: H2Dialect does not need to be specified explicitly using 'hibernate.dialect' (remove the property setting and it will be selected by default)
2026-08-15T17:28:01.470Z  INFO 45134 --- [pharmacy-inventory-management] [  restartedMain] o.h.e.t.j.p.i.JtaPlatformInitiator       : HHH000489: No JTA platform available (set 'hibernate.transaction.jta.platform' to enable JTA platform integration)
Hibernate:
    drop table if exists categories cascade
Hibernate:
    drop table if exists medications cascade
Hibernate:
    drop table if exists sales cascade
Hibernate:
    drop table if exists suppliers cascade
Hibernate:
    drop table if exists users cascade
Hibernate:
    create table categories (
        created_at timestamp(6),
        id bigint generated by default as identity,
        updated_at timestamp(6),
        description varchar(500),
        name varchar(255) not null unique,
        primary key (id)
    )
Hibernate:
    create table medications (
        expiration_date date,
        is_deleted boolean,
        low_stock_threshold integer,
        price numeric(10,2) not null,
        quantity integer not null,
        category_id bigint,
        created_at timestamp(6),
        id bigint generated by default as identity,
        supplier_id bigint,
        updated_at timestamp(6),
        description varchar(1000),
        batch_number varchar(255),
        manufacturer varchar(255),
        name varchar(255) not null,
        type varchar(255),
        primary key (id)
    )
Hibernate:
    create table sales (
        cost_price numeric(10,2),
        quantity integer not null,
        sale_date date not null,
        total_price numeric(10,2) not null,
        unit_price numeric(10,2) not null,
        created_at timestamp(6),
        id bigint generated by default as identity,
        medication_id bigint not null,
        primary key (id)
    )
Hibernate:
    create table suppliers (
        active boolean default true not null,
        created_at timestamp(6),
        id bigint generated by default as identity,
        updated_at timestamp(6),
        address varchar(500),
        contact_person varchar(255),
        email varchar(255) not null unique,
        name varchar(255) not null,
        phone varchar(255) not null,
        primary key (id)
    )
Hibernate:
    create table users (
        created_at timestamp(6),
        id bigint generated by default as identity,
        email varchar(255) not null unique,
        full_name varchar(255) not null,
        password varchar(255) not null,
        role varchar(255) not null,
        primary key (id)
    )
Hibernate:
    alter table if exists medications
       add constraint FKmf1t7pw4h0df5jr8gld0uf05k
       foreign key (category_id)
       references categories
Hibernate:
    alter table if exists medications
       add constraint FK94rldjohkfmifdk13m2i03g70
       foreign key (supplier_id)
       references suppliers
Hibernate:
    alter table if exists sales
       add constraint FKaawj0sejy9oq9li56m5hum7tp
       foreign key (medication_id)
       references medications
2026-08-15T17:28:01.519Z  INFO 45134 --- [pharmacy-inventory-management] [  restartedMain] j.LocalContainerEntityManagerFactoryBean : Initialized JPA EntityManagerFactory for persistence unit 'default'
2026-08-15T17:28:01.554Z  WARN 45134 --- [pharmacy-inventory-management] [  restartedMain] ConfigServletWebServerApplicationContext : Exception encountered during context initialization - cancelling refresh attempt: org.springframework.beans.factory.UnsatisfiedDependencyException: Error creating bean with name 'authController': Unsatisfied dependency expressed through field 'authService': Error creating bean with name 'authServiceImpl': Lookup method resolution failed
2026-08-15T17:28:01.554Z  INFO 45134 --- [pharmacy-inventory-management] [  restartedMain] j.LocalContainerEntityManagerFactoryBean : Closing JPA EntityManagerFactory for persistence unit 'default'
Hibernate:
    drop table if exists categories cascade
Hibernate:
    drop table if exists medications cascade
Hibernate:
    drop table if exists sales cascade
Hibernate:
    drop table if exists suppliers cascade
Hibernate:
    drop table if exists users cascade
2026-08-15T17:28:01.572Z  WARN 45134 --- [pharmacy-inventory-management] [  restartedMain] o.s.b.f.support.DisposableBeanAdapter    : Invocation of destroy method failed on bean with name 'inMemoryDatabaseShutdownExecutor': org.h2.jdbc.JdbcSQLNonTransientConnectionException: Database is already closed (to disable automatic closing at VM shutdown, add ";DB_CLOSE_ON_EXIT=FALSE" to the db URL) [90121-224]
2026-08-15T17:28:01.572Z  INFO 45134 --- [pharmacy-inventory-management] [  restartedMain] com.zaxxer.hikari.HikariDataSource       : HikariPool-12 - Shutdown initiated...
2026-08-15T17:28:01.575Z  INFO 45134 --- [pharmacy-inventory-management] [  restartedMain] com.zaxxer.hikari.HikariDataSource       : HikariPool-12 - Shutdown completed.
2026-08-15T17:28:01.577Z  INFO 45134 --- [pharmacy-inventory-management] [  restartedMain] o.apache.catalina.core.StandardService   : Stopping service [Tomcat]
2026-08-15T17:28:01.590Z  INFO 45134 --- [pharmacy-inventory-management] [  restartedMain] .s.b.a.l.ConditionEvaluationReportLogger :

Error starting ApplicationContext. To display the condition evaluation report re-run your application with 'debug' enabled.
2026-08-15T17:28:01.609Z ERROR 45134 --- [pharmacy-inventory-management] [  restartedMain] o.s.boot.SpringApplication               : Application run failed

org.springframework.beans.factory.UnsatisfiedDependencyException: Error creating bean with name 'authController': Unsatisfied dependency expressed through field 'authService': Error creating bean with name 'authServiceImpl': Lookup method resolution failed
	at org.springframework.beans.factory.annotation.AutowiredAnnotationBeanPostProcessor$AutowiredFieldElement.resolveFieldValue(AutowiredAnnotationBeanPostProcessor.java:772) ~[spring-beans-6.1.1.jar:6.1.1]
	at org.springframework.beans.factory.annotation.AutowiredAnnotationBeanPostProcessor$AutowiredFieldElement.inject(AutowiredAnnotationBeanPostProcessor.java:752) ~[spring-beans-6.1.1.jar:6.1.1]
	at org.springframework.beans.factory.annotation.InjectionMetadata.inject(InjectionMetadata.java:145) ~[spring-beans-6.1.1.jar:6.1.1]
	at org.springframework.beans.factory.annotation.AutowiredAnnotationBeanPostProcessor.postProcessProperties(AutowiredAnnotationBeanPostProcessor.java:493) ~[spring-beans-6.1.1.jar:6.1.1]
	at org.springframework.beans.factory.support.AbstractAutowireCapableBeanFactory.populateBean(AbstractAutowireCapableBeanFactory.java:1420) ~[spring-beans-6.1.1.jar:6.1.1]
	at org.springframework.beans.factory.support.AbstractAutowireCapableBeanFactory.doCreateBean(AbstractAutowireCapableBeanFactory.java:600) ~[spring-beans-6.1.1.jar:6.1.1]
	at org.springframework.beans.factory.support.AbstractAutowireCapableBeanFactory.createBean(AbstractAutowireCapableBeanFactory.java:523) ~[spring-beans-6.1.1.jar:6.1.1]
	at org.springframework.beans.factory.support.AbstractBeanFactory.lambda$doGetBean$0(AbstractBeanFactory.java:325) ~[spring-beans-6.1.1.jar:6.1.1]
	at org.springframework.beans.factory.support.DefaultSingletonBeanRegistry.getSingleton(DefaultSingletonBeanRegistry.java:234) ~[spring-beans-6.1.1.jar:6.1.1]
	at org.springframework.beans.factory.support.AbstractBeanFactory.doGetBean(AbstractBeanFactory.java:323) ~[spring-beans-6.1.1.jar:6.1.1]
	at org.springframework.beans.factory.support.AbstractBeanFactory.getBean(AbstractBeanFactory.java:199) ~[spring-beans-6.1.1.jar:6.1.1]
	at org.springframework.beans.factory.support.DefaultListableBeanFactory.preInstantiateSingletons(DefaultListableBeanFactory.java:973) ~[spring-beans-6.1.1.jar:6.1.1]
	at org.springframework.context.support.AbstractApplicationContext.finishBeanFactoryInitialization(AbstractApplicationContext.java:946) ~[spring-context-6.1.1.jar:6.1.1]
	at org.springframework.context.support.AbstractApplicationContext.refresh(AbstractApplicationContext.java:616) ~[spring-context-6.1.1.jar:6.1.1]
	at org.springframework.boot.web.servlet.context.ServletWebServerApplicationContext.refresh(ServletWebServerApplicationContext.java:146) ~[spring-boot-3.2.0.jar:3.2.0]
	at org.springframework.boot.SpringApplication.refresh(SpringApplication.java:753) ~[spring-boot-3.2.0.jar:3.2.0]
	at org.springframework.boot.SpringApplication.refreshContext(SpringApplication.java:455) ~[spring-boot-3.2.0.jar:3.2.0]
	at org.springframework.boot.SpringApplication.run(SpringApplication.java:323) ~[spring-boot-3.2.0.jar:3.2.0]
	at org.springframework.boot.SpringApplication.run(SpringApplication.java:1342) ~[spring-boot-3.2.0.jar:3.2.0]
	at org.springframework.boot.SpringApplication.run(SpringApplication.java:1331) ~[spring-boot-3.2.0.jar:3.2.0]
	at com.pharmacy.inventory.InventoryManagementApplication.main(InventoryManagementApplication.java:10) ~[classes/:na]
	at java.base/jdk.internal.reflect.DirectMethodHandleAccessor.invoke(DirectMethodHandleAccessor.java:103) ~[na:na]
	at java.base/java.lang.reflect.Method.invoke(Method.java:580) ~[na:na]
	at org.springframework.boot.devtools.restart.RestartLauncher.run(RestartLauncher.java:50) ~[spring-boot-devtools-3.2.0.jar:3.2.0]
Caused by: org.springframework.beans.factory.BeanCreationException: Error creating bean with name 'authServiceImpl': Lookup method resolution failed
	at org.springframework.beans.factory.annotation.AutowiredAnnotationBeanPostProcessor.checkLookupMethods(AutowiredAnnotationBeanPostProcessor.java:482) ~[spring-beans-6.1.1.jar:6.1.1]
	at org.springframework.beans.factory.annotation.AutowiredAnnotationBeanPostProcessor.determineCandidateConstructors(AutowiredAnnotationBeanPostProcessor.java:352) ~[spring-beans-6.1.1.jar:6.1.1]
	at org.springframework.beans.factory.support.AbstractAutowireCapableBeanFactory.determineConstructorsFromBeanPostProcessors(AbstractAutowireCapableBeanFactory.java:1295) ~[spring-beans-6.1.1.jar:6.1.1]
	at org.springframework.beans.factory.support.AbstractAutowireCapableBeanFactory.createBeanInstance(AbstractAutowireCapableBeanFactory.java:1190) ~[spring-beans-6.1.1.jar:6.1.1]
	at org.springframework.beans.factory.support.AbstractAutowireCapableBeanFactory.doCreateBean(AbstractAutowireCapableBeanFactory.java:563) ~[spring-beans-6.1.1.jar:6.1.1]
	at org.springframework.beans.factory.support.AbstractAutowireCapableBeanFactory.createBean(AbstractAutowireCapableBeanFactory.java:523) ~[spring-beans-6.1.1.jar:6.1.1]
	at org.springframework.beans.factory.support.AbstractBeanFactory.lambda$doGetBean$0(AbstractBeanFactory.java:325) ~[spring-beans-6.1.1.jar:6.1.1]
	at org.springframework.beans.factory.support.DefaultSingletonBeanRegistry.getSingleton(DefaultSingletonBeanRegistry.java:234) ~[spring-beans-6.1.1.jar:6.1.1]
	at org.springframework.beans.factory.support.AbstractBeanFactory.doGetBean(AbstractBeanFactory.java:323) ~[spring-beans-6.1.1.jar:6.1.1]
	at org.springframework.beans.factory.support.AbstractBeanFactory.getBean(AbstractBeanFactory.java:199) ~[spring-beans-6.1.1.jar:6.1.1]
	at org.springframework.beans.factory.config.DependencyDescriptor.resolveCandidate(DependencyDescriptor.java:254) ~[spring-beans-6.1.1.jar:6.1.1]
	at org.springframework.beans.factory.support.DefaultListableBeanFactory.doResolveDependency(DefaultListableBeanFactory.java:1441) ~[spring-beans-6.1.1.jar:6.1.1]
	at org.springframework.beans.factory.support.DefaultListableBeanFactory.resolveDependency(DefaultListableBeanFactory.java:1348) ~[spring-beans-6.1.1.jar:6.1.1]
	at org.springframework.beans.factory.annotation.AutowiredAnnotationBeanPostProcessor$AutowiredFieldElement.resolveFieldValue(AutowiredAnnotationBeanPostProcessor.java:769) ~[spring-beans-6.1.1.jar:6.1.1]
	... 23 common frames omitted
Caused by: java.lang.IllegalStateException: Failed to introspect Class [com.pharmacy.inventory.service.impl.AuthServiceImpl] from ClassLoader [org.springframework.boot.devtools.restart.classloader.RestartClassLoader@4e98b9b7]
	at org.springframework.util.ReflectionUtils.getDeclaredMethods(ReflectionUtils.java:483) ~[spring-core-6.1.1.jar:6.1.1]
	at org.springframework.util.ReflectionUtils.doWithLocalMethods(ReflectionUtils.java:320) ~[spring-core-6.1.1.jar:6.1.1]
	at org.springframework.beans.factory.annotation.AutowiredAnnotationBeanPostProcessor.checkLookupMethods(AutowiredAnnotationBeanPostProcessor.java:460) ~[spring-beans-6.1.1.jar:6.1.1]
	... 36 common frames omitted
Caused by: java.lang.NoClassDefFoundError: org/springframework/security/crypto/password/PasswordEncoder
	at java.base/java.lang.Class.getDeclaredMethods0(Native Method) ~[na:na]
	at java.base/java.lang.Class.privateGetDeclaredMethods(Class.java:3580) ~[na:na]
	at java.base/java.lang.Class.getDeclaredMethods(Class.java:2678) ~[na:na]
	at org.springframework.util.ReflectionUtils.getDeclaredMethods(ReflectionUtils.java:465) ~[spring-core-6.1.1.jar:6.1.1]
	... 38 common frames omitted
Caused by: java.lang.ClassNotFoundException: org.springframework.security.crypto.password.PasswordEncoder
	at java.base/jdk.internal.loader.BuiltinClassLoader.loadClass(BuiltinClassLoader.java:641) ~[na:na]
	at java.base/jdk.internal.loader.ClassLoaders$AppClassLoader.loadClass(ClassLoaders.java:188) ~[na:na]
	at java.base/java.lang.ClassLoader.loadClass(ClassLoader.java:526) ~[na:na]
	at java.base/java.lang.Class.forName0(Native Method) ~[na:na]
	at java.base/java.lang.Class.forName(Class.java:536) ~[na:na]
	at java.base/java.lang.Class.forName(Class.java:515) ~[na:na]
	at org.springframework.boot.devtools.restart.classloader.RestartClassLoader.loadClass(RestartClassLoader.java:121) ~[spring-boot-devtools-3.2.0.jar:3.2.0]
	at java.base/java.lang.ClassLoader.loadClass(ClassLoader.java:526) ~[na:na]
	... 42 common frames omitted


  .   ____          _            __ _ _
 /\\ / ___'_ __ _ _(_)_ __  __ _ \ \ \ \
( ( )\___ | '_ | '_| | '_ \/ _` | \ \ \ \
 \\/  ___)| |_)| | | | | || (_| |  ) ) ) )
  '  |____| .__|_| |_|_| |_\__, | / / / /
 =========|_|==============|___/=/_/_/_/
 :: Spring Boot ::                (v3.2.0)

2026-08-15T17:29:16.220Z  INFO 45134 --- [pharmacy-inventory-management] [  restartedMain] c.p.i.InventoryManagementApplication     : Starting InventoryManagementApplication using Java 21.0.10 with PID 45134 (/app/target/classes started by jules in /app)
2026-08-15T17:29:16.221Z DEBUG 45134 --- [pharmacy-inventory-management] [  restartedMain] c.p.i.InventoryManagementApplication     : Running with Spring Boot v3.2.0, Spring v6.1.1
2026-08-15T17:29:16.221Z  INFO 45134 --- [pharmacy-inventory-management] [  restartedMain] c.p.i.InventoryManagementApplication     : No active profile set, falling back to 1 default profile: "default"
2026-08-15T17:29:16.352Z  INFO 45134 --- [pharmacy-inventory-management] [  restartedMain] .s.d.r.c.RepositoryConfigurationDelegate : Bootstrapping Spring Data JPA repositories in DEFAULT mode.
2026-08-15T17:29:16.353Z  INFO 45134 --- [pharmacy-inventory-management] [  restartedMain] .s.d.r.c.RepositoryConfigurationDelegate : Finished Spring Data repository scanning in 0 ms. Found 0 JPA repository interfaces.
2026-08-15T17:29:16.385Z  WARN 45134 --- [pharmacy-inventory-management] [  restartedMain] ConfigServletWebServerApplicationContext : Exception encountered during context initialization - cancelling refresh attempt: java.lang.NullPointerException: Cannot read field "generatedClass" because "data" is null
2026-08-15T17:29:16.395Z  INFO 45134 --- [pharmacy-inventory-management] [  restartedMain] .s.b.a.l.ConditionEvaluationReportLogger :

Error starting ApplicationContext. To display the condition evaluation report re-run your application with 'debug' enabled.
2026-08-15T17:29:16.397Z ERROR 45134 --- [pharmacy-inventory-management] [  restartedMain] o.s.boot.SpringApplication               : Application run failed

java.lang.NullPointerException: Cannot read field "generatedClass" because "data" is null
	at org.springframework.cglib.proxy.Enhancer.nextInstance(Enhancer.java:783) ~[spring-core-6.1.1.jar:6.1.1]
	at org.springframework.cglib.core.AbstractClassGenerator.create(AbstractClassGenerator.java:321) ~[spring-core-6.1.1.jar:6.1.1]
	at org.springframework.cglib.proxy.Enhancer.createHelper(Enhancer.java:562) ~[spring-core-6.1.1.jar:6.1.1]
	at org.springframework.cglib.proxy.Enhancer.createClass(Enhancer.java:407) ~[spring-core-6.1.1.jar:6.1.1]
	at org.springframework.context.annotation.ConfigurationClassEnhancer.createClass(ConfigurationClassEnhancer.java:138) ~[spring-context-6.1.1.jar:6.1.1]
	at org.springframework.context.annotation.ConfigurationClassEnhancer.enhance(ConfigurationClassEnhancer.java:109) ~[spring-context-6.1.1.jar:6.1.1]
	at org.springframework.context.annotation.ConfigurationClassPostProcessor.enhanceConfigurationClasses(ConfigurationClassPostProcessor.java:533) ~[spring-context-6.1.1.jar:6.1.1]
	at org.springframework.context.annotation.ConfigurationClassPostProcessor.postProcessBeanFactory(ConfigurationClassPostProcessor.java:310) ~[spring-context-6.1.1.jar:6.1.1]
	at org.springframework.context.support.PostProcessorRegistrationDelegate.invokeBeanFactoryPostProcessors(PostProcessorRegistrationDelegate.java:363) ~[spring-context-6.1.1.jar:6.1.1]
	at org.springframework.context.support.PostProcessorRegistrationDelegate.invokeBeanFactoryPostProcessors(PostProcessorRegistrationDelegate.java:153) ~[spring-context-6.1.1.jar:6.1.1]
	at org.springframework.context.support.AbstractApplicationContext.invokeBeanFactoryPostProcessors(AbstractApplicationContext.java:775) ~[spring-context-6.1.1.jar:6.1.1]
	at org.springframework.context.support.AbstractApplicationContext.refresh(AbstractApplicationContext.java:597) ~[spring-context-6.1.1.jar:6.1.1]
	at org.springframework.boot.web.servlet.context.ServletWebServerApplicationContext.refresh(ServletWebServerApplicationContext.java:146) ~[spring-boot-3.2.0.jar:3.2.0]
	at org.springframework.boot.SpringApplication.refresh(SpringApplication.java:753) ~[spring-boot-3.2.0.jar:3.2.0]
	at org.springframework.boot.SpringApplication.refreshContext(SpringApplication.java:455) ~[spring-boot-3.2.0.jar:3.2.0]
	at org.springframework.boot.SpringApplication.run(SpringApplication.java:323) ~[spring-boot-3.2.0.jar:3.2.0]
	at org.springframework.boot.SpringApplication.run(SpringApplication.java:1342) ~[spring-boot-3.2.0.jar:3.2.0]
	at org.springframework.boot.SpringApplication.run(SpringApplication.java:1331) ~[spring-boot-3.2.0.jar:3.2.0]
	at com.pharmacy.inventory.InventoryManagementApplication.main(InventoryManagementApplication.java:10) ~[classes/:na]
	at java.base/jdk.internal.reflect.DirectMethodHandleAccessor.invoke(DirectMethodHandleAccessor.java:103) ~[na:na]
	at java.base/java.lang.reflect.Method.invoke(Method.java:580) ~[na:na]
	at org.springframework.boot.devtools.restart.RestartLauncher.run(RestartLauncher.java:50) ~[spring-boot-devtools-3.2.0.jar:3.2.0]


  .   ____          _            __ _ _
 /\\ / ___'_ __ _ _(_)_ __  __ _ \ \ \ \
( ( )\___ | '_ | '_| | '_ \/ _` | \ \ \ \
 \\/  ___)| |_)| | | | | || (_| |  ) ) ) )
  '  |____| .__|_| |_|_| |_\__, | / / / /
 =========|_|==============|___/=/_/_/_/
 :: Spring Boot ::                (v3.2.0)

2026-08-15T17:29:18.647Z  INFO 45134 --- [pharmacy-inventory-management] [  restartedMain] c.p.i.InventoryManagementApplication     : Starting InventoryManagementApplication using Java 21.0.10 with PID 45134 (/app/target/classes started by jules in /app)
2026-08-15T17:29:18.647Z DEBUG 45134 --- [pharmacy-inventory-management] [  restartedMain] c.p.i.InventoryManagementApplication     : Running with Spring Boot v3.2.0, Spring v6.1.1
2026-08-15T17:29:18.647Z  INFO 45134 --- [pharmacy-inventory-management] [  restartedMain] c.p.i.InventoryManagementApplication     : No active profile set, falling back to 1 default profile: "default"
2026-08-15T17:29:18.804Z  INFO 45134 --- [pharmacy-inventory-management] [  restartedMain] .s.d.r.c.RepositoryConfigurationDelegate : Bootstrapping Spring Data JPA repositories in DEFAULT mode.
2026-08-15T17:29:18.825Z  INFO 45134 --- [pharmacy-inventory-management] [  restartedMain] .s.d.r.c.RepositoryConfigurationDelegate : Finished Spring Data repository scanning in 20 ms. Found 6 JPA repository interfaces.
2026-08-15T17:29:18.937Z  INFO 45134 --- [pharmacy-inventory-management] [  restartedMain] o.s.b.w.embedded.tomcat.TomcatWebServer  : Tomcat initialized with port 8088 (http)
2026-08-15T17:29:18.938Z  INFO 45134 --- [pharmacy-inventory-management] [  restartedMain] o.apache.catalina.core.StandardService   : Starting service [Tomcat]
2026-08-15T17:29:18.938Z  INFO 45134 --- [pharmacy-inventory-management] [  restartedMain] o.apache.catalina.core.StandardEngine    : Starting Servlet engine: [Apache Tomcat/10.1.16]
2026-08-15T17:29:18.949Z  INFO 45134 --- [pharmacy-inventory-management] [  restartedMain] o.a.c.c.C.[Tomcat-8].[localhost].[/]     : Initializing Spring embedded WebApplicationContext
2026-08-15T17:29:18.949Z  INFO 45134 --- [pharmacy-inventory-management] [  restartedMain] w.s.c.ServletWebServerApplicationContext : Root WebApplicationContext: initialization completed in 301 ms
2026-08-15T17:29:19.043Z  INFO 45134 --- [pharmacy-inventory-management] [  restartedMain] com.zaxxer.hikari.HikariDataSource       : HikariPool-13 - Starting...
2026-08-15T17:29:19.065Z  INFO 45134 --- [pharmacy-inventory-management] [  restartedMain] com.zaxxer.hikari.pool.HikariPool        : HikariPool-13 - Added connection conn116: url=jdbc:h2:mem:pharmacydb user=SA
2026-08-15T17:29:19.066Z  INFO 45134 --- [pharmacy-inventory-management] [  restartedMain] com.zaxxer.hikari.HikariDataSource       : HikariPool-13 - Start completed.
2026-08-15T17:29:19.068Z  INFO 45134 --- [pharmacy-inventory-management] [  restartedMain] o.s.b.a.h2.H2ConsoleAutoConfiguration    : H2 console available at '/h2-console'. Database available at 'jdbc:h2:mem:pharmacydb'
2026-08-15T17:29:19.774Z  INFO 45134 --- [pharmacy-inventory-management] [  restartedMain] o.hibernate.jpa.internal.util.LogHelper  : HHH000204: Processing PersistenceUnitInfo [name: default]
2026-08-15T17:29:19.779Z  INFO 45134 --- [pharmacy-inventory-management] [  restartedMain] o.h.c.internal.RegionFactoryInitiator    : HHH000026: Second-level cache disabled
2026-08-15T17:29:19.784Z  INFO 45134 --- [pharmacy-inventory-management] [  restartedMain] o.s.o.j.p.SpringPersistenceUnitInfo      : No LoadTimeWeaver setup: ignoring JPA class transformer
2026-08-15T17:29:19.792Z  WARN 45134 --- [pharmacy-inventory-management] [  restartedMain] org.hibernate.orm.deprecation            : HHH90000025: H2Dialect does not need to be specified explicitly using 'hibernate.dialect' (remove the property setting and it will be selected by default)
2026-08-15T17:29:19.930Z  INFO 45134 --- [pharmacy-inventory-management] [  restartedMain] o.h.e.t.j.p.i.JtaPlatformInitiator       : HHH000489: No JTA platform available (set 'hibernate.transaction.jta.platform' to enable JTA platform integration)
Hibernate:
    drop table if exists categories cascade
Hibernate:
    drop table if exists medications cascade
Hibernate:
    drop table if exists sales cascade
Hibernate:
    drop table if exists suppliers cascade
Hibernate:
    drop table if exists users cascade
Hibernate:
    create table categories (
        created_at timestamp(6),
        id bigint generated by default as identity,
        updated_at timestamp(6),
        description varchar(500),
        name varchar(255) not null unique,
        primary key (id)
    )
Hibernate:
    create table medications (
        expiration_date date,
        is_deleted boolean,
        low_stock_threshold integer,
        price numeric(10,2) not null,
        quantity integer not null,
        category_id bigint,
        created_at timestamp(6),
        id bigint generated by default as identity,
        supplier_id bigint,
        updated_at timestamp(6),
        description varchar(1000),
        batch_number varchar(255),
        manufacturer varchar(255),
        name varchar(255) not null,
        type varchar(255),
        primary key (id)
    )
Hibernate:
    create table sales (
        cost_price numeric(10,2),
        quantity integer not null,
        sale_date date not null,
        total_price numeric(10,2) not null,
        unit_price numeric(10,2) not null,
        created_at timestamp(6),
        id bigint generated by default as identity,
        medication_id bigint not null,
        primary key (id)
    )
Hibernate:
    create table suppliers (
        active boolean default true not null,
        created_at timestamp(6),
        id bigint generated by default as identity,
        updated_at timestamp(6),
        address varchar(500),
        contact_person varchar(255),
        email varchar(255) not null unique,
        name varchar(255) not null,
        phone varchar(255) not null,
        primary key (id)
    )
Hibernate:
    create table users (
        created_at timestamp(6),
        id bigint generated by default as identity,
        email varchar(255) not null unique,
        full_name varchar(255) not null,
        password varchar(255) not null,
        role varchar(255) not null,
        primary key (id)
    )
Hibernate:
    alter table if exists medications
       add constraint FKmf1t7pw4h0df5jr8gld0uf05k
       foreign key (category_id)
       references categories
Hibernate:
    alter table if exists medications
       add constraint FK94rldjohkfmifdk13m2i03g70
       foreign key (supplier_id)
       references suppliers
Hibernate:
    alter table if exists sales
       add constraint FKaawj0sejy9oq9li56m5hum7tp
       foreign key (medication_id)
       references medications
2026-08-15T17:29:19.967Z  INFO 45134 --- [pharmacy-inventory-management] [  restartedMain] j.LocalContainerEntityManagerFactoryBean : Initialized JPA EntityManagerFactory for persistence unit 'default'
2026-08-15T17:29:19.980Z  WARN 45134 --- [pharmacy-inventory-management] [  restartedMain] ConfigServletWebServerApplicationContext : Exception encountered during context initialization - cancelling refresh attempt: org.springframework.beans.factory.UnsatisfiedDependencyException: Error creating bean with name 'authController': Unsatisfied dependency expressed through field 'authService': Error creating bean with name 'authServiceImpl': Lookup method resolution failed
2026-08-15T17:29:19.980Z  INFO 45134 --- [pharmacy-inventory-management] [  restartedMain] j.LocalContainerEntityManagerFactoryBean : Closing JPA EntityManagerFactory for persistence unit 'default'
Hibernate:
    drop table if exists categories cascade
Hibernate:
    drop table if exists medications cascade
Hibernate:
    drop table if exists sales cascade
Hibernate:
    drop table if exists suppliers cascade
Hibernate:
    drop table if exists users cascade
2026-08-15T17:29:19.984Z  WARN 45134 --- [pharmacy-inventory-management] [  restartedMain] o.s.b.f.support.DisposableBeanAdapter    : Invocation of destroy method failed on bean with name 'inMemoryDatabaseShutdownExecutor': org.h2.jdbc.JdbcSQLNonTransientConnectionException: Database is already closed (to disable automatic closing at VM shutdown, add ";DB_CLOSE_ON_EXIT=FALSE" to the db URL) [90121-224]
2026-08-15T17:29:19.984Z  INFO 45134 --- [pharmacy-inventory-management] [  restartedMain] com.zaxxer.hikari.HikariDataSource       : HikariPool-13 - Shutdown initiated...
2026-08-15T17:29:19.997Z  INFO 45134 --- [pharmacy-inventory-management] [  restartedMain] com.zaxxer.hikari.HikariDataSource       : HikariPool-13 - Shutdown completed.
2026-08-15T17:29:19.998Z  INFO 45134 --- [pharmacy-inventory-management] [  restartedMain] o.apache.catalina.core.StandardService   : Stopping service [Tomcat]
2026-08-15T17:29:20.006Z  INFO 45134 --- [pharmacy-inventory-management] [  restartedMain] .s.b.a.l.ConditionEvaluationReportLogger :

Error starting ApplicationContext. To display the condition evaluation report re-run your application with 'debug' enabled.
2026-08-15T17:29:20.009Z ERROR 45134 --- [pharmacy-inventory-management] [  restartedMain] o.s.boot.SpringApplication               : Application run failed

org.springframework.beans.factory.UnsatisfiedDependencyException: Error creating bean with name 'authController': Unsatisfied dependency expressed through field 'authService': Error creating bean with name 'authServiceImpl': Lookup method resolution failed
	at org.springframework.beans.factory.annotation.AutowiredAnnotationBeanPostProcessor$AutowiredFieldElement.resolveFieldValue(AutowiredAnnotationBeanPostProcessor.java:772) ~[spring-beans-6.1.1.jar:6.1.1]
	at org.springframework.beans.factory.annotation.AutowiredAnnotationBeanPostProcessor$AutowiredFieldElement.inject(AutowiredAnnotationBeanPostProcessor.java:752) ~[spring-beans-6.1.1.jar:6.1.1]
	at org.springframework.beans.factory.annotation.InjectionMetadata.inject(InjectionMetadata.java:145) ~[spring-beans-6.1.1.jar:6.1.1]
	at org.springframework.beans.factory.annotation.AutowiredAnnotationBeanPostProcessor.postProcessProperties(AutowiredAnnotationBeanPostProcessor.java:493) ~[spring-beans-6.1.1.jar:6.1.1]
	at org.springframework.beans.factory.support.AbstractAutowireCapableBeanFactory.populateBean(AbstractAutowireCapableBeanFactory.java:1420) ~[spring-beans-6.1.1.jar:6.1.1]
	at org.springframework.beans.factory.support.AbstractAutowireCapableBeanFactory.doCreateBean(AbstractAutowireCapableBeanFactory.java:600) ~[spring-beans-6.1.1.jar:6.1.1]
	at org.springframework.beans.factory.support.AbstractAutowireCapableBeanFactory.createBean(AbstractAutowireCapableBeanFactory.java:523) ~[spring-beans-6.1.1.jar:6.1.1]
	at org.springframework.beans.factory.support.AbstractBeanFactory.lambda$doGetBean$0(AbstractBeanFactory.java:325) ~[spring-beans-6.1.1.jar:6.1.1]
	at org.springframework.beans.factory.support.DefaultSingletonBeanRegistry.getSingleton(DefaultSingletonBeanRegistry.java:234) ~[spring-beans-6.1.1.jar:6.1.1]
	at org.springframework.beans.factory.support.AbstractBeanFactory.doGetBean(AbstractBeanFactory.java:323) ~[spring-beans-6.1.1.jar:6.1.1]
	at org.springframework.beans.factory.support.AbstractBeanFactory.getBean(AbstractBeanFactory.java:199) ~[spring-beans-6.1.1.jar:6.1.1]
	at org.springframework.beans.factory.support.DefaultListableBeanFactory.preInstantiateSingletons(DefaultListableBeanFactory.java:973) ~[spring-beans-6.1.1.jar:6.1.1]
	at org.springframework.context.support.AbstractApplicationContext.finishBeanFactoryInitialization(AbstractApplicationContext.java:946) ~[spring-context-6.1.1.jar:6.1.1]
	at org.springframework.context.support.AbstractApplicationContext.refresh(AbstractApplicationContext.java:616) ~[spring-context-6.1.1.jar:6.1.1]
	at org.springframework.boot.web.servlet.context.ServletWebServerApplicationContext.refresh(ServletWebServerApplicationContext.java:146) ~[spring-boot-3.2.0.jar:3.2.0]
	at org.springframework.boot.SpringApplication.refresh(SpringApplication.java:753) ~[spring-boot-3.2.0.jar:3.2.0]
	at org.springframework.boot.SpringApplication.refreshContext(SpringApplication.java:455) ~[spring-boot-3.2.0.jar:3.2.0]
	at org.springframework.boot.SpringApplication.run(SpringApplication.java:323) ~[spring-boot-3.2.0.jar:3.2.0]
	at org.springframework.boot.SpringApplication.run(SpringApplication.java:1342) ~[spring-boot-3.2.0.jar:3.2.0]
	at org.springframework.boot.SpringApplication.run(SpringApplication.java:1331) ~[spring-boot-3.2.0.jar:3.2.0]
	at com.pharmacy.inventory.InventoryManagementApplication.main(InventoryManagementApplication.java:10) ~[classes/:na]
	at java.base/jdk.internal.reflect.DirectMethodHandleAccessor.invoke(DirectMethodHandleAccessor.java:103) ~[na:na]
	at java.base/java.lang.reflect.Method.invoke(Method.java:580) ~[na:na]
	at org.springframework.boot.devtools.restart.RestartLauncher.run(RestartLauncher.java:50) ~[spring-boot-devtools-3.2.0.jar:3.2.0]
Caused by: org.springframework.beans.factory.BeanCreationException: Error creating bean with name 'authServiceImpl': Lookup method resolution failed
	at org.springframework.beans.factory.annotation.AutowiredAnnotationBeanPostProcessor.checkLookupMethods(AutowiredAnnotationBeanPostProcessor.java:482) ~[spring-beans-6.1.1.jar:6.1.1]
	at org.springframework.beans.factory.annotation.AutowiredAnnotationBeanPostProcessor.determineCandidateConstructors(AutowiredAnnotationBeanPostProcessor.java:352) ~[spring-beans-6.1.1.jar:6.1.1]
	at org.springframework.beans.factory.support.AbstractAutowireCapableBeanFactory.determineConstructorsFromBeanPostProcessors(AbstractAutowireCapableBeanFactory.java:1295) ~[spring-beans-6.1.1.jar:6.1.1]
	at org.springframework.beans.factory.support.AbstractAutowireCapableBeanFactory.createBeanInstance(AbstractAutowireCapableBeanFactory.java:1190) ~[spring-beans-6.1.1.jar:6.1.1]
	at org.springframework.beans.factory.support.AbstractAutowireCapableBeanFactory.doCreateBean(AbstractAutowireCapableBeanFactory.java:563) ~[spring-beans-6.1.1.jar:6.1.1]
	at org.springframework.beans.factory.support.AbstractAutowireCapableBeanFactory.createBean(AbstractAutowireCapableBeanFactory.java:523) ~[spring-beans-6.1.1.jar:6.1.1]
	at org.springframework.beans.factory.support.AbstractBeanFactory.lambda$doGetBean$0(AbstractBeanFactory.java:325) ~[spring-beans-6.1.1.jar:6.1.1]
	at org.springframework.beans.factory.support.DefaultSingletonBeanRegistry.getSingleton(DefaultSingletonBeanRegistry.java:234) ~[spring-beans-6.1.1.jar:6.1.1]
	at org.springframework.beans.factory.support.AbstractBeanFactory.doGetBean(AbstractBeanFactory.java:323) ~[spring-beans-6.1.1.jar:6.1.1]
	at org.springframework.beans.factory.support.AbstractBeanFactory.getBean(AbstractBeanFactory.java:199) ~[spring-beans-6.1.1.jar:6.1.1]
	at org.springframework.beans.factory.config.DependencyDescriptor.resolveCandidate(DependencyDescriptor.java:254) ~[spring-beans-6.1.1.jar:6.1.1]
	at org.springframework.beans.factory.support.DefaultListableBeanFactory.doResolveDependency(DefaultListableBeanFactory.java:1441) ~[spring-beans-6.1.1.jar:6.1.1]
	at org.springframework.beans.factory.support.DefaultListableBeanFactory.resolveDependency(DefaultListableBeanFactory.java:1348) ~[spring-beans-6.1.1.jar:6.1.1]
	at org.springframework.beans.factory.annotation.AutowiredAnnotationBeanPostProcessor$AutowiredFieldElement.resolveFieldValue(AutowiredAnnotationBeanPostProcessor.java:769) ~[spring-beans-6.1.1.jar:6.1.1]
	... 23 common frames omitted
Caused by: java.lang.IllegalStateException: Failed to introspect Class [com.pharmacy.inventory.service.impl.AuthServiceImpl] from ClassLoader [org.springframework.boot.devtools.restart.classloader.RestartClassLoader@7fd78178]
	at org.springframework.util.ReflectionUtils.getDeclaredMethods(ReflectionUtils.java:483) ~[spring-core-6.1.1.jar:6.1.1]
	at org.springframework.util.ReflectionUtils.doWithLocalMethods(ReflectionUtils.java:320) ~[spring-core-6.1.1.jar:6.1.1]
	at org.springframework.beans.factory.annotation.AutowiredAnnotationBeanPostProcessor.checkLookupMethods(AutowiredAnnotationBeanPostProcessor.java:460) ~[spring-beans-6.1.1.jar:6.1.1]
	... 36 common frames omitted
Caused by: java.lang.NoClassDefFoundError: org/springframework/security/crypto/password/PasswordEncoder
	at java.base/java.lang.Class.getDeclaredMethods0(Native Method) ~[na:na]
	at java.base/java.lang.Class.privateGetDeclaredMethods(Class.java:3580) ~[na:na]
	at java.base/java.lang.Class.getDeclaredMethods(Class.java:2678) ~[na:na]
	at org.springframework.util.ReflectionUtils.getDeclaredMethods(ReflectionUtils.java:465) ~[spring-core-6.1.1.jar:6.1.1]
	... 38 common frames omitted
Caused by: java.lang.ClassNotFoundException: org.springframework.security.crypto.password.PasswordEncoder
	at java.base/jdk.internal.loader.BuiltinClassLoader.loadClass(BuiltinClassLoader.java:641) ~[na:na]
	at java.base/jdk.internal.loader.ClassLoaders$AppClassLoader.loadClass(ClassLoaders.java:188) ~[na:na]
	at java.base/java.lang.ClassLoader.loadClass(ClassLoader.java:526) ~[na:na]
	at java.base/java.lang.Class.forName0(Native Method) ~[na:na]
	at java.base/java.lang.Class.forName(Class.java:536) ~[na:na]
	at java.base/java.lang.Class.forName(Class.java:515) ~[na:na]
	at org.springframework.boot.devtools.restart.classloader.RestartClassLoader.loadClass(RestartClassLoader.java:121) ~[spring-boot-devtools-3.2.0.jar:3.2.0]
	at java.base/java.lang.ClassLoader.loadClass(ClassLoader.java:526) ~[na:na]
	... 42 common frames omitted


  .   ____          _            __ _ _
 /\\ / ___'_ __ _ _(_)_ __  __ _ \ \ \ \
( ( )\___ | '_ | '_| | '_ \/ _` | \ \ \ \
 \\/  ___)| |_)| | | | | || (_| |  ) ) ) )
  '  |____| .__|_| |_|_| |_\__, | / / / /
 =========|_|==============|___/=/_/_/_/
 :: Spring Boot ::                (v3.2.0)

2026-08-15T18:03:10.670Z  INFO 45134 --- [pharmacy-inventory-management] [  restartedMain] c.p.i.InventoryManagementApplication     : Starting InventoryManagementApplication using Java 21.0.10 with PID 45134 (/app/target/classes started by jules in /app)
2026-08-15T18:03:10.672Z DEBUG 45134 --- [pharmacy-inventory-management] [  restartedMain] c.p.i.InventoryManagementApplication     : Running with Spring Boot v3.2.0, Spring v6.1.1
2026-08-15T18:03:10.673Z  INFO 45134 --- [pharmacy-inventory-management] [  restartedMain] c.p.i.InventoryManagementApplication     : No active profile set, falling back to 1 default profile: "default"
2026-08-15T18:03:11.020Z  INFO 45134 --- [pharmacy-inventory-management] [  restartedMain] .s.d.r.c.RepositoryConfigurationDelegate : Bootstrapping Spring Data JPA repositories in DEFAULT mode.
2026-08-15T18:03:11.054Z  INFO 45134 --- [pharmacy-inventory-management] [  restartedMain] .s.d.r.c.RepositoryConfigurationDelegate : Finished Spring Data repository scanning in 32 ms. Found 6 JPA repository interfaces.
2026-08-15T18:03:11.315Z  INFO 45134 --- [pharmacy-inventory-management] [  restartedMain] o.s.b.w.embedded.tomcat.TomcatWebServer  : Tomcat initialized with port 8088 (http)
2026-08-15T18:03:11.321Z  INFO 45134 --- [pharmacy-inventory-management] [  restartedMain] o.apache.catalina.core.StandardService   : Starting service [Tomcat]
2026-08-15T18:03:11.321Z  INFO 45134 --- [pharmacy-inventory-management] [  restartedMain] o.apache.catalina.core.StandardEngine    : Starting Servlet engine: [Apache Tomcat/10.1.16]
2026-08-15T18:03:11.342Z  INFO 45134 --- [pharmacy-inventory-management] [  restartedMain] o.a.c.c.C.[Tomcat-9].[localhost].[/]     : Initializing Spring embedded WebApplicationContext
2026-08-15T18:03:11.343Z  INFO 45134 --- [pharmacy-inventory-management] [  restartedMain] w.s.c.ServletWebServerApplicationContext : Root WebApplicationContext: initialization completed in 655 ms
2026-08-15T18:03:11.364Z  INFO 45134 --- [pharmacy-inventory-management] [  restartedMain] com.zaxxer.hikari.HikariDataSource       : HikariPool-14 - Starting...
2026-08-15T18:03:11.399Z  INFO 45134 --- [pharmacy-inventory-management] [  restartedMain] com.zaxxer.hikari.pool.HikariPool        : HikariPool-14 - Added connection conn126: url=jdbc:h2:mem:pharmacydb user=SA
2026-08-15T18:03:11.400Z  INFO 45134 --- [pharmacy-inventory-management] [  restartedMain] com.zaxxer.hikari.HikariDataSource       : HikariPool-14 - Start completed.
2026-08-15T18:03:11.402Z  INFO 45134 --- [pharmacy-inventory-management] [  restartedMain] o.s.b.a.h2.H2ConsoleAutoConfiguration    : H2 console available at '/h2-console'. Database available at 'jdbc:h2:mem:pharmacydb'
2026-08-15T18:03:11.467Z  INFO 45134 --- [pharmacy-inventory-management] [  restartedMain] o.hibernate.jpa.internal.util.LogHelper  : HHH000204: Processing PersistenceUnitInfo [name: default]
2026-08-15T18:03:11.480Z  INFO 45134 --- [pharmacy-inventory-management] [  restartedMain] o.h.c.internal.RegionFactoryInitiator    : HHH000026: Second-level cache disabled
2026-08-15T18:03:11.503Z  INFO 45134 --- [pharmacy-inventory-management] [  restartedMain] o.s.o.j.p.SpringPersistenceUnitInfo      : No LoadTimeWeaver setup: ignoring JPA class transformer
2026-08-15T18:03:11.519Z  WARN 45134 --- [pharmacy-inventory-management] [  restartedMain] org.hibernate.orm.deprecation            : HHH90000025: H2Dialect does not need to be specified explicitly using 'hibernate.dialect' (remove the property setting and it will be selected by default)
2026-08-15T18:03:11.844Z  INFO 45134 --- [pharmacy-inventory-management] [  restartedMain] o.h.e.t.j.p.i.JtaPlatformInitiator       : HHH000489: No JTA platform available (set 'hibernate.transaction.jta.platform' to enable JTA platform integration)
Hibernate:
    drop table if exists categories cascade
Hibernate:
    drop table if exists medications cascade
Hibernate:
    drop table if exists sales cascade
Hibernate:
    drop table if exists suppliers cascade
Hibernate:
    drop table if exists users cascade
Hibernate:
    create table categories (
        created_at timestamp(6),
        id bigint generated by default as identity,
        updated_at timestamp(6),
        description varchar(500),
        name varchar(255) not null unique,
        primary key (id)
    )
Hibernate:
    create table medications (
        expiration_date date,
        is_deleted boolean,
        low_stock_threshold integer,
        price numeric(10,2) not null,
        quantity integer not null,
        category_id bigint,
        created_at timestamp(6),
        id bigint generated by default as identity,
        supplier_id bigint,
        updated_at timestamp(6),
        description varchar(1000),
        batch_number varchar(255),
        manufacturer varchar(255),
        name varchar(255) not null,
        type varchar(255),
        primary key (id)
    )
Hibernate:
    create table sales (
        cost_price numeric(10,2),
        quantity integer not null,
        sale_date date not null,
        total_price numeric(10,2) not null,
        unit_price numeric(10,2) not null,
        created_at timestamp(6),
        id bigint generated by default as identity,
        medication_id bigint not null,
        primary key (id)
    )
Hibernate:
    create table suppliers (
        active boolean default true not null,
        created_at timestamp(6),
        id bigint generated by default as identity,
        updated_at timestamp(6),
        address varchar(500),
        contact_person varchar(255),
        email varchar(255) not null unique,
        name varchar(255) not null,
        phone varchar(255) not null,
        primary key (id)
    )
Hibernate:
    create table users (
        created_at timestamp(6),
        id bigint generated by default as identity,
        email varchar(255) not null unique,
        full_name varchar(255) not null,
        password varchar(255) not null,
        role varchar(255) not null,
        primary key (id)
    )
Hibernate:
    alter table if exists medications
       add constraint FKmf1t7pw4h0df5jr8gld0uf05k
       foreign key (category_id)
       references categories
Hibernate:
    alter table if exists medications
       add constraint FK94rldjohkfmifdk13m2i03g70
       foreign key (supplier_id)
       references suppliers
Hibernate:
    alter table if exists sales
       add constraint FKaawj0sejy9oq9li56m5hum7tp
       foreign key (medication_id)
       references medications
2026-08-15T18:03:11.876Z  INFO 45134 --- [pharmacy-inventory-management] [  restartedMain] j.LocalContainerEntityManagerFactoryBean : Initialized JPA EntityManagerFactory for persistence unit 'default'
2026-08-15T18:03:11.894Z  WARN 45134 --- [pharmacy-inventory-management] [  restartedMain] ConfigServletWebServerApplicationContext : Exception encountered during context initialization - cancelling refresh attempt: org.springframework.beans.factory.UnsatisfiedDependencyException: Error creating bean with name 'authController': Unsatisfied dependency expressed through field 'authService': Error creating bean with name 'authServiceImpl': Lookup method resolution failed
2026-08-15T18:03:11.895Z  INFO 45134 --- [pharmacy-inventory-management] [  restartedMain] j.LocalContainerEntityManagerFactoryBean : Closing JPA EntityManagerFactory for persistence unit 'default'
Hibernate:
    drop table if exists categories cascade
Hibernate:
    drop table if exists medications cascade
Hibernate:
    drop table if exists sales cascade
Hibernate:
    drop table if exists suppliers cascade
Hibernate:
    drop table if exists users cascade
2026-08-15T18:03:11.905Z  WARN 45134 --- [pharmacy-inventory-management] [  restartedMain] o.s.b.f.support.DisposableBeanAdapter    : Invocation of destroy method failed on bean with name 'inMemoryDatabaseShutdownExecutor': org.h2.jdbc.JdbcSQLNonTransientConnectionException: Database is already closed (to disable automatic closing at VM shutdown, add ";DB_CLOSE_ON_EXIT=FALSE" to the db URL) [90121-224]
2026-08-15T18:03:11.905Z  INFO 45134 --- [pharmacy-inventory-management] [  restartedMain] com.zaxxer.hikari.HikariDataSource       : HikariPool-14 - Shutdown initiated...
2026-08-15T18:03:11.908Z  INFO 45134 --- [pharmacy-inventory-management] [  restartedMain] com.zaxxer.hikari.HikariDataSource       : HikariPool-14 - Shutdown completed.
2026-08-15T18:03:11.910Z  INFO 45134 --- [pharmacy-inventory-management] [  restartedMain] o.apache.catalina.core.StandardService   : Stopping service [Tomcat]
2026-08-15T18:03:11.919Z  INFO 45134 --- [pharmacy-inventory-management] [  restartedMain] .s.b.a.l.ConditionEvaluationReportLogger :

Error starting ApplicationContext. To display the condition evaluation report re-run your application with 'debug' enabled.
2026-08-15T18:03:11.930Z ERROR 45134 --- [pharmacy-inventory-management] [  restartedMain] o.s.boot.SpringApplication               : Application run failed

org.springframework.beans.factory.UnsatisfiedDependencyException: Error creating bean with name 'authController': Unsatisfied dependency expressed through field 'authService': Error creating bean with name 'authServiceImpl': Lookup method resolution failed
	at org.springframework.beans.factory.annotation.AutowiredAnnotationBeanPostProcessor$AutowiredFieldElement.resolveFieldValue(AutowiredAnnotationBeanPostProcessor.java:772) ~[spring-beans-6.1.1.jar:6.1.1]
	at org.springframework.beans.factory.annotation.AutowiredAnnotationBeanPostProcessor$AutowiredFieldElement.inject(AutowiredAnnotationBeanPostProcessor.java:752) ~[spring-beans-6.1.1.jar:6.1.1]
	at org.springframework.beans.factory.annotation.InjectionMetadata.inject(InjectionMetadata.java:145) ~[spring-beans-6.1.1.jar:6.1.1]
	at org.springframework.beans.factory.annotation.AutowiredAnnotationBeanPostProcessor.postProcessProperties(AutowiredAnnotationBeanPostProcessor.java:493) ~[spring-beans-6.1.1.jar:6.1.1]
	at org.springframework.beans.factory.support.AbstractAutowireCapableBeanFactory.populateBean(AbstractAutowireCapableBeanFactory.java:1420) ~[spring-beans-6.1.1.jar:6.1.1]
	at org.springframework.beans.factory.support.AbstractAutowireCapableBeanFactory.doCreateBean(AbstractAutowireCapableBeanFactory.java:600) ~[spring-beans-6.1.1.jar:6.1.1]
	at org.springframework.beans.factory.support.AbstractAutowireCapableBeanFactory.createBean(AbstractAutowireCapableBeanFactory.java:523) ~[spring-beans-6.1.1.jar:6.1.1]
	at org.springframework.beans.factory.support.AbstractBeanFactory.lambda$doGetBean$0(AbstractBeanFactory.java:325) ~[spring-beans-6.1.1.jar:6.1.1]
	at org.springframework.beans.factory.support.DefaultSingletonBeanRegistry.getSingleton(DefaultSingletonBeanRegistry.java:234) ~[spring-beans-6.1.1.jar:6.1.1]
	at org.springframework.beans.factory.support.AbstractBeanFactory.doGetBean(AbstractBeanFactory.java:323) ~[spring-beans-6.1.1.jar:6.1.1]
	at org.springframework.beans.factory.support.AbstractBeanFactory.getBean(AbstractBeanFactory.java:199) ~[spring-beans-6.1.1.jar:6.1.1]
	at org.springframework.beans.factory.support.DefaultListableBeanFactory.preInstantiateSingletons(DefaultListableBeanFactory.java:973) ~[spring-beans-6.1.1.jar:6.1.1]
	at org.springframework.context.support.AbstractApplicationContext.finishBeanFactoryInitialization(AbstractApplicationContext.java:946) ~[spring-context-6.1.1.jar:6.1.1]
	at org.springframework.context.support.AbstractApplicationContext.refresh(AbstractApplicationContext.java:616) ~[spring-context-6.1.1.jar:6.1.1]
	at org.springframework.boot.web.servlet.context.ServletWebServerApplicationContext.refresh(ServletWebServerApplicationContext.java:146) ~[spring-boot-3.2.0.jar:3.2.0]
	at org.springframework.boot.SpringApplication.refresh(SpringApplication.java:753) ~[spring-boot-3.2.0.jar:3.2.0]
	at org.springframework.boot.SpringApplication.refreshContext(SpringApplication.java:455) ~[spring-boot-3.2.0.jar:3.2.0]
	at org.springframework.boot.SpringApplication.run(SpringApplication.java:323) ~[spring-boot-3.2.0.jar:3.2.0]
	at org.springframework.boot.SpringApplication.run(SpringApplication.java:1342) ~[spring-boot-3.2.0.jar:3.2.0]
	at org.springframework.boot.SpringApplication.run(SpringApplication.java:1331) ~[spring-boot-3.2.0.jar:3.2.0]
	at com.pharmacy.inventory.InventoryManagementApplication.main(InventoryManagementApplication.java:10) ~[classes/:na]
	at java.base/jdk.internal.reflect.DirectMethodHandleAccessor.invoke(DirectMethodHandleAccessor.java:103) ~[na:na]
	at java.base/java.lang.reflect.Method.invoke(Method.java:580) ~[na:na]
	at org.springframework.boot.devtools.restart.RestartLauncher.run(RestartLauncher.java:50) ~[spring-boot-devtools-3.2.0.jar:3.2.0]
Caused by: org.springframework.beans.factory.BeanCreationException: Error creating bean with name 'authServiceImpl': Lookup method resolution failed
	at org.springframework.beans.factory.annotation.AutowiredAnnotationBeanPostProcessor.checkLookupMethods(AutowiredAnnotationBeanPostProcessor.java:482) ~[spring-beans-6.1.1.jar:6.1.1]
	at org.springframework.beans.factory.annotation.AutowiredAnnotationBeanPostProcessor.determineCandidateConstructors(AutowiredAnnotationBeanPostProcessor.java:352) ~[spring-beans-6.1.1.jar:6.1.1]
	at org.springframework.beans.factory.support.AbstractAutowireCapableBeanFactory.determineConstructorsFromBeanPostProcessors(AbstractAutowireCapableBeanFactory.java:1295) ~[spring-beans-6.1.1.jar:6.1.1]
	at org.springframework.beans.factory.support.AbstractAutowireCapableBeanFactory.createBeanInstance(AbstractAutowireCapableBeanFactory.java:1190) ~[spring-beans-6.1.1.jar:6.1.1]
	at org.springframework.beans.factory.support.AbstractAutowireCapableBeanFactory.doCreateBean(AbstractAutowireCapableBeanFactory.java:563) ~[spring-beans-6.1.1.jar:6.1.1]
	at org.springframework.beans.factory.support.AbstractAutowireCapableBeanFactory.createBean(AbstractAutowireCapableBeanFactory.java:523) ~[spring-beans-6.1.1.jar:6.1.1]
	at org.springframework.beans.factory.support.AbstractBeanFactory.lambda$doGetBean$0(AbstractBeanFactory.java:325) ~[spring-beans-6.1.1.jar:6.1.1]
	at org.springframework.beans.factory.support.DefaultSingletonBeanRegistry.getSingleton(DefaultSingletonBeanRegistry.java:234) ~[spring-beans-6.1.1.jar:6.1.1]
	at org.springframework.beans.factory.support.AbstractBeanFactory.doGetBean(AbstractBeanFactory.java:323) ~[spring-beans-6.1.1.jar:6.1.1]
	at org.springframework.beans.factory.support.AbstractBeanFactory.getBean(AbstractBeanFactory.java:199) ~[spring-beans-6.1.1.jar:6.1.1]
	at org.springframework.beans.factory.config.DependencyDescriptor.resolveCandidate(DependencyDescriptor.java:254) ~[spring-beans-6.1.1.jar:6.1.1]
	at org.springframework.beans.factory.support.DefaultListableBeanFactory.doResolveDependency(DefaultListableBeanFactory.java:1441) ~[spring-beans-6.1.1.jar:6.1.1]
	at org.springframework.beans.factory.support.DefaultListableBeanFactory.resolveDependency(DefaultListableBeanFactory.java:1348) ~[spring-beans-6.1.1.jar:6.1.1]
	at org.springframework.beans.factory.annotation.AutowiredAnnotationBeanPostProcessor$AutowiredFieldElement.resolveFieldValue(AutowiredAnnotationBeanPostProcessor.java:769) ~[spring-beans-6.1.1.jar:6.1.1]
	... 23 common frames omitted
Caused by: java.lang.IllegalStateException: Failed to introspect Class [com.pharmacy.inventory.service.impl.AuthServiceImpl] from ClassLoader [org.springframework.boot.devtools.restart.classloader.RestartClassLoader@79fa6ae]
	at org.springframework.util.ReflectionUtils.getDeclaredMethods(ReflectionUtils.java:483) ~[spring-core-6.1.1.jar:6.1.1]
	at org.springframework.util.ReflectionUtils.doWithLocalMethods(ReflectionUtils.java:320) ~[spring-core-6.1.1.jar:6.1.1]
	at org.springframework.beans.factory.annotation.AutowiredAnnotationBeanPostProcessor.checkLookupMethods(AutowiredAnnotationBeanPostProcessor.java:460) ~[spring-beans-6.1.1.jar:6.1.1]
	... 36 common frames omitted
Caused by: java.lang.NoClassDefFoundError: org/springframework/security/crypto/password/PasswordEncoder
	at java.base/java.lang.Class.getDeclaredMethods0(Native Method) ~[na:na]
	at java.base/java.lang.Class.privateGetDeclaredMethods(Class.java:3580) ~[na:na]
	at java.base/java.lang.Class.getDeclaredMethods(Class.java:2678) ~[na:na]
	at org.springframework.util.ReflectionUtils.getDeclaredMethods(ReflectionUtils.java:465) ~[spring-core-6.1.1.jar:6.1.1]
	... 38 common frames omitted
Caused by: java.lang.ClassNotFoundException: org.springframework.security.crypto.password.PasswordEncoder
	at java.base/jdk.internal.loader.BuiltinClassLoader.loadClass(BuiltinClassLoader.java:641) ~[na:na]
	at java.base/jdk.internal.loader.ClassLoaders$AppClassLoader.loadClass(ClassLoaders.java:188) ~[na:na]
	at java.base/java.lang.ClassLoader.loadClass(ClassLoader.java:526) ~[na:na]
	at java.base/java.lang.Class.forName0(Native Method) ~[na:na]
	at java.base/java.lang.Class.forName(Class.java:536) ~[na:na]
	at java.base/java.lang.Class.forName(Class.java:515) ~[na:na]
	at org.springframework.boot.devtools.restart.classloader.RestartClassLoader.loadClass(RestartClassLoader.java:121) ~[spring-boot-devtools-3.2.0.jar:3.2.0]
	at java.base/java.lang.ClassLoader.loadClass(ClassLoader.java:526) ~[na:na]
	... 42 common frames omitted


  .   ____          _            __ _ _
 /\\ / ___'_ __ _ _(_)_ __  __ _ \ \ \ \
( ( )\___ | '_ | '_| | '_ \/ _` | \ \ \ \
 \\/  ___)| |_)| | | | | || (_| |  ) ) ) )
  '  |____| .__|_| |_|_| |_\__, | / / / /
 =========|_|==============|___/=/_/_/_/
 :: Spring Boot ::                (v3.2.0)

2026-08-15T18:15:09.271Z  INFO 45134 --- [pharmacy-inventory-management] [  restartedMain] c.p.i.InventoryManagementApplication     : Starting InventoryManagementApplication using Java 21.0.10 with PID 45134 (/app/target/classes started by jules in /app)
2026-08-15T18:15:09.274Z DEBUG 45134 --- [pharmacy-inventory-management] [  restartedMain] c.p.i.InventoryManagementApplication     : Running with Spring Boot v3.2.0, Spring v6.1.1
2026-08-15T18:15:09.274Z  INFO 45134 --- [pharmacy-inventory-management] [  restartedMain] c.p.i.InventoryManagementApplication     : No active profile set, falling back to 1 default profile: "default"
2026-08-15T18:15:09.565Z  INFO 45134 --- [pharmacy-inventory-management] [  restartedMain] .s.d.r.c.RepositoryConfigurationDelegate : Bootstrapping Spring Data JPA repositories in DEFAULT mode.
2026-08-15T18:15:09.597Z  INFO 45134 --- [pharmacy-inventory-management] [  restartedMain] .s.d.r.c.RepositoryConfigurationDelegate : Finished Spring Data repository scanning in 31 ms. Found 6 JPA repository interfaces.
2026-08-15T18:15:09.804Z  INFO 45134 --- [pharmacy-inventory-management] [  restartedMain] o.s.b.w.embedded.tomcat.TomcatWebServer  : Tomcat initialized with port 8088 (http)
2026-08-15T18:15:09.806Z  INFO 45134 --- [pharmacy-inventory-management] [  restartedMain] o.apache.catalina.core.StandardService   : Starting service [Tomcat]
2026-08-15T18:15:09.806Z  INFO 45134 --- [pharmacy-inventory-management] [  restartedMain] o.apache.catalina.core.StandardEngine    : Starting Servlet engine: [Apache Tomcat/10.1.16]
2026-08-15T18:15:09.821Z  INFO 45134 --- [pharmacy-inventory-management] [  restartedMain] o.a.c.c.C.[Tomcat-10].[localhost].[/]    : Initializing Spring embedded WebApplicationContext
2026-08-15T18:15:09.822Z  INFO 45134 --- [pharmacy-inventory-management] [  restartedMain] w.s.c.ServletWebServerApplicationContext : Root WebApplicationContext: initialization completed in 532 ms
2026-08-15T18:15:09.841Z  INFO 45134 --- [pharmacy-inventory-management] [  restartedMain] com.zaxxer.hikari.HikariDataSource       : HikariPool-15 - Starting...
2026-08-15T18:15:09.861Z  INFO 45134 --- [pharmacy-inventory-management] [  restartedMain] com.zaxxer.hikari.pool.HikariPool        : HikariPool-15 - Added connection conn136: url=jdbc:h2:mem:pharmacydb user=SA
2026-08-15T18:15:09.861Z  INFO 45134 --- [pharmacy-inventory-management] [  restartedMain] com.zaxxer.hikari.HikariDataSource       : HikariPool-15 - Start completed.
2026-08-15T18:15:09.862Z  INFO 45134 --- [pharmacy-inventory-management] [  restartedMain] o.s.b.a.h2.H2ConsoleAutoConfiguration    : H2 console available at '/h2-console'. Database available at 'jdbc:h2:mem:pharmacydb'
2026-08-15T18:15:09.901Z  INFO 45134 --- [pharmacy-inventory-management] [  restartedMain] o.hibernate.jpa.internal.util.LogHelper  : HHH000204: Processing PersistenceUnitInfo [name: default]
2026-08-15T18:15:09.909Z  INFO 45134 --- [pharmacy-inventory-management] [  restartedMain] o.h.c.internal.RegionFactoryInitiator    : HHH000026: Second-level cache disabled
2026-08-15T18:15:09.917Z  INFO 45134 --- [pharmacy-inventory-management] [  restartedMain] o.s.o.j.p.SpringPersistenceUnitInfo      : No LoadTimeWeaver setup: ignoring JPA class transformer
2026-08-15T18:15:09.920Z  WARN 45134 --- [pharmacy-inventory-management] [  restartedMain] org.hibernate.orm.deprecation            : HHH90000025: H2Dialect does not need to be specified explicitly using 'hibernate.dialect' (remove the property setting and it will be selected by default)
2026-08-15T18:15:10.083Z  INFO 45134 --- [pharmacy-inventory-management] [  restartedMain] o.h.e.t.j.p.i.JtaPlatformInitiator       : HHH000489: No JTA platform available (set 'hibernate.transaction.jta.platform' to enable JTA platform integration)
Hibernate:
    drop table if exists categories cascade
Hibernate:
    drop table if exists medications cascade
Hibernate:
    drop table if exists sales cascade
Hibernate:
    drop table if exists suppliers cascade
Hibernate:
    drop table if exists users cascade
Hibernate:
    create table categories (
        created_at timestamp(6),
        id bigint generated by default as identity,
        updated_at timestamp(6),
        description varchar(500),
        name varchar(255) not null unique,
        primary key (id)
    )
Hibernate:
    create table medications (
        expiration_date date,
        is_deleted boolean,
        low_stock_threshold integer,
        price numeric(10,2) not null,
        quantity integer not null,
        category_id bigint,
        created_at timestamp(6),
        id bigint generated by default as identity,
        supplier_id bigint,
        updated_at timestamp(6),
        description varchar(1000),
        batch_number varchar(255),
        manufacturer varchar(255),
        name varchar(255) not null,
        type varchar(255),
        primary key (id)
    )
Hibernate:
    create table sales (
        cost_price numeric(10,2),
        quantity integer not null,
        sale_date date not null,
        total_price numeric(10,2) not null,
        unit_price numeric(10,2) not null,
        created_at timestamp(6),
        id bigint generated by default as identity,
        medication_id bigint not null,
        primary key (id)
    )
Hibernate:
    create table suppliers (
        active boolean default true not null,
        created_at timestamp(6),
        id bigint generated by default as identity,
        updated_at timestamp(6),
        address varchar(500),
        contact_person varchar(255),
        email varchar(255) not null unique,
        name varchar(255) not null,
        phone varchar(255) not null,
        primary key (id)
    )
Hibernate:
    create table users (
        created_at timestamp(6),
        id bigint generated by default as identity,
        email varchar(255) not null unique,
        full_name varchar(255) not null,
        password varchar(255) not null,
        role varchar(255) not null,
        primary key (id)
    )
Hibernate:
    alter table if exists medications
       add constraint FKmf1t7pw4h0df5jr8gld0uf05k
       foreign key (category_id)
       references categories
Hibernate:
    alter table if exists medications
       add constraint FK94rldjohkfmifdk13m2i03g70
       foreign key (supplier_id)
       references suppliers
Hibernate:
    alter table if exists sales
       add constraint FKaawj0sejy9oq9li56m5hum7tp
       foreign key (medication_id)
       references medications
2026-08-15T18:15:10.104Z  INFO 45134 --- [pharmacy-inventory-management] [  restartedMain] j.LocalContainerEntityManagerFactoryBean : Initialized JPA EntityManagerFactory for persistence unit 'default'
2026-08-15T18:15:10.118Z  WARN 45134 --- [pharmacy-inventory-management] [  restartedMain] ConfigServletWebServerApplicationContext : Exception encountered during context initialization - cancelling refresh attempt: org.springframework.beans.factory.UnsatisfiedDependencyException: Error creating bean with name 'authController': Unsatisfied dependency expressed through field 'authService': Error creating bean with name 'authServiceImpl': Lookup method resolution failed
2026-08-15T18:15:10.118Z  INFO 45134 --- [pharmacy-inventory-management] [  restartedMain] j.LocalContainerEntityManagerFactoryBean : Closing JPA EntityManagerFactory for persistence unit 'default'
Hibernate:
    drop table if exists categories cascade
Hibernate:
    drop table if exists medications cascade
Hibernate:
    drop table if exists sales cascade
Hibernate:
    drop table if exists suppliers cascade
Hibernate:
    drop table if exists users cascade
2026-08-15T18:15:10.122Z  WARN 45134 --- [pharmacy-inventory-management] [  restartedMain] o.s.b.f.support.DisposableBeanAdapter    : Invocation of destroy method failed on bean with name 'inMemoryDatabaseShutdownExecutor': org.h2.jdbc.JdbcSQLNonTransientConnectionException: Database is already closed (to disable automatic closing at VM shutdown, add ";DB_CLOSE_ON_EXIT=FALSE" to the db URL) [90121-224]
2026-08-15T18:15:10.122Z  INFO 45134 --- [pharmacy-inventory-management] [  restartedMain] com.zaxxer.hikari.HikariDataSource       : HikariPool-15 - Shutdown initiated...
2026-08-15T18:15:10.126Z  INFO 45134 --- [pharmacy-inventory-management] [  restartedMain] com.zaxxer.hikari.HikariDataSource       : HikariPool-15 - Shutdown completed.
2026-08-15T18:15:10.127Z  INFO 45134 --- [pharmacy-inventory-management] [  restartedMain] o.apache.catalina.core.StandardService   : Stopping service [Tomcat]
2026-08-15T18:15:10.133Z  INFO 45134 --- [pharmacy-inventory-management] [  restartedMain] .s.b.a.l.ConditionEvaluationReportLogger :

Error starting ApplicationContext. To display the condition evaluation report re-run your application with 'debug' enabled.
2026-08-15T18:15:10.138Z ERROR 45134 --- [pharmacy-inventory-management] [  restartedMain] o.s.boot.SpringApplication               : Application run failed

org.springframework.beans.factory.UnsatisfiedDependencyException: Error creating bean with name 'authController': Unsatisfied dependency expressed through field 'authService': Error creating bean with name 'authServiceImpl': Lookup method resolution failed
	at org.springframework.beans.factory.annotation.AutowiredAnnotationBeanPostProcessor$AutowiredFieldElement.resolveFieldValue(AutowiredAnnotationBeanPostProcessor.java:772) ~[spring-beans-6.1.1.jar:6.1.1]
	at org.springframework.beans.factory.annotation.AutowiredAnnotationBeanPostProcessor$AutowiredFieldElement.inject(AutowiredAnnotationBeanPostProcessor.java:752) ~[spring-beans-6.1.1.jar:6.1.1]
	at org.springframework.beans.factory.annotation.InjectionMetadata.inject(InjectionMetadata.java:145) ~[spring-beans-6.1.1.jar:6.1.1]
	at org.springframework.beans.factory.annotation.AutowiredAnnotationBeanPostProcessor.postProcessProperties(AutowiredAnnotationBeanPostProcessor.java:493) ~[spring-beans-6.1.1.jar:6.1.1]
	at org.springframework.beans.factory.support.AbstractAutowireCapableBeanFactory.populateBean(AbstractAutowireCapableBeanFactory.java:1420) ~[spring-beans-6.1.1.jar:6.1.1]
	at org.springframework.beans.factory.support.AbstractAutowireCapableBeanFactory.doCreateBean(AbstractAutowireCapableBeanFactory.java:600) ~[spring-beans-6.1.1.jar:6.1.1]
	at org.springframework.beans.factory.support.AbstractAutowireCapableBeanFactory.createBean(AbstractAutowireCapableBeanFactory.java:523) ~[spring-beans-6.1.1.jar:6.1.1]
	at org.springframework.beans.factory.support.AbstractBeanFactory.lambda$doGetBean$0(AbstractBeanFactory.java:325) ~[spring-beans-6.1.1.jar:6.1.1]
	at org.springframework.beans.factory.support.DefaultSingletonBeanRegistry.getSingleton(DefaultSingletonBeanRegistry.java:234) ~[spring-beans-6.1.1.jar:6.1.1]
	at org.springframework.beans.factory.support.AbstractBeanFactory.doGetBean(AbstractBeanFactory.java:323) ~[spring-beans-6.1.1.jar:6.1.1]
	at org.springframework.beans.factory.support.AbstractBeanFactory.getBean(AbstractBeanFactory.java:199) ~[spring-beans-6.1.1.jar:6.1.1]
	at org.springframework.beans.factory.support.DefaultListableBeanFactory.preInstantiateSingletons(DefaultListableBeanFactory.java:973) ~[spring-beans-6.1.1.jar:6.1.1]
	at org.springframework.context.support.AbstractApplicationContext.finishBeanFactoryInitialization(AbstractApplicationContext.java:946) ~[spring-context-6.1.1.jar:6.1.1]
	at org.springframework.context.support.AbstractApplicationContext.refresh(AbstractApplicationContext.java:616) ~[spring-context-6.1.1.jar:6.1.1]
	at org.springframework.boot.web.servlet.context.ServletWebServerApplicationContext.refresh(ServletWebServerApplicationContext.java:146) ~[spring-boot-3.2.0.jar:3.2.0]
	at org.springframework.boot.SpringApplication.refresh(SpringApplication.java:753) ~[spring-boot-3.2.0.jar:3.2.0]
	at org.springframework.boot.SpringApplication.refreshContext(SpringApplication.java:455) ~[spring-boot-3.2.0.jar:3.2.0]
	at org.springframework.boot.SpringApplication.run(SpringApplication.java:323) ~[spring-boot-3.2.0.jar:3.2.0]
	at org.springframework.boot.SpringApplication.run(SpringApplication.java:1342) ~[spring-boot-3.2.0.jar:3.2.0]
	at org.springframework.boot.SpringApplication.run(SpringApplication.java:1331) ~[spring-boot-3.2.0.jar:3.2.0]
	at com.pharmacy.inventory.InventoryManagementApplication.main(InventoryManagementApplication.java:10) ~[classes/:na]
	at java.base/jdk.internal.reflect.DirectMethodHandleAccessor.invoke(DirectMethodHandleAccessor.java:103) ~[na:na]
	at java.base/java.lang.reflect.Method.invoke(Method.java:580) ~[na:na]
	at org.springframework.boot.devtools.restart.RestartLauncher.run(RestartLauncher.java:50) ~[spring-boot-devtools-3.2.0.jar:3.2.0]
Caused by: org.springframework.beans.factory.BeanCreationException: Error creating bean with name 'authServiceImpl': Lookup method resolution failed
	at org.springframework.beans.factory.annotation.AutowiredAnnotationBeanPostProcessor.checkLookupMethods(AutowiredAnnotationBeanPostProcessor.java:482) ~[spring-beans-6.1.1.jar:6.1.1]
	at org.springframework.beans.factory.annotation.AutowiredAnnotationBeanPostProcessor.determineCandidateConstructors(AutowiredAnnotationBeanPostProcessor.java:352) ~[spring-beans-6.1.1.jar:6.1.1]
	at org.springframework.beans.factory.support.AbstractAutowireCapableBeanFactory.determineConstructorsFromBeanPostProcessors(AbstractAutowireCapableBeanFactory.java:1295) ~[spring-beans-6.1.1.jar:6.1.1]
	at org.springframework.beans.factory.support.AbstractAutowireCapableBeanFactory.createBeanInstance(AbstractAutowireCapableBeanFactory.java:1190) ~[spring-beans-6.1.1.jar:6.1.1]
	at org.springframework.beans.factory.support.AbstractAutowireCapableBeanFactory.doCreateBean(AbstractAutowireCapableBeanFactory.java:563) ~[spring-beans-6.1.1.jar:6.1.1]
	at org.springframework.beans.factory.support.AbstractAutowireCapableBeanFactory.createBean(AbstractAutowireCapableBeanFactory.java:523) ~[spring-beans-6.1.1.jar:6.1.1]
	at org.springframework.beans.factory.support.AbstractBeanFactory.lambda$doGetBean$0(AbstractBeanFactory.java:325) ~[spring-beans-6.1.1.jar:6.1.1]
	at org.springframework.beans.factory.support.DefaultSingletonBeanRegistry.getSingleton(DefaultSingletonBeanRegistry.java:234) ~[spring-beans-6.1.1.jar:6.1.1]
	at org.springframework.beans.factory.support.AbstractBeanFactory.doGetBean(AbstractBeanFactory.java:323) ~[spring-beans-6.1.1.jar:6.1.1]
	at org.springframework.beans.factory.support.AbstractBeanFactory.getBean(AbstractBeanFactory.java:199) ~[spring-beans-6.1.1.jar:6.1.1]
	at org.springframework.beans.factory.config.DependencyDescriptor.resolveCandidate(DependencyDescriptor.java:254) ~[spring-beans-6.1.1.jar:6.1.1]
	at org.springframework.beans.factory.support.DefaultListableBeanFactory.doResolveDependency(DefaultListableBeanFactory.java:1441) ~[spring-beans-6.1.1.jar:6.1.1]
	at org.springframework.beans.factory.support.DefaultListableBeanFactory.resolveDependency(DefaultListableBeanFactory.java:1348) ~[spring-beans-6.1.1.jar:6.1.1]
	at org.springframework.beans.factory.annotation.AutowiredAnnotationBeanPostProcessor$AutowiredFieldElement.resolveFieldValue(AutowiredAnnotationBeanPostProcessor.java:769) ~[spring-beans-6.1.1.jar:6.1.1]
	... 23 common frames omitted
Caused by: java.lang.IllegalStateException: Failed to introspect Class [com.pharmacy.inventory.service.impl.AuthServiceImpl] from ClassLoader [org.springframework.boot.devtools.restart.classloader.RestartClassLoader@cc1e2eb]
	at org.springframework.util.ReflectionUtils.getDeclaredMethods(ReflectionUtils.java:483) ~[spring-core-6.1.1.jar:6.1.1]
	at org.springframework.util.ReflectionUtils.doWithLocalMethods(ReflectionUtils.java:320) ~[spring-core-6.1.1.jar:6.1.1]
	at org.springframework.beans.factory.annotation.AutowiredAnnotationBeanPostProcessor.checkLookupMethods(AutowiredAnnotationBeanPostProcessor.java:460) ~[spring-beans-6.1.1.jar:6.1.1]
	... 36 common frames omitted
Caused by: java.lang.NoClassDefFoundError: org/springframework/security/crypto/password/PasswordEncoder
	at java.base/java.lang.Class.getDeclaredMethods0(Native Method) ~[na:na]
	at java.base/java.lang.Class.privateGetDeclaredMethods(Class.java:3580) ~[na:na]
	at java.base/java.lang.Class.getDeclaredMethods(Class.java:2678) ~[na:na]
	at org.springframework.util.ReflectionUtils.getDeclaredMethods(ReflectionUtils.java:465) ~[spring-core-6.1.1.jar:6.1.1]
	... 38 common frames omitted
Caused by: java.lang.ClassNotFoundException: org.springframework.security.crypto.password.PasswordEncoder
	at java.base/jdk.internal.loader.BuiltinClassLoader.loadClass(BuiltinClassLoader.java:641) ~[na:na]
	at java.base/jdk.internal.loader.ClassLoaders$AppClassLoader.loadClass(ClassLoaders.java:188) ~[na:na]
	at java.base/java.lang.ClassLoader.loadClass(ClassLoader.java:526) ~[na:na]
	at java.base/java.lang.Class.forName0(Native Method) ~[na:na]
	at java.base/java.lang.Class.forName(Class.java:536) ~[na:na]
	at java.base/java.lang.Class.forName(Class.java:515) ~[na:na]
	at org.springframework.boot.devtools.restart.classloader.RestartClassLoader.loadClass(RestartClassLoader.java:121) ~[spring-boot-devtools-3.2.0.jar:3.2.0]
	at java.base/java.lang.ClassLoader.loadClass(ClassLoader.java:526) ~[na:na]
	... 42 common frames omitted


  .   ____          _            __ _ _
 /\\ / ___'_ __ _ _(_)_ __  __ _ \ \ \ \
( ( )\___ | '_ | '_| | '_ \/ _` | \ \ \ \
 \\/  ___)| |_)| | | | | || (_| |  ) ) ) )
  '  |____| .__|_| |_|_| |_\__, | / / / /
 =========|_|==============|___/=/_/_/_/
 :: Spring Boot ::                (v3.2.0)

2026-08-15T18:24:56.799Z  INFO 45134 --- [pharmacy-inventory-management] [  restartedMain] c.p.i.InventoryManagementApplication     : Starting InventoryManagementApplication using Java 21.0.10 with PID 45134 (/app/target/classes started by jules in /app)
2026-08-15T18:24:56.800Z DEBUG 45134 --- [pharmacy-inventory-management] [  restartedMain] c.p.i.InventoryManagementApplication     : Running with Spring Boot v3.2.0, Spring v6.1.1
2026-08-15T18:24:56.802Z  INFO 45134 --- [pharmacy-inventory-management] [  restartedMain] c.p.i.InventoryManagementApplication     : No active profile set, falling back to 1 default profile: "default"
2026-08-15T18:24:57.034Z  INFO 45134 --- [pharmacy-inventory-management] [  restartedMain] .s.d.r.c.RepositoryConfigurationDelegate : Bootstrapping Spring Data JPA repositories in DEFAULT mode.
2026-08-15T18:24:57.058Z  INFO 45134 --- [pharmacy-inventory-management] [  restartedMain] .s.d.r.c.RepositoryConfigurationDelegate : Finished Spring Data repository scanning in 24 ms. Found 6 JPA repository interfaces.
2026-08-15T18:24:57.206Z  INFO 45134 --- [pharmacy-inventory-management] [  restartedMain] o.s.b.w.embedded.tomcat.TomcatWebServer  : Tomcat initialized with port 8088 (http)
2026-08-15T18:24:57.207Z  INFO 45134 --- [pharmacy-inventory-management] [  restartedMain] o.apache.catalina.core.StandardService   : Starting service [Tomcat]
2026-08-15T18:24:57.207Z  INFO 45134 --- [pharmacy-inventory-management] [  restartedMain] o.apache.catalina.core.StandardEngine    : Starting Servlet engine: [Apache Tomcat/10.1.16]
2026-08-15T18:24:57.219Z  INFO 45134 --- [pharmacy-inventory-management] [  restartedMain] o.a.c.c.C.[Tomcat-11].[localhost].[/]    : Initializing Spring embedded WebApplicationContext
2026-08-15T18:24:57.220Z  INFO 45134 --- [pharmacy-inventory-management] [  restartedMain] w.s.c.ServletWebServerApplicationContext : Root WebApplicationContext: initialization completed in 411 ms
2026-08-15T18:24:57.239Z  INFO 45134 --- [pharmacy-inventory-management] [  restartedMain] com.zaxxer.hikari.HikariDataSource       : HikariPool-16 - Starting...
2026-08-15T18:24:57.251Z  INFO 45134 --- [pharmacy-inventory-management] [  restartedMain] com.zaxxer.hikari.pool.HikariPool        : HikariPool-16 - Added connection conn146: url=jdbc:h2:mem:pharmacydb user=SA
2026-08-15T18:24:57.252Z  INFO 45134 --- [pharmacy-inventory-management] [  restartedMain] com.zaxxer.hikari.HikariDataSource       : HikariPool-16 - Start completed.
2026-08-15T18:24:57.252Z  INFO 45134 --- [pharmacy-inventory-management] [  restartedMain] o.s.b.a.h2.H2ConsoleAutoConfiguration    : H2 console available at '/h2-console'. Database available at 'jdbc:h2:mem:pharmacydb'
2026-08-15T18:24:57.314Z  INFO 45134 --- [pharmacy-inventory-management] [  restartedMain] o.hibernate.jpa.internal.util.LogHelper  : HHH000204: Processing PersistenceUnitInfo [name: default]
2026-08-15T18:24:57.320Z  INFO 45134 --- [pharmacy-inventory-management] [  restartedMain] o.h.c.internal.RegionFactoryInitiator    : HHH000026: Second-level cache disabled
2026-08-15T18:24:57.327Z  INFO 45134 --- [pharmacy-inventory-management] [  restartedMain] o.s.o.j.p.SpringPersistenceUnitInfo      : No LoadTimeWeaver setup: ignoring JPA class transformer
2026-08-15T18:24:57.330Z  WARN 45134 --- [pharmacy-inventory-management] [  restartedMain] org.hibernate.orm.deprecation            : HHH90000025: H2Dialect does not need to be specified explicitly using 'hibernate.dialect' (remove the property setting and it will be selected by default)
2026-08-15T18:24:57.514Z  INFO 45134 --- [pharmacy-inventory-management] [  restartedMain] o.h.e.t.j.p.i.JtaPlatformInitiator       : HHH000489: No JTA platform available (set 'hibernate.transaction.jta.platform' to enable JTA platform integration)
Hibernate:
    drop table if exists categories cascade
Hibernate:
    drop table if exists medications cascade
Hibernate:
    drop table if exists sales cascade
Hibernate:
    drop table if exists suppliers cascade
Hibernate:
    drop table if exists users cascade
Hibernate:
    create table categories (
        created_at timestamp(6),
        id bigint generated by default as identity,
        updated_at timestamp(6),
        description varchar(500),
        name varchar(255) not null unique,
        primary key (id)
    )
Hibernate:
    create table medications (
        expiration_date date,
        is_deleted boolean,
        low_stock_threshold integer,
        price numeric(10,2) not null,
        quantity integer not null,
        category_id bigint,
        created_at timestamp(6),
        id bigint generated by default as identity,
        supplier_id bigint,
        updated_at timestamp(6),
        description varchar(1000),
        batch_number varchar(255),
        manufacturer varchar(255),
        name varchar(255) not null,
        type varchar(255),
        primary key (id)
    )
Hibernate:
    create table sales (
        cost_price numeric(10,2),
        quantity integer not null,
        sale_date date not null,
        total_price numeric(10,2) not null,
        unit_price numeric(10,2) not null,
        created_at timestamp(6),
        id bigint generated by default as identity,
        medication_id bigint not null,
        primary key (id)
    )
Hibernate:
    create table suppliers (
        active boolean default true not null,
        created_at timestamp(6),
        id bigint generated by default as identity,
        updated_at timestamp(6),
        address varchar(500),
        contact_person varchar(255),
        email varchar(255) not null unique,
        name varchar(255) not null,
        phone varchar(255) not null,
        primary key (id)
    )
Hibernate:
    create table users (
        created_at timestamp(6),
        id bigint generated by default as identity,
        email varchar(255) not null unique,
        full_name varchar(255) not null,
        password varchar(255) not null,
        role varchar(255) not null,
        primary key (id)
    )
Hibernate:
    alter table if exists medications
       add constraint FKmf1t7pw4h0df5jr8gld0uf05k
       foreign key (category_id)
       references categories
Hibernate:
    alter table if exists medications
       add constraint FK94rldjohkfmifdk13m2i03g70
       foreign key (supplier_id)
       references suppliers
Hibernate:
    alter table if exists sales
       add constraint FKaawj0sejy9oq9li56m5hum7tp
       foreign key (medication_id)
       references medications
2026-08-15T18:24:57.532Z  INFO 45134 --- [pharmacy-inventory-management] [  restartedMain] j.LocalContainerEntityManagerFactoryBean : Initialized JPA EntityManagerFactory for persistence unit 'default'
2026-08-15T18:24:57.544Z  WARN 45134 --- [pharmacy-inventory-management] [  restartedMain] ConfigServletWebServerApplicationContext : Exception encountered during context initialization - cancelling refresh attempt: org.springframework.beans.factory.UnsatisfiedDependencyException: Error creating bean with name 'authController': Unsatisfied dependency expressed through field 'authService': Error creating bean with name 'authServiceImpl': Lookup method resolution failed
2026-08-15T18:24:57.544Z  INFO 45134 --- [pharmacy-inventory-management] [  restartedMain] j.LocalContainerEntityManagerFactoryBean : Closing JPA EntityManagerFactory for persistence unit 'default'
Hibernate:
    drop table if exists categories cascade
Hibernate:
    drop table if exists medications cascade
Hibernate:
    drop table if exists sales cascade
Hibernate:
    drop table if exists suppliers cascade
Hibernate:
    drop table if exists users cascade
2026-08-15T18:24:57.548Z  WARN 45134 --- [pharmacy-inventory-management] [  restartedMain] o.s.b.f.support.DisposableBeanAdapter    : Invocation of destroy method failed on bean with name 'inMemoryDatabaseShutdownExecutor': org.h2.jdbc.JdbcSQLNonTransientConnectionException: Database is already closed (to disable automatic closing at VM shutdown, add ";DB_CLOSE_ON_EXIT=FALSE" to the db URL) [90121-224]
2026-08-15T18:24:57.549Z  INFO 45134 --- [pharmacy-inventory-management] [  restartedMain] com.zaxxer.hikari.HikariDataSource       : HikariPool-16 - Shutdown initiated...
2026-08-15T18:24:57.551Z  INFO 45134 --- [pharmacy-inventory-management] [  restartedMain] com.zaxxer.hikari.HikariDataSource       : HikariPool-16 - Shutdown completed.
2026-08-15T18:24:57.552Z  INFO 45134 --- [pharmacy-inventory-management] [  restartedMain] o.apache.catalina.core.StandardService   : Stopping service [Tomcat]
2026-08-15T18:24:57.563Z  INFO 45134 --- [pharmacy-inventory-management] [  restartedMain] .s.b.a.l.ConditionEvaluationReportLogger :

Error starting ApplicationContext. To display the condition evaluation report re-run your application with 'debug' enabled.
2026-08-15T18:24:57.566Z ERROR 45134 --- [pharmacy-inventory-management] [  restartedMain] o.s.boot.SpringApplication               : Application run failed

org.springframework.beans.factory.UnsatisfiedDependencyException: Error creating bean with name 'authController': Unsatisfied dependency expressed through field 'authService': Error creating bean with name 'authServiceImpl': Lookup method resolution failed
	at org.springframework.beans.factory.annotation.AutowiredAnnotationBeanPostProcessor$AutowiredFieldElement.resolveFieldValue(AutowiredAnnotationBeanPostProcessor.java:772) ~[spring-beans-6.1.1.jar:6.1.1]
	at org.springframework.beans.factory.annotation.AutowiredAnnotationBeanPostProcessor$AutowiredFieldElement.inject(AutowiredAnnotationBeanPostProcessor.java:752) ~[spring-beans-6.1.1.jar:6.1.1]
	at org.springframework.beans.factory.annotation.InjectionMetadata.inject(InjectionMetadata.java:145) ~[spring-beans-6.1.1.jar:6.1.1]
	at org.springframework.beans.factory.annotation.AutowiredAnnotationBeanPostProcessor.postProcessProperties(AutowiredAnnotationBeanPostProcessor.java:493) ~[spring-beans-6.1.1.jar:6.1.1]
	at org.springframework.beans.factory.support.AbstractAutowireCapableBeanFactory.populateBean(AbstractAutowireCapableBeanFactory.java:1420) ~[spring-beans-6.1.1.jar:6.1.1]
	at org.springframework.beans.factory.support.AbstractAutowireCapableBeanFactory.doCreateBean(AbstractAutowireCapableBeanFactory.java:600) ~[spring-beans-6.1.1.jar:6.1.1]
	at org.springframework.beans.factory.support.AbstractAutowireCapableBeanFactory.createBean(AbstractAutowireCapableBeanFactory.java:523) ~[spring-beans-6.1.1.jar:6.1.1]
	at org.springframework.beans.factory.support.AbstractBeanFactory.lambda$doGetBean$0(AbstractBeanFactory.java:325) ~[spring-beans-6.1.1.jar:6.1.1]
	at org.springframework.beans.factory.support.DefaultSingletonBeanRegistry.getSingleton(DefaultSingletonBeanRegistry.java:234) ~[spring-beans-6.1.1.jar:6.1.1]
	at org.springframework.beans.factory.support.AbstractBeanFactory.doGetBean(AbstractBeanFactory.java:323) ~[spring-beans-6.1.1.jar:6.1.1]
	at org.springframework.beans.factory.support.AbstractBeanFactory.getBean(AbstractBeanFactory.java:199) ~[spring-beans-6.1.1.jar:6.1.1]
	at org.springframework.beans.factory.support.DefaultListableBeanFactory.preInstantiateSingletons(DefaultListableBeanFactory.java:973) ~[spring-beans-6.1.1.jar:6.1.1]
	at org.springframework.context.support.AbstractApplicationContext.finishBeanFactoryInitialization(AbstractApplicationContext.java:946) ~[spring-context-6.1.1.jar:6.1.1]
	at org.springframework.context.support.AbstractApplicationContext.refresh(AbstractApplicationContext.java:616) ~[spring-context-6.1.1.jar:6.1.1]
	at org.springframework.boot.web.servlet.context.ServletWebServerApplicationContext.refresh(ServletWebServerApplicationContext.java:146) ~[spring-boot-3.2.0.jar:3.2.0]
	at org.springframework.boot.SpringApplication.refresh(SpringApplication.java:753) ~[spring-boot-3.2.0.jar:3.2.0]
	at org.springframework.boot.SpringApplication.refreshContext(SpringApplication.java:455) ~[spring-boot-3.2.0.jar:3.2.0]
	at org.springframework.boot.SpringApplication.run(SpringApplication.java:323) ~[spring-boot-3.2.0.jar:3.2.0]
	at org.springframework.boot.SpringApplication.run(SpringApplication.java:1342) ~[spring-boot-3.2.0.jar:3.2.0]
	at org.springframework.boot.SpringApplication.run(SpringApplication.java:1331) ~[spring-boot-3.2.0.jar:3.2.0]
	at com.pharmacy.inventory.InventoryManagementApplication.main(InventoryManagementApplication.java:10) ~[classes/:na]
	at java.base/jdk.internal.reflect.DirectMethodHandleAccessor.invoke(DirectMethodHandleAccessor.java:103) ~[na:na]
	at java.base/java.lang.reflect.Method.invoke(Method.java:580) ~[na:na]
	at org.springframework.boot.devtools.restart.RestartLauncher.run(RestartLauncher.java:50) ~[spring-boot-devtools-3.2.0.jar:3.2.0]
Caused by: org.springframework.beans.factory.BeanCreationException: Error creating bean with name 'authServiceImpl': Lookup method resolution failed
	at org.springframework.beans.factory.annotation.AutowiredAnnotationBeanPostProcessor.checkLookupMethods(AutowiredAnnotationBeanPostProcessor.java:482) ~[spring-beans-6.1.1.jar:6.1.1]
	at org.springframework.beans.factory.annotation.AutowiredAnnotationBeanPostProcessor.determineCandidateConstructors(AutowiredAnnotationBeanPostProcessor.java:352) ~[spring-beans-6.1.1.jar:6.1.1]
	at org.springframework.beans.factory.support.AbstractAutowireCapableBeanFactory.determineConstructorsFromBeanPostProcessors(AbstractAutowireCapableBeanFactory.java:1295) ~[spring-beans-6.1.1.jar:6.1.1]
	at org.springframework.beans.factory.support.AbstractAutowireCapableBeanFactory.createBeanInstance(AbstractAutowireCapableBeanFactory.java:1190) ~[spring-beans-6.1.1.jar:6.1.1]
	at org.springframework.beans.factory.support.AbstractAutowireCapableBeanFactory.doCreateBean(AbstractAutowireCapableBeanFactory.java:563) ~[spring-beans-6.1.1.jar:6.1.1]
	at org.springframework.beans.factory.support.AbstractAutowireCapableBeanFactory.createBean(AbstractAutowireCapableBeanFactory.java:523) ~[spring-beans-6.1.1.jar:6.1.1]
	at org.springframework.beans.factory.support.AbstractBeanFactory.lambda$doGetBean$0(AbstractBeanFactory.java:325) ~[spring-beans-6.1.1.jar:6.1.1]
	at org.springframework.beans.factory.support.DefaultSingletonBeanRegistry.getSingleton(DefaultSingletonBeanRegistry.java:234) ~[spring-beans-6.1.1.jar:6.1.1]
	at org.springframework.beans.factory.support.AbstractBeanFactory.doGetBean(AbstractBeanFactory.java:323) ~[spring-beans-6.1.1.jar:6.1.1]
	at org.springframework.beans.factory.support.AbstractBeanFactory.getBean(AbstractBeanFactory.java:199) ~[spring-beans-6.1.1.jar:6.1.1]
	at org.springframework.beans.factory.config.DependencyDescriptor.resolveCandidate(DependencyDescriptor.java:254) ~[spring-beans-6.1.1.jar:6.1.1]
	at org.springframework.beans.factory.support.DefaultListableBeanFactory.doResolveDependency(DefaultListableBeanFactory.java:1441) ~[spring-beans-6.1.1.jar:6.1.1]
	at org.springframework.beans.factory.support.DefaultListableBeanFactory.resolveDependency(DefaultListableBeanFactory.java:1348) ~[spring-beans-6.1.1.jar:6.1.1]
	at org.springframework.beans.factory.annotation.AutowiredAnnotationBeanPostProcessor$AutowiredFieldElement.resolveFieldValue(AutowiredAnnotationBeanPostProcessor.java:769) ~[spring-beans-6.1.1.jar:6.1.1]
	... 23 common frames omitted
Caused by: java.lang.IllegalStateException: Failed to introspect Class [com.pharmacy.inventory.service.impl.AuthServiceImpl] from ClassLoader [org.springframework.boot.devtools.restart.classloader.RestartClassLoader@5aff50b7]
	at org.springframework.util.ReflectionUtils.getDeclaredMethods(ReflectionUtils.java:483) ~[spring-core-6.1.1.jar:6.1.1]
	at org.springframework.util.ReflectionUtils.doWithLocalMethods(ReflectionUtils.java:320) ~[spring-core-6.1.1.jar:6.1.1]
	at org.springframework.beans.factory.annotation.AutowiredAnnotationBeanPostProcessor.checkLookupMethods(AutowiredAnnotationBeanPostProcessor.java:460) ~[spring-beans-6.1.1.jar:6.1.1]
	... 36 common frames omitted
Caused by: java.lang.NoClassDefFoundError: org/springframework/security/crypto/password/PasswordEncoder
	at java.base/java.lang.Class.getDeclaredMethods0(Native Method) ~[na:na]
	at java.base/java.lang.Class.privateGetDeclaredMethods(Class.java:3580) ~[na:na]
	at java.base/java.lang.Class.getDeclaredMethods(Class.java:2678) ~[na:na]
	at org.springframework.util.ReflectionUtils.getDeclaredMethods(ReflectionUtils.java:465) ~[spring-core-6.1.1.jar:6.1.1]
	... 38 common frames omitted
Caused by: java.lang.ClassNotFoundException: org.springframework.security.crypto.password.PasswordEncoder
	at java.base/jdk.internal.loader.BuiltinClassLoader.loadClass(BuiltinClassLoader.java:641) ~[na:na]
	at java.base/jdk.internal.loader.ClassLoaders$AppClassLoader.loadClass(ClassLoaders.java:188) ~[na:na]
	at java.base/java.lang.ClassLoader.loadClass(ClassLoader.java:526) ~[na:na]
	at java.base/java.lang.Class.forName0(Native Method) ~[na:na]
	at java.base/java.lang.Class.forName(Class.java:536) ~[na:na]
	at java.base/java.lang.Class.forName(Class.java:515) ~[na:na]
	at org.springframework.boot.devtools.restart.classloader.RestartClassLoader.loadClass(RestartClassLoader.java:121) ~[spring-boot-devtools-3.2.0.jar:3.2.0]
	at java.base/java.lang.ClassLoader.loadClass(ClassLoader.java:526) ~[na:na]
	... 42 common frames omitted


  .   ____          _            __ _ _
 /\\ / ___'_ __ _ _(_)_ __  __ _ \ \ \ \
( ( )\___ | '_ | '_| | '_ \/ _` | \ \ \ \
 \\/  ___)| |_)| | | | | || (_| |  ) ) ) )
  '  |____| .__|_| |_|_| |_\__, | / / / /
 =========|_|==============|___/=/_/_/_/
 :: Spring Boot ::                (v3.2.0)

2026-08-15T18:29:28.615Z  INFO 45134 --- [pharmacy-inventory-management] [  restartedMain] c.p.i.InventoryManagementApplication     : Starting InventoryManagementApplication using Java 21.0.10 with PID 45134 (/app/target/classes started by jules in /app)
2026-08-15T18:29:28.616Z DEBUG 45134 --- [pharmacy-inventory-management] [  restartedMain] c.p.i.InventoryManagementApplication     : Running with Spring Boot v3.2.0, Spring v6.1.1
2026-08-15T18:29:28.616Z  INFO 45134 --- [pharmacy-inventory-management] [  restartedMain] c.p.i.InventoryManagementApplication     : No active profile set, falling back to 1 default profile: "default"
2026-08-15T18:29:28.919Z  INFO 45134 --- [pharmacy-inventory-management] [  restartedMain] .s.d.r.c.RepositoryConfigurationDelegate : Bootstrapping Spring Data JPA repositories in DEFAULT mode.
2026-08-15T18:29:28.921Z  INFO 45134 --- [pharmacy-inventory-management] [  restartedMain] .s.d.r.c.RepositoryConfigurationDelegate : Finished Spring Data repository scanning in 1 ms. Found 0 JPA repository interfaces.
2026-08-15T18:29:28.951Z  WARN 45134 --- [pharmacy-inventory-management] [  restartedMain] ConfigServletWebServerApplicationContext : Exception encountered during context initialization - cancelling refresh attempt: java.lang.NullPointerException: Cannot read field "generatedClass" because "data" is null
2026-08-15T18:29:28.959Z  INFO 45134 --- [pharmacy-inventory-management] [  restartedMain] .s.b.a.l.ConditionEvaluationReportLogger :

Error starting ApplicationContext. To display the condition evaluation report re-run your application with 'debug' enabled.
2026-08-15T18:29:28.961Z ERROR 45134 --- [pharmacy-inventory-management] [  restartedMain] o.s.boot.SpringApplication               : Application run failed

java.lang.NullPointerException: Cannot read field "generatedClass" because "data" is null
	at org.springframework.cglib.proxy.Enhancer.nextInstance(Enhancer.java:783) ~[spring-core-6.1.1.jar:6.1.1]
	at org.springframework.cglib.core.AbstractClassGenerator.create(AbstractClassGenerator.java:321) ~[spring-core-6.1.1.jar:6.1.1]
	at org.springframework.cglib.proxy.Enhancer.createHelper(Enhancer.java:562) ~[spring-core-6.1.1.jar:6.1.1]
	at org.springframework.cglib.proxy.Enhancer.createClass(Enhancer.java:407) ~[spring-core-6.1.1.jar:6.1.1]
	at org.springframework.context.annotation.ConfigurationClassEnhancer.createClass(ConfigurationClassEnhancer.java:138) ~[spring-context-6.1.1.jar:6.1.1]
	at org.springframework.context.annotation.ConfigurationClassEnhancer.enhance(ConfigurationClassEnhancer.java:109) ~[spring-context-6.1.1.jar:6.1.1]
	at org.springframework.context.annotation.ConfigurationClassPostProcessor.enhanceConfigurationClasses(ConfigurationClassPostProcessor.java:533) ~[spring-context-6.1.1.jar:6.1.1]
	at org.springframework.context.annotation.ConfigurationClassPostProcessor.postProcessBeanFactory(ConfigurationClassPostProcessor.java:310) ~[spring-context-6.1.1.jar:6.1.1]
	at org.springframework.context.support.PostProcessorRegistrationDelegate.invokeBeanFactoryPostProcessors(PostProcessorRegistrationDelegate.java:363) ~[spring-context-6.1.1.jar:6.1.1]
	at org.springframework.context.support.PostProcessorRegistrationDelegate.invokeBeanFactoryPostProcessors(PostProcessorRegistrationDelegate.java:153) ~[spring-context-6.1.1.jar:6.1.1]
	at org.springframework.context.support.AbstractApplicationContext.invokeBeanFactoryPostProcessors(AbstractApplicationContext.java:775) ~[spring-context-6.1.1.jar:6.1.1]
	at org.springframework.context.support.AbstractApplicationContext.refresh(AbstractApplicationContext.java:597) ~[spring-context-6.1.1.jar:6.1.1]
	at org.springframework.boot.web.servlet.context.ServletWebServerApplicationContext.refresh(ServletWebServerApplicationContext.java:146) ~[spring-boot-3.2.0.jar:3.2.0]
	at org.springframework.boot.SpringApplication.refresh(SpringApplication.java:753) ~[spring-boot-3.2.0.jar:3.2.0]
	at org.springframework.boot.SpringApplication.refreshContext(SpringApplication.java:455) ~[spring-boot-3.2.0.jar:3.2.0]
	at org.springframework.boot.SpringApplication.run(SpringApplication.java:323) ~[spring-boot-3.2.0.jar:3.2.0]
	at org.springframework.boot.SpringApplication.run(SpringApplication.java:1342) ~[spring-boot-3.2.0.jar:3.2.0]
	at org.springframework.boot.SpringApplication.run(SpringApplication.java:1331) ~[spring-boot-3.2.0.jar:3.2.0]
	at com.pharmacy.inventory.InventoryManagementApplication.main(InventoryManagementApplication.java:10) ~[classes/:na]
	at java.base/jdk.internal.reflect.DirectMethodHandleAccessor.invoke(DirectMethodHandleAccessor.java:103) ~[na:na]
	at java.base/java.lang.reflect.Method.invoke(Method.java:580) ~[na:na]
	at org.springframework.boot.devtools.restart.RestartLauncher.run(RestartLauncher.java:50) ~[spring-boot-devtools-3.2.0.jar:3.2.0]


  .   ____          _            __ _ _
 /\\ / ___'_ __ _ _(_)_ __  __ _ \ \ \ \
( ( )\___ | '_ | '_| | '_ \/ _` | \ \ \ \
 \\/  ___)| |_)| | | | | || (_| |  ) ) ) )
  '  |____| .__|_| |_|_| |_\__, | / / / /
 =========|_|==============|___/=/_/_/_/
 :: Spring Boot ::                (v3.2.0)

2026-08-15T18:29:31.631Z  INFO 45134 --- [pharmacy-inventory-management] [  restartedMain] c.p.i.InventoryManagementApplication     : Starting InventoryManagementApplication using Java 21.0.10 with PID 45134 (/app/target/classes started by jules in /app)
2026-08-15T18:29:31.631Z DEBUG 45134 --- [pharmacy-inventory-management] [  restartedMain] c.p.i.InventoryManagementApplication     : Running with Spring Boot v3.2.0, Spring v6.1.1
2026-08-15T18:29:31.631Z  INFO 45134 --- [pharmacy-inventory-management] [  restartedMain] c.p.i.InventoryManagementApplication     : No active profile set, falling back to 1 default profile: "default"
2026-08-15T18:29:31.893Z  INFO 45134 --- [pharmacy-inventory-management] [  restartedMain] .s.d.r.c.RepositoryConfigurationDelegate : Bootstrapping Spring Data JPA repositories in DEFAULT mode.
2026-08-15T18:29:31.948Z  INFO 45134 --- [pharmacy-inventory-management] [  restartedMain] .s.d.r.c.RepositoryConfigurationDelegate : Finished Spring Data repository scanning in 52 ms. Found 6 JPA repository interfaces.
2026-08-15T18:29:32.117Z  INFO 45134 --- [pharmacy-inventory-management] [  restartedMain] o.s.b.w.embedded.tomcat.TomcatWebServer  : Tomcat initialized with port 8088 (http)
2026-08-15T18:29:32.119Z  INFO 45134 --- [pharmacy-inventory-management] [  restartedMain] o.apache.catalina.core.StandardService   : Starting service [Tomcat]
2026-08-15T18:29:32.119Z  INFO 45134 --- [pharmacy-inventory-management] [  restartedMain] o.apache.catalina.core.StandardEngine    : Starting Servlet engine: [Apache Tomcat/10.1.16]
2026-08-15T18:29:32.133Z  INFO 45134 --- [pharmacy-inventory-management] [  restartedMain] o.a.c.c.C.[Tomcat-12].[localhost].[/]    : Initializing Spring embedded WebApplicationContext
2026-08-15T18:29:32.133Z  INFO 45134 --- [pharmacy-inventory-management] [  restartedMain] w.s.c.ServletWebServerApplicationContext : Root WebApplicationContext: initialization completed in 500 ms
2026-08-15T18:29:32.152Z  INFO 45134 --- [pharmacy-inventory-management] [  restartedMain] com.zaxxer.hikari.HikariDataSource       : HikariPool-17 - Starting...
2026-08-15T18:29:32.168Z  INFO 45134 --- [pharmacy-inventory-management] [  restartedMain] com.zaxxer.hikari.pool.HikariPool        : HikariPool-17 - Added connection conn156: url=jdbc:h2:mem:pharmacydb user=SA
2026-08-15T18:29:32.169Z  INFO 45134 --- [pharmacy-inventory-management] [  restartedMain] com.zaxxer.hikari.HikariDataSource       : HikariPool-17 - Start completed.
2026-08-15T18:29:32.170Z  INFO 45134 --- [pharmacy-inventory-management] [  restartedMain] o.s.b.a.h2.H2ConsoleAutoConfiguration    : H2 console available at '/h2-console'. Database available at 'jdbc:h2:mem:pharmacydb'
2026-08-15T18:29:32.219Z  INFO 45134 --- [pharmacy-inventory-management] [  restartedMain] o.hibernate.jpa.internal.util.LogHelper  : HHH000204: Processing PersistenceUnitInfo [name: default]
2026-08-15T18:29:32.222Z  INFO 45134 --- [pharmacy-inventory-management] [  restartedMain] o.h.c.internal.RegionFactoryInitiator    : HHH000026: Second-level cache disabled
2026-08-15T18:29:32.226Z  INFO 45134 --- [pharmacy-inventory-management] [  restartedMain] o.s.o.j.p.SpringPersistenceUnitInfo      : No LoadTimeWeaver setup: ignoring JPA class transformer
2026-08-15T18:29:32.227Z  WARN 45134 --- [pharmacy-inventory-management] [  restartedMain] org.hibernate.orm.deprecation            : HHH90000025: H2Dialect does not need to be specified explicitly using 'hibernate.dialect' (remove the property setting and it will be selected by default)
2026-08-15T18:29:32.375Z  INFO 45134 --- [pharmacy-inventory-management] [  restartedMain] o.h.e.t.j.p.i.JtaPlatformInitiator       : HHH000489: No JTA platform available (set 'hibernate.transaction.jta.platform' to enable JTA platform integration)
Hibernate:
    drop table if exists categories cascade
Hibernate:
    drop table if exists medications cascade
Hibernate:
    drop table if exists sales cascade
Hibernate:
    drop table if exists suppliers cascade
Hibernate:
    drop table if exists users cascade
Hibernate:
    create table categories (
        created_at timestamp(6),
        id bigint generated by default as identity,
        updated_at timestamp(6),
        description varchar(500),
        name varchar(255) not null unique,
        primary key (id)
    )
Hibernate:
    create table medications (
        expiration_date date,
        is_deleted boolean,
        low_stock_threshold integer,
        price numeric(10,2) not null,
        quantity integer not null,
        category_id bigint,
        created_at timestamp(6),
        id bigint generated by default as identity,
        supplier_id bigint,
        updated_at timestamp(6),
        description varchar(1000),
        batch_number varchar(255),
        manufacturer varchar(255),
        name varchar(255) not null,
        type varchar(255),
        primary key (id)
    )
Hibernate:
    create table sales (
        cost_price numeric(10,2),
        quantity integer not null,
        sale_date date not null,
        total_price numeric(10,2) not null,
        unit_price numeric(10,2) not null,
        created_at timestamp(6),
        id bigint generated by default as identity,
        medication_id bigint not null,
        primary key (id)
    )
Hibernate:
    create table suppliers (
        active boolean default true not null,
        created_at timestamp(6),
        id bigint generated by default as identity,
        updated_at timestamp(6),
        address varchar(500),
        contact_person varchar(255),
        email varchar(255) not null unique,
        name varchar(255) not null,
        phone varchar(255) not null,
        primary key (id)
    )
Hibernate:
    create table users (
        created_at timestamp(6),
        id bigint generated by default as identity,
        email varchar(255) not null unique,
        full_name varchar(255) not null,
        password varchar(255) not null,
        role varchar(255) not null,
        primary key (id)
    )
Hibernate:
    alter table if exists medications
       add constraint FKmf1t7pw4h0df5jr8gld0uf05k
       foreign key (category_id)
       references categories
Hibernate:
    alter table if exists medications
       add constraint FK94rldjohkfmifdk13m2i03g70
       foreign key (supplier_id)
       references suppliers
Hibernate:
    alter table if exists sales
       add constraint FKaawj0sejy9oq9li56m5hum7tp
       foreign key (medication_id)
       references medications
2026-08-15T18:29:32.401Z  INFO 45134 --- [pharmacy-inventory-management] [  restartedMain] j.LocalContainerEntityManagerFactoryBean : Initialized JPA EntityManagerFactory for persistence unit 'default'
2026-08-15T18:29:32.416Z  WARN 45134 --- [pharmacy-inventory-management] [  restartedMain] ConfigServletWebServerApplicationContext : Exception encountered during context initialization - cancelling refresh attempt: org.springframework.beans.factory.UnsatisfiedDependencyException: Error creating bean with name 'authController': Unsatisfied dependency expressed through field 'authService': Error creating bean with name 'authServiceImpl': Lookup method resolution failed
2026-08-15T18:29:32.416Z  INFO 45134 --- [pharmacy-inventory-management] [  restartedMain] j.LocalContainerEntityManagerFactoryBean : Closing JPA EntityManagerFactory for persistence unit 'default'
Hibernate:
    drop table if exists categories cascade
Hibernate:
    drop table if exists medications cascade
Hibernate:
    drop table if exists sales cascade
Hibernate:
    drop table if exists suppliers cascade
Hibernate:
    drop table if exists users cascade
2026-08-15T18:29:32.423Z  WARN 45134 --- [pharmacy-inventory-management] [  restartedMain] o.s.b.f.support.DisposableBeanAdapter    : Invocation of destroy method failed on bean with name 'inMemoryDatabaseShutdownExecutor': org.h2.jdbc.JdbcSQLNonTransientConnectionException: Database is already closed (to disable automatic closing at VM shutdown, add ";DB_CLOSE_ON_EXIT=FALSE" to the db URL) [90121-224]
2026-08-15T18:29:32.423Z  INFO 45134 --- [pharmacy-inventory-management] [  restartedMain] com.zaxxer.hikari.HikariDataSource       : HikariPool-17 - Shutdown initiated...
2026-08-15T18:29:32.432Z  INFO 45134 --- [pharmacy-inventory-management] [  restartedMain] com.zaxxer.hikari.HikariDataSource       : HikariPool-17 - Shutdown completed.
2026-08-15T18:29:32.434Z  INFO 45134 --- [pharmacy-inventory-management] [  restartedMain] o.apache.catalina.core.StandardService   : Stopping service [Tomcat]
2026-08-15T18:29:32.444Z  INFO 45134 --- [pharmacy-inventory-management] [  restartedMain] .s.b.a.l.ConditionEvaluationReportLogger :

Error starting ApplicationContext. To display the condition evaluation report re-run your application with 'debug' enabled.
2026-08-15T18:29:32.446Z ERROR 45134 --- [pharmacy-inventory-management] [  restartedMain] o.s.boot.SpringApplication               : Application run failed

org.springframework.beans.factory.UnsatisfiedDependencyException: Error creating bean with name 'authController': Unsatisfied dependency expressed through field 'authService': Error creating bean with name 'authServiceImpl': Lookup method resolution failed
	at org.springframework.beans.factory.annotation.AutowiredAnnotationBeanPostProcessor$AutowiredFieldElement.resolveFieldValue(AutowiredAnnotationBeanPostProcessor.java:772) ~[spring-beans-6.1.1.jar:6.1.1]
	at org.springframework.beans.factory.annotation.AutowiredAnnotationBeanPostProcessor$AutowiredFieldElement.inject(AutowiredAnnotationBeanPostProcessor.java:752) ~[spring-beans-6.1.1.jar:6.1.1]
	at org.springframework.beans.factory.annotation.InjectionMetadata.inject(InjectionMetadata.java:145) ~[spring-beans-6.1.1.jar:6.1.1]
	at org.springframework.beans.factory.annotation.AutowiredAnnotationBeanPostProcessor.postProcessProperties(AutowiredAnnotationBeanPostProcessor.java:493) ~[spring-beans-6.1.1.jar:6.1.1]
	at org.springframework.beans.factory.support.AbstractAutowireCapableBeanFactory.populateBean(AbstractAutowireCapableBeanFactory.java:1420) ~[spring-beans-6.1.1.jar:6.1.1]
	at org.springframework.beans.factory.support.AbstractAutowireCapableBeanFactory.doCreateBean(AbstractAutowireCapableBeanFactory.java:600) ~[spring-beans-6.1.1.jar:6.1.1]
	at org.springframework.beans.factory.support.AbstractAutowireCapableBeanFactory.createBean(AbstractAutowireCapableBeanFactory.java:523) ~[spring-beans-6.1.1.jar:6.1.1]
	at org.springframework.beans.factory.support.AbstractBeanFactory.lambda$doGetBean$0(AbstractBeanFactory.java:325) ~[spring-beans-6.1.1.jar:6.1.1]
	at org.springframework.beans.factory.support.DefaultSingletonBeanRegistry.getSingleton(DefaultSingletonBeanRegistry.java:234) ~[spring-beans-6.1.1.jar:6.1.1]
	at org.springframework.beans.factory.support.AbstractBeanFactory.doGetBean(AbstractBeanFactory.java:323) ~[spring-beans-6.1.1.jar:6.1.1]
	at org.springframework.beans.factory.support.AbstractBeanFactory.getBean(AbstractBeanFactory.java:199) ~[spring-beans-6.1.1.jar:6.1.1]
	at org.springframework.beans.factory.support.DefaultListableBeanFactory.preInstantiateSingletons(DefaultListableBeanFactory.java:973) ~[spring-beans-6.1.1.jar:6.1.1]
	at org.springframework.context.support.AbstractApplicationContext.finishBeanFactoryInitialization(AbstractApplicationContext.java:946) ~[spring-context-6.1.1.jar:6.1.1]
	at org.springframework.context.support.AbstractApplicationContext.refresh(AbstractApplicationContext.java:616) ~[spring-context-6.1.1.jar:6.1.1]
	at org.springframework.boot.web.servlet.context.ServletWebServerApplicationContext.refresh(ServletWebServerApplicationContext.java:146) ~[spring-boot-3.2.0.jar:3.2.0]
	at org.springframework.boot.SpringApplication.refresh(SpringApplication.java:753) ~[spring-boot-3.2.0.jar:3.2.0]
	at org.springframework.boot.SpringApplication.refreshContext(SpringApplication.java:455) ~[spring-boot-3.2.0.jar:3.2.0]
	at org.springframework.boot.SpringApplication.run(SpringApplication.java:323) ~[spring-boot-3.2.0.jar:3.2.0]
	at org.springframework.boot.SpringApplication.run(SpringApplication.java:1342) ~[spring-boot-3.2.0.jar:3.2.0]
	at org.springframework.boot.SpringApplication.run(SpringApplication.java:1331) ~[spring-boot-3.2.0.jar:3.2.0]
	at com.pharmacy.inventory.InventoryManagementApplication.main(InventoryManagementApplication.java:10) ~[classes/:na]
	at java.base/jdk.internal.reflect.DirectMethodHandleAccessor.invoke(DirectMethodHandleAccessor.java:103) ~[na:na]
	at java.base/java.lang.reflect.Method.invoke(Method.java:580) ~[na:na]
	at org.springframework.boot.devtools.restart.RestartLauncher.run(RestartLauncher.java:50) ~[spring-boot-devtools-3.2.0.jar:3.2.0]
Caused by: org.springframework.beans.factory.BeanCreationException: Error creating bean with name 'authServiceImpl': Lookup method resolution failed
	at org.springframework.beans.factory.annotation.AutowiredAnnotationBeanPostProcessor.checkLookupMethods(AutowiredAnnotationBeanPostProcessor.java:482) ~[spring-beans-6.1.1.jar:6.1.1]
	at org.springframework.beans.factory.annotation.AutowiredAnnotationBeanPostProcessor.determineCandidateConstructors(AutowiredAnnotationBeanPostProcessor.java:352) ~[spring-beans-6.1.1.jar:6.1.1]
	at org.springframework.beans.factory.support.AbstractAutowireCapableBeanFactory.determineConstructorsFromBeanPostProcessors(AbstractAutowireCapableBeanFactory.java:1295) ~[spring-beans-6.1.1.jar:6.1.1]
	at org.springframework.beans.factory.support.AbstractAutowireCapableBeanFactory.createBeanInstance(AbstractAutowireCapableBeanFactory.java:1190) ~[spring-beans-6.1.1.jar:6.1.1]
	at org.springframework.beans.factory.support.AbstractAutowireCapableBeanFactory.doCreateBean(AbstractAutowireCapableBeanFactory.java:563) ~[spring-beans-6.1.1.jar:6.1.1]
	at org.springframework.beans.factory.support.AbstractAutowireCapableBeanFactory.createBean(AbstractAutowireCapableBeanFactory.java:523) ~[spring-beans-6.1.1.jar:6.1.1]
	at org.springframework.beans.factory.support.AbstractBeanFactory.lambda$doGetBean$0(AbstractBeanFactory.java:325) ~[spring-beans-6.1.1.jar:6.1.1]
	at org.springframework.beans.factory.support.DefaultSingletonBeanRegistry.getSingleton(DefaultSingletonBeanRegistry.java:234) ~[spring-beans-6.1.1.jar:6.1.1]
	at org.springframework.beans.factory.support.AbstractBeanFactory.doGetBean(AbstractBeanFactory.java:323) ~[spring-beans-6.1.1.jar:6.1.1]
	at org.springframework.beans.factory.support.AbstractBeanFactory.getBean(AbstractBeanFactory.java:199) ~[spring-beans-6.1.1.jar:6.1.1]
	at org.springframework.beans.factory.config.DependencyDescriptor.resolveCandidate(DependencyDescriptor.java:254) ~[spring-beans-6.1.1.jar:6.1.1]
	at org.springframework.beans.factory.support.DefaultListableBeanFactory.doResolveDependency(DefaultListableBeanFactory.java:1441) ~[spring-beans-6.1.1.jar:6.1.1]
	at org.springframework.beans.factory.support.DefaultListableBeanFactory.resolveDependency(DefaultListableBeanFactory.java:1348) ~[spring-beans-6.1.1.jar:6.1.1]
	at org.springframework.beans.factory.annotation.AutowiredAnnotationBeanPostProcessor$AutowiredFieldElement.resolveFieldValue(AutowiredAnnotationBeanPostProcessor.java:769) ~[spring-beans-6.1.1.jar:6.1.1]
	... 23 common frames omitted
Caused by: java.lang.IllegalStateException: Failed to introspect Class [com.pharmacy.inventory.service.impl.AuthServiceImpl] from ClassLoader [org.springframework.boot.devtools.restart.classloader.RestartClassLoader@63b0b985]
	at org.springframework.util.ReflectionUtils.getDeclaredMethods(ReflectionUtils.java:483) ~[spring-core-6.1.1.jar:6.1.1]
	at org.springframework.util.ReflectionUtils.doWithLocalMethods(ReflectionUtils.java:320) ~[spring-core-6.1.1.jar:6.1.1]
	at org.springframework.beans.factory.annotation.AutowiredAnnotationBeanPostProcessor.checkLookupMethods(AutowiredAnnotationBeanPostProcessor.java:460) ~[spring-beans-6.1.1.jar:6.1.1]
	... 36 common frames omitted
Caused by: java.lang.NoClassDefFoundError: org/springframework/security/crypto/password/PasswordEncoder
	at java.base/java.lang.Class.getDeclaredMethods0(Native Method) ~[na:na]
	at java.base/java.lang.Class.privateGetDeclaredMethods(Class.java:3580) ~[na:na]
	at java.base/java.lang.Class.getDeclaredMethods(Class.java:2678) ~[na:na]
	at org.springframework.util.ReflectionUtils.getDeclaredMethods(ReflectionUtils.java:465) ~[spring-core-6.1.1.jar:6.1.1]
	... 38 common frames omitted
Caused by: java.lang.ClassNotFoundException: org.springframework.security.crypto.password.PasswordEncoder
	at java.base/jdk.internal.loader.BuiltinClassLoader.loadClass(BuiltinClassLoader.java:641) ~[na:na]
	at java.base/jdk.internal.loader.ClassLoaders$AppClassLoader.loadClass(ClassLoaders.java:188) ~[na:na]
	at java.base/java.lang.ClassLoader.loadClass(ClassLoader.java:526) ~[na:na]
	at java.base/java.lang.Class.forName0(Native Method) ~[na:na]
	at java.base/java.lang.Class.forName(Class.java:536) ~[na:na]
	at java.base/java.lang.Class.forName(Class.java:515) ~[na:na]
	at org.springframework.boot.devtools.restart.classloader.RestartClassLoader.loadClass(RestartClassLoader.java:121) ~[spring-boot-devtools-3.2.0.jar:3.2.0]
	at java.base/java.lang.ClassLoader.loadClass(ClassLoader.java:526) ~[na:na]
	... 42 common frames omitted


  .   ____          _            __ _ _
 /\\ / ___'_ __ _ _(_)_ __  __ _ \ \ \ \
( ( )\___ | '_ | '_| | '_ \/ _` | \ \ \ \
 \\/  ___)| |_)| | | | | || (_| |  ) ) ) )
  '  |____| .__|_| |_|_| |_\__, | / / / /
 =========|_|==============|___/=/_/_/_/
 :: Spring Boot ::                (v3.2.0)

2026-08-15T18:40:20.772Z  INFO 45134 --- [pharmacy-inventory-management] [  restartedMain] c.p.i.InventoryManagementApplication     : Starting InventoryManagementApplication using Java 21.0.10 with PID 45134 (/app/target/classes started by jules in /app)
2026-08-15T18:40:20.783Z DEBUG 45134 --- [pharmacy-inventory-management] [  restartedMain] c.p.i.InventoryManagementApplication     : Running with Spring Boot v3.2.0, Spring v6.1.1
2026-08-15T18:40:20.783Z  INFO 45134 --- [pharmacy-inventory-management] [  restartedMain] c.p.i.InventoryManagementApplication     : No active profile set, falling back to 1 default profile: "default"
2026-08-15T18:40:21.132Z  INFO 45134 --- [pharmacy-inventory-management] [  restartedMain] .s.d.r.c.RepositoryConfigurationDelegate : Bootstrapping Spring Data JPA repositories in DEFAULT mode.
2026-08-15T18:40:21.134Z  INFO 45134 --- [pharmacy-inventory-management] [  restartedMain] .s.d.r.c.RepositoryConfigurationDelegate : Finished Spring Data repository scanning in 1 ms. Found 0 JPA repository interfaces.
2026-08-15T18:40:21.172Z  WARN 45134 --- [pharmacy-inventory-management] [  restartedMain] ConfigServletWebServerApplicationContext : Exception encountered during context initialization - cancelling refresh attempt: java.lang.NullPointerException: Cannot read field "generatedClass" because "data" is null
2026-08-15T18:40:21.191Z  INFO 45134 --- [pharmacy-inventory-management] [  restartedMain] .s.b.a.l.ConditionEvaluationReportLogger :

Error starting ApplicationContext. To display the condition evaluation report re-run your application with 'debug' enabled.
2026-08-15T18:40:21.197Z ERROR 45134 --- [pharmacy-inventory-management] [  restartedMain] o.s.boot.SpringApplication               : Application run failed

java.lang.NullPointerException: Cannot read field "generatedClass" because "data" is null
	at org.springframework.cglib.proxy.Enhancer.nextInstance(Enhancer.java:783) ~[spring-core-6.1.1.jar:6.1.1]
	at org.springframework.cglib.core.AbstractClassGenerator.create(AbstractClassGenerator.java:321) ~[spring-core-6.1.1.jar:6.1.1]
	at org.springframework.cglib.proxy.Enhancer.createHelper(Enhancer.java:562) ~[spring-core-6.1.1.jar:6.1.1]
	at org.springframework.cglib.proxy.Enhancer.createClass(Enhancer.java:407) ~[spring-core-6.1.1.jar:6.1.1]
	at org.springframework.context.annotation.ConfigurationClassEnhancer.createClass(ConfigurationClassEnhancer.java:138) ~[spring-context-6.1.1.jar:6.1.1]
	at org.springframework.context.annotation.ConfigurationClassEnhancer.enhance(ConfigurationClassEnhancer.java:109) ~[spring-context-6.1.1.jar:6.1.1]
	at org.springframework.context.annotation.ConfigurationClassPostProcessor.enhanceConfigurationClasses(ConfigurationClassPostProcessor.java:533) ~[spring-context-6.1.1.jar:6.1.1]
	at org.springframework.context.annotation.ConfigurationClassPostProcessor.postProcessBeanFactory(ConfigurationClassPostProcessor.java:310) ~[spring-context-6.1.1.jar:6.1.1]
	at org.springframework.context.support.PostProcessorRegistrationDelegate.invokeBeanFactoryPostProcessors(PostProcessorRegistrationDelegate.java:363) ~[spring-context-6.1.1.jar:6.1.1]
	at org.springframework.context.support.PostProcessorRegistrationDelegate.invokeBeanFactoryPostProcessors(PostProcessorRegistrationDelegate.java:153) ~[spring-context-6.1.1.jar:6.1.1]
	at org.springframework.context.support.AbstractApplicationContext.invokeBeanFactoryPostProcessors(AbstractApplicationContext.java:775) ~[spring-context-6.1.1.jar:6.1.1]
	at org.springframework.context.support.AbstractApplicationContext.refresh(AbstractApplicationContext.java:597) ~[spring-context-6.1.1.jar:6.1.1]
	at org.springframework.boot.web.servlet.context.ServletWebServerApplicationContext.refresh(ServletWebServerApplicationContext.java:146) ~[spring-boot-3.2.0.jar:3.2.0]
	at org.springframework.boot.SpringApplication.refresh(SpringApplication.java:753) ~[spring-boot-3.2.0.jar:3.2.0]
	at org.springframework.boot.SpringApplication.refreshContext(SpringApplication.java:455) ~[spring-boot-3.2.0.jar:3.2.0]
	at org.springframework.boot.SpringApplication.run(SpringApplication.java:323) ~[spring-boot-3.2.0.jar:3.2.0]
	at org.springframework.boot.SpringApplication.run(SpringApplication.java:1342) ~[spring-boot-3.2.0.jar:3.2.0]
	at org.springframework.boot.SpringApplication.run(SpringApplication.java:1331) ~[spring-boot-3.2.0.jar:3.2.0]
	at com.pharmacy.inventory.InventoryManagementApplication.main(InventoryManagementApplication.java:10) ~[classes/:na]
	at java.base/jdk.internal.reflect.DirectMethodHandleAccessor.invoke(DirectMethodHandleAccessor.java:103) ~[na:na]
	at java.base/java.lang.reflect.Method.invoke(Method.java:580) ~[na:na]
	at org.springframework.boot.devtools.restart.RestartLauncher.run(RestartLauncher.java:50) ~[spring-boot-devtools-3.2.0.jar:3.2.0]


  .   ____          _            __ _ _
 /\\ / ___'_ __ _ _(_)_ __  __ _ \ \ \ \
( ( )\___ | '_ | '_| | '_ \/ _` | \ \ \ \
 \\/  ___)| |_)| | | | | || (_| |  ) ) ) )
  '  |____| .__|_| |_|_| |_\__, | / / / /
 =========|_|==============|___/=/_/_/_/
 :: Spring Boot ::                (v3.2.0)

2026-08-15T18:40:23.458Z  INFO 45134 --- [pharmacy-inventory-management] [  restartedMain] c.p.i.InventoryManagementApplication     : Starting InventoryManagementApplication using Java 21.0.10 with PID 45134 (/app/target/classes started by jules in /app)
2026-08-15T18:40:23.458Z DEBUG 45134 --- [pharmacy-inventory-management] [  restartedMain] c.p.i.InventoryManagementApplication     : Running with Spring Boot v3.2.0, Spring v6.1.1
2026-08-15T18:40:23.458Z  INFO 45134 --- [pharmacy-inventory-management] [  restartedMain] c.p.i.InventoryManagementApplication     : No active profile set, falling back to 1 default profile: "default"
2026-08-15T18:40:23.649Z  INFO 45134 --- [pharmacy-inventory-management] [  restartedMain] .s.d.r.c.RepositoryConfigurationDelegate : Bootstrapping Spring Data JPA repositories in DEFAULT mode.
2026-08-15T18:40:23.677Z  INFO 45134 --- [pharmacy-inventory-management] [  restartedMain] .s.d.r.c.RepositoryConfigurationDelegate : Finished Spring Data repository scanning in 28 ms. Found 6 JPA repository interfaces.
2026-08-15T18:40:23.849Z  INFO 45134 --- [pharmacy-inventory-management] [  restartedMain] o.s.b.w.embedded.tomcat.TomcatWebServer  : Tomcat initialized with port 8088 (http)
2026-08-15T18:40:23.851Z  INFO 45134 --- [pharmacy-inventory-management] [  restartedMain] o.apache.catalina.core.StandardService   : Starting service [Tomcat]
2026-08-15T18:40:23.851Z  INFO 45134 --- [pharmacy-inventory-management] [  restartedMain] o.apache.catalina.core.StandardEngine    : Starting Servlet engine: [Apache Tomcat/10.1.16]
2026-08-15T18:40:23.871Z  INFO 45134 --- [pharmacy-inventory-management] [  restartedMain] o.a.c.c.C.[Tomcat-13].[localhost].[/]    : Initializing Spring embedded WebApplicationContext
2026-08-15T18:40:23.871Z  INFO 45134 --- [pharmacy-inventory-management] [  restartedMain] w.s.c.ServletWebServerApplicationContext : Root WebApplicationContext: initialization completed in 411 ms
2026-08-15T18:40:23.910Z  INFO 45134 --- [pharmacy-inventory-management] [  restartedMain] com.zaxxer.hikari.HikariDataSource       : HikariPool-18 - Starting...
2026-08-15T18:40:23.930Z  INFO 45134 --- [pharmacy-inventory-management] [  restartedMain] com.zaxxer.hikari.pool.HikariPool        : HikariPool-18 - Added connection conn166: url=jdbc:h2:mem:pharmacydb user=SA
2026-08-15T18:40:23.931Z  INFO 45134 --- [pharmacy-inventory-management] [  restartedMain] com.zaxxer.hikari.HikariDataSource       : HikariPool-18 - Start completed.
2026-08-15T18:40:23.931Z  INFO 45134 --- [pharmacy-inventory-management] [  restartedMain] o.s.b.a.h2.H2ConsoleAutoConfiguration    : H2 console available at '/h2-console'. Database available at 'jdbc:h2:mem:pharmacydb'
2026-08-15T18:40:23.982Z  INFO 45134 --- [pharmacy-inventory-management] [  restartedMain] o.hibernate.jpa.internal.util.LogHelper  : HHH000204: Processing PersistenceUnitInfo [name: default]
2026-08-15T18:40:23.987Z  INFO 45134 --- [pharmacy-inventory-management] [  restartedMain] o.h.c.internal.RegionFactoryInitiator    : HHH000026: Second-level cache disabled
2026-08-15T18:40:23.993Z  INFO 45134 --- [pharmacy-inventory-management] [  restartedMain] o.s.o.j.p.SpringPersistenceUnitInfo      : No LoadTimeWeaver setup: ignoring JPA class transformer
2026-08-15T18:40:23.996Z  WARN 45134 --- [pharmacy-inventory-management] [  restartedMain] org.hibernate.orm.deprecation            : HHH90000025: H2Dialect does not need to be specified explicitly using 'hibernate.dialect' (remove the property setting and it will be selected by default)
2026-08-15T18:40:24.186Z  INFO 45134 --- [pharmacy-inventory-management] [  restartedMain] o.h.e.t.j.p.i.JtaPlatformInitiator       : HHH000489: No JTA platform available (set 'hibernate.transaction.jta.platform' to enable JTA platform integration)
Hibernate:
    drop table if exists categories cascade
Hibernate:
    drop table if exists medications cascade
Hibernate:
    drop table if exists sales cascade
Hibernate:
    drop table if exists suppliers cascade
Hibernate:
    drop table if exists users cascade
Hibernate:
    create table categories (
        created_at timestamp(6),
        id bigint generated by default as identity,
        updated_at timestamp(6),
        description varchar(500),
        name varchar(255) not null unique,
        primary key (id)
    )
Hibernate:
    create table medications (
        expiration_date date,
        is_deleted boolean,
        low_stock_threshold integer,
        price numeric(10,2) not null,
        quantity integer not null,
        category_id bigint,
        created_at timestamp(6),
        id bigint generated by default as identity,
        supplier_id bigint,
        updated_at timestamp(6),
        description varchar(1000),
        batch_number varchar(255),
        manufacturer varchar(255),
        name varchar(255) not null,
        type varchar(255),
        primary key (id)
    )
Hibernate:
    create table sales (
        cost_price numeric(10,2),
        quantity integer not null,
        sale_date date not null,
        total_price numeric(10,2) not null,
        unit_price numeric(10,2) not null,
        created_at timestamp(6),
        id bigint generated by default as identity,
        medication_id bigint not null,
        primary key (id)
    )
Hibernate:
    create table suppliers (
        active boolean default true not null,
        created_at timestamp(6),
        id bigint generated by default as identity,
        updated_at timestamp(6),
        address varchar(500),
        contact_person varchar(255),
        email varchar(255) not null unique,
        name varchar(255) not null,
        phone varchar(255) not null,
        primary key (id)
    )
Hibernate:
    create table users (
        created_at timestamp(6),
        id bigint generated by default as identity,
        email varchar(255) not null unique,
        full_name varchar(255) not null,
        password varchar(255) not null,
        role varchar(255) not null,
        primary key (id)
    )
Hibernate:
    alter table if exists medications
       add constraint FKmf1t7pw4h0df5jr8gld0uf05k
       foreign key (category_id)
       references categories
Hibernate:
    alter table if exists medications
       add constraint FK94rldjohkfmifdk13m2i03g70
       foreign key (supplier_id)
       references suppliers
Hibernate:
    alter table if exists sales
       add constraint FKaawj0sejy9oq9li56m5hum7tp
       foreign key (medication_id)
       references medications
2026-08-15T18:40:24.205Z  INFO 45134 --- [pharmacy-inventory-management] [  restartedMain] j.LocalContainerEntityManagerFactoryBean : Initialized JPA EntityManagerFactory for persistence unit 'default'
2026-08-15T18:40:24.217Z  WARN 45134 --- [pharmacy-inventory-management] [  restartedMain] ConfigServletWebServerApplicationContext : Exception encountered during context initialization - cancelling refresh attempt: org.springframework.beans.factory.UnsatisfiedDependencyException: Error creating bean with name 'authController': Unsatisfied dependency expressed through field 'authService': Error creating bean with name 'authServiceImpl': Lookup method resolution failed
2026-08-15T18:40:24.217Z  INFO 45134 --- [pharmacy-inventory-management] [  restartedMain] j.LocalContainerEntityManagerFactoryBean : Closing JPA EntityManagerFactory for persistence unit 'default'
Hibernate:
    drop table if exists categories cascade
Hibernate:
    drop table if exists medications cascade
Hibernate:
    drop table if exists sales cascade
Hibernate:
    drop table if exists suppliers cascade
Hibernate:
    drop table if exists users cascade
2026-08-15T18:40:24.222Z  WARN 45134 --- [pharmacy-inventory-management] [  restartedMain] o.s.b.f.support.DisposableBeanAdapter    : Invocation of destroy method failed on bean with name 'inMemoryDatabaseShutdownExecutor': org.h2.jdbc.JdbcSQLNonTransientConnectionException: Database is already closed (to disable automatic closing at VM shutdown, add ";DB_CLOSE_ON_EXIT=FALSE" to the db URL) [90121-224]
2026-08-15T18:40:24.222Z  INFO 45134 --- [pharmacy-inventory-management] [  restartedMain] com.zaxxer.hikari.HikariDataSource       : HikariPool-18 - Shutdown initiated...
2026-08-15T18:40:24.227Z  INFO 45134 --- [pharmacy-inventory-management] [  restartedMain] com.zaxxer.hikari.HikariDataSource       : HikariPool-18 - Shutdown completed.
2026-08-15T18:40:24.228Z  INFO 45134 --- [pharmacy-inventory-management] [  restartedMain] o.apache.catalina.core.StandardService   : Stopping service [Tomcat]
2026-08-15T18:40:24.236Z  INFO 45134 --- [pharmacy-inventory-management] [  restartedMain] .s.b.a.l.ConditionEvaluationReportLogger :

Error starting ApplicationContext. To display the condition evaluation report re-run your application with 'debug' enabled.
2026-08-15T18:40:24.239Z ERROR 45134 --- [pharmacy-inventory-management] [  restartedMain] o.s.boot.SpringApplication               : Application run failed

org.springframework.beans.factory.UnsatisfiedDependencyException: Error creating bean with name 'authController': Unsatisfied dependency expressed through field 'authService': Error creating bean with name 'authServiceImpl': Lookup method resolution failed
	at org.springframework.beans.factory.annotation.AutowiredAnnotationBeanPostProcessor$AutowiredFieldElement.resolveFieldValue(AutowiredAnnotationBeanPostProcessor.java:772) ~[spring-beans-6.1.1.jar:6.1.1]
	at org.springframework.beans.factory.annotation.AutowiredAnnotationBeanPostProcessor$AutowiredFieldElement.inject(AutowiredAnnotationBeanPostProcessor.java:752) ~[spring-beans-6.1.1.jar:6.1.1]
	at org.springframework.beans.factory.annotation.InjectionMetadata.inject(InjectionMetadata.java:145) ~[spring-beans-6.1.1.jar:6.1.1]
	at org.springframework.beans.factory.annotation.AutowiredAnnotationBeanPostProcessor.postProcessProperties(AutowiredAnnotationBeanPostProcessor.java:493) ~[spring-beans-6.1.1.jar:6.1.1]
	at org.springframework.beans.factory.support.AbstractAutowireCapableBeanFactory.populateBean(AbstractAutowireCapableBeanFactory.java:1420) ~[spring-beans-6.1.1.jar:6.1.1]
	at org.springframework.beans.factory.support.AbstractAutowireCapableBeanFactory.doCreateBean(AbstractAutowireCapableBeanFactory.java:600) ~[spring-beans-6.1.1.jar:6.1.1]
	at org.springframework.beans.factory.support.AbstractAutowireCapableBeanFactory.createBean(AbstractAutowireCapableBeanFactory.java:523) ~[spring-beans-6.1.1.jar:6.1.1]
	at org.springframework.beans.factory.support.AbstractBeanFactory.lambda$doGetBean$0(AbstractBeanFactory.java:325) ~[spring-beans-6.1.1.jar:6.1.1]
	at org.springframework.beans.factory.support.DefaultSingletonBeanRegistry.getSingleton(DefaultSingletonBeanRegistry.java:234) ~[spring-beans-6.1.1.jar:6.1.1]
	at org.springframework.beans.factory.support.AbstractBeanFactory.doGetBean(AbstractBeanFactory.java:323) ~[spring-beans-6.1.1.jar:6.1.1]
	at org.springframework.beans.factory.support.AbstractBeanFactory.getBean(AbstractBeanFactory.java:199) ~[spring-beans-6.1.1.jar:6.1.1]
	at org.springframework.beans.factory.support.DefaultListableBeanFactory.preInstantiateSingletons(DefaultListableBeanFactory.java:973) ~[spring-beans-6.1.1.jar:6.1.1]
	at org.springframework.context.support.AbstractApplicationContext.finishBeanFactoryInitialization(AbstractApplicationContext.java:946) ~[spring-context-6.1.1.jar:6.1.1]
	at org.springframework.context.support.AbstractApplicationContext.refresh(AbstractApplicationContext.java:616) ~[spring-context-6.1.1.jar:6.1.1]
	at org.springframework.boot.web.servlet.context.ServletWebServerApplicationContext.refresh(ServletWebServerApplicationContext.java:146) ~[spring-boot-3.2.0.jar:3.2.0]
	at org.springframework.boot.SpringApplication.refresh(SpringApplication.java:753) ~[spring-boot-3.2.0.jar:3.2.0]
	at org.springframework.boot.SpringApplication.refreshContext(SpringApplication.java:455) ~[spring-boot-3.2.0.jar:3.2.0]
	at org.springframework.boot.SpringApplication.run(SpringApplication.java:323) ~[spring-boot-3.2.0.jar:3.2.0]
	at org.springframework.boot.SpringApplication.run(SpringApplication.java:1342) ~[spring-boot-3.2.0.jar:3.2.0]
	at org.springframework.boot.SpringApplication.run(SpringApplication.java:1331) ~[spring-boot-3.2.0.jar:3.2.0]
	at com.pharmacy.inventory.InventoryManagementApplication.main(InventoryManagementApplication.java:10) ~[classes/:na]
	at java.base/jdk.internal.reflect.DirectMethodHandleAccessor.invoke(DirectMethodHandleAccessor.java:103) ~[na:na]
	at java.base/java.lang.reflect.Method.invoke(Method.java:580) ~[na:na]
	at org.springframework.boot.devtools.restart.RestartLauncher.run(RestartLauncher.java:50) ~[spring-boot-devtools-3.2.0.jar:3.2.0]
Caused by: org.springframework.beans.factory.BeanCreationException: Error creating bean with name 'authServiceImpl': Lookup method resolution failed
	at org.springframework.beans.factory.annotation.AutowiredAnnotationBeanPostProcessor.checkLookupMethods(AutowiredAnnotationBeanPostProcessor.java:482) ~[spring-beans-6.1.1.jar:6.1.1]
	at org.springframework.beans.factory.annotation.AutowiredAnnotationBeanPostProcessor.determineCandidateConstructors(AutowiredAnnotationBeanPostProcessor.java:352) ~[spring-beans-6.1.1.jar:6.1.1]
	at org.springframework.beans.factory.support.AbstractAutowireCapableBeanFactory.determineConstructorsFromBeanPostProcessors(AbstractAutowireCapableBeanFactory.java:1295) ~[spring-beans-6.1.1.jar:6.1.1]
	at org.springframework.beans.factory.support.AbstractAutowireCapableBeanFactory.createBeanInstance(AbstractAutowireCapableBeanFactory.java:1190) ~[spring-beans-6.1.1.jar:6.1.1]
	at org.springframework.beans.factory.support.AbstractAutowireCapableBeanFactory.doCreateBean(AbstractAutowireCapableBeanFactory.java:563) ~[spring-beans-6.1.1.jar:6.1.1]
	at org.springframework.beans.factory.support.AbstractAutowireCapableBeanFactory.createBean(AbstractAutowireCapableBeanFactory.java:523) ~[spring-beans-6.1.1.jar:6.1.1]
	at org.springframework.beans.factory.support.AbstractBeanFactory.lambda$doGetBean$0(AbstractBeanFactory.java:325) ~[spring-beans-6.1.1.jar:6.1.1]
	at org.springframework.beans.factory.support.DefaultSingletonBeanRegistry.getSingleton(DefaultSingletonBeanRegistry.java:234) ~[spring-beans-6.1.1.jar:6.1.1]
	at org.springframework.beans.factory.support.AbstractBeanFactory.doGetBean(AbstractBeanFactory.java:323) ~[spring-beans-6.1.1.jar:6.1.1]
	at org.springframework.beans.factory.support.AbstractBeanFactory.getBean(AbstractBeanFactory.java:199) ~[spring-beans-6.1.1.jar:6.1.1]
	at org.springframework.beans.factory.config.DependencyDescriptor.resolveCandidate(DependencyDescriptor.java:254) ~[spring-beans-6.1.1.jar:6.1.1]
	at org.springframework.beans.factory.support.DefaultListableBeanFactory.doResolveDependency(DefaultListableBeanFactory.java:1441) ~[spring-beans-6.1.1.jar:6.1.1]
	at org.springframework.beans.factory.support.DefaultListableBeanFactory.resolveDependency(DefaultListableBeanFactory.java:1348) ~[spring-beans-6.1.1.jar:6.1.1]
	at org.springframework.beans.factory.annotation.AutowiredAnnotationBeanPostProcessor$AutowiredFieldElement.resolveFieldValue(AutowiredAnnotationBeanPostProcessor.java:769) ~[spring-beans-6.1.1.jar:6.1.1]
	... 23 common frames omitted
Caused by: java.lang.IllegalStateException: Failed to introspect Class [com.pharmacy.inventory.service.impl.AuthServiceImpl] from ClassLoader [org.springframework.boot.devtools.restart.classloader.RestartClassLoader@403f57e1]
	at org.springframework.util.ReflectionUtils.getDeclaredMethods(ReflectionUtils.java:483) ~[spring-core-6.1.1.jar:6.1.1]
	at org.springframework.util.ReflectionUtils.doWithLocalMethods(ReflectionUtils.java:320) ~[spring-core-6.1.1.jar:6.1.1]
	at org.springframework.beans.factory.annotation.AutowiredAnnotationBeanPostProcessor.checkLookupMethods(AutowiredAnnotationBeanPostProcessor.java:460) ~[spring-beans-6.1.1.jar:6.1.1]
	... 36 common frames omitted
Caused by: java.lang.NoClassDefFoundError: org/springframework/security/crypto/password/PasswordEncoder
	at java.base/java.lang.Class.getDeclaredMethods0(Native Method) ~[na:na]
	at java.base/java.lang.Class.privateGetDeclaredMethods(Class.java:3580) ~[na:na]
	at java.base/java.lang.Class.getDeclaredMethods(Class.java:2678) ~[na:na]
	at org.springframework.util.ReflectionUtils.getDeclaredMethods(ReflectionUtils.java:465) ~[spring-core-6.1.1.jar:6.1.1]
	... 38 common frames omitted
Caused by: java.lang.ClassNotFoundException: org.springframework.security.crypto.password.PasswordEncoder
	at java.base/jdk.internal.loader.BuiltinClassLoader.loadClass(BuiltinClassLoader.java:641) ~[na:na]
	at java.base/jdk.internal.loader.ClassLoaders$AppClassLoader.loadClass(ClassLoaders.java:188) ~[na:na]
	at java.base/java.lang.ClassLoader.loadClass(ClassLoader.java:526) ~[na:na]
	at java.base/java.lang.Class.forName0(Native Method) ~[na:na]
	at java.base/java.lang.Class.forName(Class.java:536) ~[na:na]
	at java.base/java.lang.Class.forName(Class.java:515) ~[na:na]
	at org.springframework.boot.devtools.restart.classloader.RestartClassLoader.loadClass(RestartClassLoader.java:121) ~[spring-boot-devtools-3.2.0.jar:3.2.0]
	at java.base/java.lang.ClassLoader.loadClass(ClassLoader.java:526) ~[na:na]
	... 42 common frames omitted
